DateTime,Lat,Lon,Depth,Sensor
2008-08-23 00:00:00,47.505,-122.215,0.0,U
2008-08-23 00:30:00,47.50502083333333,-122.21501388888889,0.0,U
2008-08-23 01:00:00,47.50504166666667,-122.21502777777778,0.0,U
2008-08-23 01:30:00,47.5050625,-122.21504166666666,0.0,U
2008-08-23 02:00:00,47.50508333333334,-122.21505555555557,0.0,U
2008-08-23 02:30:00,47.50510416666667,-122.21506944444445,0.0,U
2008-08-23 03:00:00,47.505125,-122.21508333333334,0.0,U
2008-08-23 03:30:00,47.50514583333334,-122.21509722222223,0.0,U
2008-08-23 04:00:00,47.50516666666667,-122.21511111111111,0.0,U
2008-08-23 04:30:00,47.505187500000005,-122.215125,0.0,U
2008-08-23 05:00:00,47.505208333333336,-122.21513888888889,0.0,U
2008-08-23 05:30:00,47.505229166666666,-122.21515277777777,0.0,U
2008-08-23 06:00:00,47.505250000000004,-122.21516666666668,0.0,U
2008-08-23 06:30:00,47.505270833333334,-122.21518055555556,0.0,U
2008-08-23 07:00:00,47.50529166666667,-122.21519444444445,0.0,U
2008-08-23 07:30:00,47.5053125,-122.21520833333334,0.0,U
2008-08-23 08:00:00,47.50533333333333,-122.21522222222222,0.0,U
2008-08-23 08:30:00,47.50535416666667,-122.21523611111111,0.0,U
2008-08-23 09:00:00,47.505375,-122.21525,0.0,U
2008-08-23 09:30:00,47.50539583333334,-122.2152638888889,0.0,U
2008-08-23 10:00:00,47.50541666666667,-122.21527777777779,0.0,U
2008-08-23 10:30:00,47.5054375,-122.21529166666667,0.0,U
2008-08-23 11:00:00,47.50545833333334,-122.21530555555556,0.0,U
2008-08-23 11:30:00,47.50547916666667,-122.21531944444445,0.0,U
2008-08-23 12:00:00,47.505500000000005,-122.21533333333333,0.0,U
2008-08-23 12:30:00,47.505520833333335,-122.21534722222222,0.0,U
2008-08-23 13:00:00,47.505541666666666,-122.21536111111111,0.0,U
2008-08-23 13:30:00,47.5055625,-122.21537500000001,0.0,U
2008-08-23 14:00:00,47.505583333333334,-122.2153888888889,0.0,U
2008-08-23 14:30:00,47.50560416666667,-122.21540277777778,0.0,U
2008-08-23 15:00:00,47.505625,-122.21541666666667,0.0,U
2008-08-23 15:30:00,47.50564583333333,-122.21543055555556,0.0,U
2008-08-23 16:00:00,47.50566666666667,-122.21544444444444,0.0,U
2008-08-23 16:30:00,47.5056875,-122.21545833333333,0.0,U
2008-08-23 17:00:00,47.50570833333334,-122.21547222222223,0.0,U
2008-08-23 17:30:00,47.50572916666667,-122.21548611111112,0.0,U
2008-08-23 18:00:00,47.505750000000006,-122.2155,0.0,U
2008-08-23 18:30:00,47.50577083333334,-122.21551388888889,0.0,U
2008-08-23 19:00:00,47.50579166666667,-122.21552777777778,0.0,U
2008-08-23 19:30:00,47.505812500000005,-122.21554166666667,0.0,U
2008-08-23 20:00:00,47.505833333333335,-122.21555555555555,0.0,U
2008-08-23 20:30:00,47.50585416666667,-122.21556944444444,0.0,U
2008-08-23 21:00:00,47.505875,-122.21558333333334,0.0,U
2008-08-23 21:30:00,47.505895833333334,-122.21559722222223,0.0,U
2008-08-23 22:00:00,47.50591666666667,-122.21561111111112,0.0,U
2008-08-23 22:30:00,47.5059375,-122.215625,0.0,U
2008-08-23 23:00:00,47.50595833333334,-122.21563888888889,0.0,U
2008-08-23 23:30:00,47.50597916666667,-122.21565277777778,0.0,U
2008-08-24 00:00:00,47.506,-122.21566666666666,0.0,U
2008-08-24 00:30:00,47.50602083333334,-122.21568055555556,0.0,U
2008-08-24 01:00:00,47.50604166666667,-122.21569444444445,0.0,U
2008-08-24 01:30:00,47.506062500000006,-122.21570833333334,0.0,U
2008-08-24 02:00:00,47.506083333333336,-122.21572222222223,0.0,U
2008-08-24 02:30:00,47.50610416666667,-122.21573611111111,0.0,U
2008-08-24 03:00:00,47.506125000000004,-122.21575,0.0,U
2008-08-24 03:30:00,47.506145833333335,-122.21576388888889,0.0,U
2008-08-24 04:00:00,47.50616666666667,-122.21577777777777,0.0,U
2008-08-24 04:30:00,47.5061875,-122.21579166666668,0.0,U
2008-08-24 05:00:00,47.50620833333333,-122.21580555555556,0.0,U
2008-08-24 05:30:00,47.50622916666667,-122.21581944444445,0.0,U
2008-08-24 06:00:00,47.50625,-122.21583333333334,0.0,U
2008-08-24 06:30:00,47.50627083333334,-122.21584722222222,0.0,U
2008-08-24 07:00:00,47.50629166666667,-122.21586111111111,0.0,U
2008-08-24 07:30:00,47.5063125,-122.215875,0.0,U
2008-08-24 08:00:00,47.50633333333334,-122.2158888888889,0.0,U
2008-08-24 08:30:00,47.50635416666667,-122.21590277777779,0.0,U
2008-08-24 09:00:00,47.506375000000006,-122.21591666666667,0.0,U
2008-08-24 09:30:00,47.506395833333336,-122.21593055555556,0.0,U
2008-08-24 10:00:00,47.50641666666667,-122.21594444444445,0.0,U
2008-08-24 10:30:00,47.506437500000004,-122.21595833333333,0.0,U
2008-08-24 11:00:00,47.506458333333335,-122.21597222222222,0.0,U
2008-08-24 11:30:00,47.50647916666667,-122.2159861111111,0.0,U
2008-08-24 12:00:00,47.5065,-122.21600000000001,0.0,U
2008-08-24 12:30:00,47.50652083333333,-122.2160138888889,0.0,U
2008-08-24 13:00:00,47.50654166666667,-122.21602777777778,0.0,U
2008-08-24 13:30:00,47.5065625,-122.21604166666667,0.0,U
2008-08-24 14:00:00,47.50658333333334,-122.21605555555556,0.0,U
2008-08-24 14:30:00,47.50660416666667,-122.21606944444444,0.0,U
2008-08-24 15:00:00,47.506625,-122.21608333333333,0.0,U
2008-08-24 15:30:00,47.50664583333334,-122.21609722222223,0.0,U
2008-08-24 16:00:00,47.50666666666667,-122.21611111111112,0.0,U
2008-08-24 16:30:00,47.506687500000005,-122.216125,0.0,U
2008-08-24 17:00:00,47.506708333333336,-122.21613888888889,0.0,U
2008-08-24 17:30:00,47.506729166666666,-122.21615277777778,0.0,U
2008-08-24 18:00:00,47.506750000000004,-122.21616666666667,0.0,U
2008-08-24 18:30:00,47.506770833333334,-122.21618055555555,0.0,U
2008-08-24 19:00:00,47.50679166666667,-122.21619444444444,0.0,U
2008-08-24 19:30:00,47.5068125,-122.21620833333334,0.0,U
2008-08-24 20:00:00,47.50683333333333,-122.21622222222223,0.0,U
2008-08-24 20:30:00,47.50685416666667,-122.21623611111112,0.0,U
2008-08-24 21:00:00,47.506875,-122.21625,0.0,U
2008-08-24 21:30:00,47.50689583333334,-122.21626388888889,0.0,U
2008-08-24 22:00:00,47.50691666666667,-122.21627777777778,0.0,U
2008-08-24 22:30:00,47.5069375,-122.21629166666666,0.0,U
2008-08-24 23:00:00,47.50695833333334,-122.21630555555556,0.0,U
2008-08-24 23:30:00,47.50697916666667,-122.21631944444445,0.0,U
2008-08-25 00:00:00,47.507000000000005,-122.21633333333334,0.0,U
2008-08-25 00:30:00,47.507020833333335,-122.21634722222223,0.0,U
2008-08-25 01:00:00,47.507041666666666,-122.21636111111111,0.0,U
2008-08-25 01:30:00,47.5070625,-122.216375,0.0,U
2008-08-25 02:00:00,47.507083333333334,-122.21638888888889,0.0,U
2008-08-25 02:30:00,47.50710416666667,-122.21640277777777,0.0,U
2008-08-25 03:00:00,47.507125,-122.21641666666667,0.0,U
2008-08-25 03:30:00,47.50714583333333,-122.21643055555556,0.0,U
2008-08-25 04:00:00,47.50716666666667,-122.21644444444445,0.0,U
2008-08-25 04:30:00,47.5071875,-122.21645833333334,0.0,U
2008-08-25 05:00:00,47.50720833333334,-122.21647222222222,0.0,U
2008-08-25 05:30:00,47.50722916666667,-122.21648611111111,0.0,U
2008-08-25 06:00:00,47.50725,-122.2165,0.0,U
2008-08-25 06:30:00,47.50727083333334,-122.2165138888889,0.0,U
2008-08-25 07:00:00,47.50729166666667,-122.21652777777778,0.0,U
2008-08-25 07:30:00,47.507312500000005,-122.21654166666667,0.0,U
2008-08-25 08:00:00,47.507333333333335,-122.21655555555556,0.0,U
2008-08-25 08:30:00,47.50735416666667,-122.21656944444445,0.0,U
2008-08-25 09:00:00,47.507375,-122.21658333333333,0.0,U
2008-08-25 09:30:00,47.507395833333334,-122.21659722222222,0.0,U
2008-08-25 10:00:00,47.50741666666667,-122.2166111111111,0.0,U
2008-08-25 10:30:00,47.5074375,-122.21662500000001,0.0,U
2008-08-25 11:00:00,47.50745833333334,-122.2166388888889,0.0,U
2008-08-25 11:30:00,47.50747916666667,-122.21665277777778,0.0,U
2008-08-25 12:00:00,47.5075,-122.21666666666667,0.0,U
2008-08-25 12:30:00,47.50752083333334,-122.21668055555556,0.0,U
2008-08-25 13:00:00,47.50754166666667,-122.21669444444444,0.0,U
2008-08-25 13:30:00,47.507562500000006,-122.21670833333333,0.0,U
2008-08-25 14:00:00,47.507583333333336,-122.21672222222223,0.0,U
2008-08-25 14:30:00,47.50760416666667,-122.21673611111112,0.0,U
2008-08-25 15:00:00,47.507625000000004,-122.21675,0.0,U
2008-08-25 15:30:00,47.507645833333335,-122.21676388888889,0.0,U
2008-08-25 16:00:00,47.50766666666667,-122.21677777777778,0.0,U
2008-08-25 16:30:00,47.5076875,-122.21679166666667,0.0,U
2008-08-25 17:00:00,47.50770833333333,-122.21680555555555,0.0,U
2008-08-25 17:30:00,47.50772916666667,-122.21681944444444,0.0,U
2008-08-25 18:00:00,47.50775,-122.21683333333334,0.0,U
2008-08-25 18:30:00,47.50777083333334,-122.21684722222223,0.0,U
2008-08-25 19:00:00,47.50779166666667,-122.21686111111111,0.0,U
2008-08-25 19:30:00,47.5078125,-122.216875,0.0,U
2008-08-25 20:00:00,47.50783333333334,-122.21688888888889,0.0,U
2008-08-25 20:30:00,47.50785416666667,-122.21690277777778,0.0,U
2008-08-25 21:00:00,47.507875000000006,-122.21691666666666,0.0,U
2008-08-25 21:30:00,47.507895833333336,-122.21693055555556,0.0,U
2008-08-25 22:00:00,47.50791666666667,-122.21694444444445,0.0,U
2008-08-25 22:30:00,47.507937500000004,-122.21695833333334,0.0,U
2008-08-25 23:00:00,47.507958333333335,-122.21697222222222,0.0,U
2008-08-25 23:30:00,47.50797916666667,-122.21698611111111,0.0,U
2008-08-26 00:00:00,47.508,-122.217,0.0,U
2008-08-26 00:30:00,47.50802083333333,-122.21701388888889,0.0,U
2008-08-26 01:00:00,47.50804166666667,-122.21702777777777,0.0,U
2008-08-26 01:30:00,47.5080625,-122.21704166666667,0.0,U
2008-08-26 02:00:00,47.50808333333334,-122.21705555555556,0.0,U
2008-08-26 02:30:00,47.50810416666667,-122.21706944444445,0.0,U
2008-08-26 03:00:00,47.508125,-122.21708333333333,0.0,U
2008-08-26 03:30:00,47.50814583333334,-122.21709722222222,0.0,U
2008-08-26 04:00:00,47.50816666666667,-122.21711111111111,0.0,U
2008-08-26 04:30:00,47.508187500000005,-122.217125,0.0,U
2008-08-26 05:00:00,47.508208333333336,-122.2171388888889,0.0,U
2008-08-26 05:30:00,47.508229166666666,-122.21715277777778,0.0,U
2008-08-26 06:00:00,47.508250000000004,-122.21716666666667,0.0,U
2008-08-26 06:30:00,47.508270833333334,-122.21718055555556,0.0,U
2008-08-26 07:00:00,47.50829166666667,-122.21719444444444,0.0,U
2008-08-26 07:30:00,47.5083125,-122.21720833333333,0.0,U
2008-08-26 08:00:00,47.50833333333333,-122.21722222222222,0.0,U
2008-08-26 08:30:00,47.50835416666667,-122.2172361111111,0.0,U
2008-08-26 09:00:00,47.508375,-122.21725,0.0,U
2008-08-26 09:30:00,47.50839583333334,-122.2172638888889,0.0,U
2008-08-26 10:00:00,47.50841666666667,-122.21727777777778,0.0,U
2008-08-26 10:30:00,47.5084375,-122.21729166666667,0.0,U
2008-08-26 11:00:00,47.50845833333334,-122.21730555555555,0.0,U
2008-08-26 11:30:00,47.50847916666667,-122.21731944444444,0.0,U
2008-08-26 12:00:00,47.508500000000005,-122.21733333333333,0.0,U
2008-08-26 12:30:00,47.508520833333336,-122.21734722222223,0.0,U
2008-08-26 13:00:00,47.508541666666666,-122.21736111111112,0.0,U
2008-08-26 13:30:00,47.508562500000004,-122.217375,0.0,U
2008-08-26 14:00:00,47.508583333333334,-122.21738888888889,0.0,U
2008-08-26 14:30:00,47.50860416666667,-122.21740277777778,0.0,U
2008-08-26 15:00:00,47.508625,-122.21741666666667,0.0,U
2008-08-26 15:30:00,47.50864583333333,-122.21743055555555,0.0,U
2008-08-26 16:00:00,47.50866666666667,-122.21744444444444,0.0,U
2008-08-26 16:30:00,47.5086875,-122.21745833333334,0.0,U
2008-08-26 17:00:00,47.50870833333334,-122.21747222222223,0.0,U
2008-08-26 17:30:00,47.50872916666667,-122.21748611111111,0.0,U
2008-08-26 18:00:00,47.508750000000006,-122.2175,0.0,U
2008-08-26 18:30:00,47.50877083333334,-122.21751388888889,0.0,U
2008-08-26 19:00:00,47.50879166666667,-122.21752777777778,0.0,U
2008-08-26 19:30:00,47.508812500000005,-122.21754166666666,0.0,U
2008-08-26 20:00:00,47.508833333333335,-122.21755555555556,0.0,U
2008-08-26 20:30:00,47.50885416666667,-122.21756944444445,0.0,U
2008-08-26 21:00:00,47.508875,-122.21758333333334,0.0,U
2008-08-26 21:30:00,47.508895833333334,-122.21759722222222,0.0,U
2008-08-26 22:00:00,47.50891666666667,-122.21761111111111,0.0,U
2008-08-26 22:30:00,47.5089375,-122.217625,0.0,U
2008-08-26 23:00:00,47.50895833333334,-122.21763888888889,0.0,U
2008-08-26 23:30:00,47.50897916666667,-122.21765277777777,0.0,U
2008-08-27 00:00:00,47.509,-122.21766666666667,0.0,U
2008-08-27 00:30:00,47.50902083333334,-122.21768055555556,0.0,U
2008-08-27 01:00:00,47.50904166666667,-122.21769444444445,0.0,U
2008-08-27 01:30:00,47.509062500000006,-122.21770833333333,0.0,U
2008-08-27 02:00:00,47.509083333333336,-122.21772222222222,0.0,U
2008-08-27 02:30:00,47.50910416666667,-122.21773611111111,0.0,U
2008-08-27 03:00:00,47.509125000000004,-122.21775,0.0,U
2008-08-27 03:30:00,47.509145833333335,-122.2177638888889,0.0,U
2008-08-27 04:00:00,47.50916666666667,-122.21777777777778,0.0,U
2008-08-27 04:30:00,47.5091875,-122.21779166666667,0.0,U
2008-08-27 05:00:00,47.50920833333333,-122.21780555555556,0.0,U
2008-08-27 05:30:00,47.50922916666667,-122.21781944444444,0.0,U
2008-08-27 06:00:00,47.50925,-122.21783333333333,0.0,U
2008-08-27 06:30:00,47.50927083333334,-122.21784722222222,0.0,U
2008-08-27 07:00:00,47.50929166666667,-122.2178611111111,0.0,U
2008-08-27 07:30:00,47.5093125,-122.217875,0.0,U
2008-08-27 08:00:00,47.50933333333334,-122.2178888888889,0.0,U
2008-08-27 08:30:00,47.50935416666667,-122.21790277777778,0.0,U
2008-08-27 09:00:00,47.509375000000006,-122.21791666666667,0.0,U
2008-08-27 09:30:00,47.509395833333336,-122.21793055555555,0.0,U
2008-08-27 10:00:00,47.50941666666667,-122.21794444444444,0.0,U
2008-08-27 10:30:00,47.509437500000004,-122.21795833333333,0.0,U
2008-08-27 11:00:00,47.509458333333335,-122.21797222222223,0.0,U
2008-08-27 11:30:00,47.50947916666667,-122.21798611111112,0.0,U
2008-08-27 12:00:00,47.5095,-122.218,0.0,U
2008-08-27 12:30:00,47.50952083333333,-122.21801388888889,0.0,U
2008-08-27 13:00:00,47.50954166666667,-122.21802777777778,0.0,U
2008-08-27 13:30:00,47.5095625,-122.21804166666666,0.0,U
2008-08-27 14:00:00,47.50958333333334,-122.21805555555555,0.0,U
2008-08-27 14:30:00,47.50960416666667,-122.21806944444444,0.0,U
2008-08-27 15:00:00,47.509625,-122.21808333333334,0.0,U
2008-08-27 15:30:00,47.50964583333334,-122.21809722222223,0.0,U
2008-08-27 16:00:00,47.50966666666667,-122.21811111111111,0.0,U
2008-08-27 16:30:00,47.509687500000005,-122.218125,0.0,U
2008-08-27 17:00:00,47.509708333333336,-122.21813888888889,0.0,U
2008-08-27 17:30:00,47.509729166666666,-122.21815277777777,0.0,U
2008-08-27 18:00:00,47.509750000000004,-122.21816666666666,0.0,U
2008-08-27 18:30:00,47.509770833333334,-122.21818055555556,0.0,U
2008-08-27 19:00:00,47.50979166666667,-122.21819444444445,0.0,U
2008-08-27 19:30:00,47.5098125,-122.21820833333334,0.0,U
2008-08-27 20:00:00,47.50983333333333,-122.21822222222222,0.0,U
2008-08-27 20:30:00,47.50985416666667,-122.21823611111111,0.0,U
2008-08-27 21:00:00,47.509875,-122.21825,0.0,U
2008-08-27 21:30:00,47.50989583333334,-122.21826388888888,0.0,U
2008-08-27 22:00:00,47.50991666666667,-122.21827777777777,0.0,U
2008-08-27 22:30:00,47.5099375,-122.21829166666667,0.0,U
2008-08-27 23:00:00,47.50995833333334,-122.21830555555556,0.0,U
2008-08-27 23:30:00,47.50997916666667,-122.21831944444445,0.0,U
2008-08-28 00:00:00,47.510000000000005,-122.21833333333333,0.0,U
2008-08-28 00:30:00,47.510020833333336,-122.21834722222222,0.0,U
2008-08-28 01:00:00,47.510041666666666,-122.21836111111111,0.0,U
2008-08-28 01:30:00,47.510062500000004,-122.218375,0.0,U
2008-08-28 02:00:00,47.510083333333334,-122.2183888888889,0.0,U
2008-08-28 02:30:00,47.51010416666667,-122.21840277777778,0.0,U
2008-08-28 03:00:00,47.510125,-122.21841666666667,0.0,U
2008-08-28 03:30:00,47.51014583333333,-122.21843055555556,0.0,U
2008-08-28 04:00:00,47.51016666666667,-122.21844444444444,0.0,U
2008-08-28 04:30:00,47.5101875,-122.21845833333333,0.0,U
2008-08-28 05:00:00,47.51020833333334,-122.21847222222222,0.0,U
2008-08-28 05:30:00,47.51022916666667,-122.2184861111111,0.0,U
2008-08-28 06:00:00,47.51025,-122.2185,0.0,U
2008-08-28 06:30:00,47.51027083333334,-122.21851388888889,0.0,U
2008-08-28 07:00:00,47.51029166666667,-122.21852777777778,0.0,U
2008-08-28 07:30:00,47.510312500000005,-122.21854166666667,0.0,U
2008-08-28 08:00:00,47.510333333333335,-122.21855555555555,0.0,U
2008-08-28 08:30:00,47.51035416666667,-122.21856944444444,0.0,U
2008-08-28 09:00:00,47.510375,-122.21858333333333,0.0,U
2008-08-28 09:30:00,47.510395833333334,-122.21859722222223,0.0,U
2008-08-28 10:00:00,47.51041666666667,-122.21861111111112,0.0,U
2008-08-28 10:30:00,47.5104375,-122.218625,0.0,U
2008-08-28 11:00:00,47.51045833333334,-122.21863888888889,0.0,U
2008-08-28 11:30:00,47.51047916666667,-122.21865277777778,0.0,U
2008-08-28 12:00:00,47.5105,-122.21866666666666,0.0,U
2008-08-28 12:30:00,47.51052083333334,-122.21868055555555,0.0,U
2008-08-28 13:00:00,47.51054166666667,-122.21869444444444,0.0,U
2008-08-28 13:30:00,47.510562500000006,-122.21870833333334,0.0,U
2008-08-28 14:00:00,47.51058333333334,-122.21872222222223,0.0,U
2008-08-28 14:30:00,47.51060416666667,-122.21873611111111,0.0,U
2008-08-28 15:00:00,47.510625000000005,-122.21875,0.0,U
2008-08-28 15:30:00,47.510645833333335,-122.21876388888889,0.0,U
2008-08-28 16:00:00,47.51066666666667,-122.21877777777777,0.0,U
2008-08-28 16:30:00,47.5106875,-122.21879166666666,0.0,U
2008-08-28 17:00:00,47.51070833333333,-122.21880555555556,0.0,U
2008-08-28 17:30:00,47.51072916666667,-122.21881944444445,0.0,U
2008-08-28 18:00:00,47.51075,-122.21883333333334,0.0,U
2008-08-28 18:30:00,47.51077083333334,-122.21884722222222,0.0,U
2008-08-28 19:00:00,47.51079166666667,-122.21886111111111,0.0,U
2008-08-28 19:30:00,47.5108125,-122.218875,0.0,U
2008-08-28 20:00:00,47.51083333333334,-122.21888888888888,0.0,U
2008-08-28 20:30:00,47.51085416666667,-122.21890277777777,0.0,U
2008-08-28 21:00:00,47.510875000000006,-122.21891666666667,0.0,U
2008-08-28 21:30:00,47.510895833333336,-122.21893055555556,0.0,U
2008-08-28 22:00:00,47.51091666666667,-122.21894444444445,0.0,U
2008-08-28 22:30:00,47.510937500000004,-122.21895833333333,0.0,U
2008-08-28 23:00:00,47.510958333333335,-122.21897222222222,0.0,U
2008-08-28 23:30:00,47.51097916666667,-122.21898611111111,0.0,U
2008-08-29 00:00:00,47.511,-122.219,0.0,U
2008-08-29 00:30:00,47.51102083333333,-122.2190138888889,0.0,U
2008-08-29 01:00:00,47.51104166666667,-122.21902777777778,0.0,U
2008-08-29 01:30:00,47.5110625,-122.21904166666667,0.0,U
2008-08-29 02:00:00,47.51108333333334,-122.21905555555556,0.0,U
2008-08-29 02:30:00,47.51110416666667,-122.21906944444444,0.0,U
2008-08-29 03:00:00,47.511125,-122.21908333333333,0.0,U
2008-08-29 03:30:00,47.51114583333334,-122.21909722222222,0.0,U
2008-08-29 04:00:00,47.51116666666667,-122.2191111111111,0.0,U
2008-08-29 04:30:00,47.511187500000005,-122.219125,0.0,U
2008-08-29 05:00:00,47.511208333333336,-122.21913888888889,0.0,U
2008-08-29 05:30:00,47.511229166666666,-122.21915277777778,0.0,U
2008-08-29 06:00:00,47.511250000000004,-122.21916666666667,0.0,U
2008-08-29 06:30:00,47.511270833333334,-122.21918055555555,0.0,U
2008-08-29 07:00:00,47.51129166666667,-122.21919444444444,0.0,U
2008-08-29 07:30:00,47.5113125,-122.21920833333333,0.0,U
2008-08-29 08:00:00,47.51133333333333,-122.21922222222223,0.0,U
2008-08-29 08:30:00,47.51135416666667,-122.21923611111112,0.0,U
2008-08-29 09:00:00,47.511375,-122.21925,0.0,U
2008-08-29 09:30:00,47.51139583333334,-122.21926388888889,0.0,U
2008-08-29 10:00:00,47.51141666666667,-122.21927777777778,0.0,U
2008-08-29 10:30:00,47.5114375,-122.21929166666666,0.0,U
2008-08-29 11:00:00,47.51145833333334,-122.21930555555555,0.0,U
2008-08-29 11:30:00,47.51147916666667,-122.21931944444444,0.0,U
2008-08-29 12:00:00,47.511500000000005,-122.21933333333334,0.0,U
2008-08-29 12:30:00,47.511520833333336,-122.21934722222223,0.0,U
2008-08-29 13:00:00,47.511541666666666,-122.21936111111111,0.0,U
2008-08-29 13:30:00,47.511562500000004,-122.219375,0.0,U
2008-08-29 14:00:00,47.511583333333334,-122.21938888888889,0.0,U
2008-08-29 14:30:00,47.51160416666667,-122.21940277777777,0.0,U
2008-08-29 15:00:00,47.511625,-122.21941666666666,0.0,U
2008-08-29 15:30:00,47.51164583333333,-122.21943055555556,0.0,U
2008-08-29 16:00:00,47.51166666666667,-122.21944444444445,0.0,U
2008-08-29 16:30:00,47.5116875,-122.21945833333334,0.0,U
2008-08-29 17:00:00,47.51170833333334,-122.21947222222222,0.0,U
2008-08-29 17:30:00,47.51172916666667,-122.21948611111111,0.0,U
2008-08-29 18:00:00,47.511750000000006,-122.2195,0.0,U
2008-08-29 18:30:00,47.51177083333334,-122.21951388888888,0.0,U
2008-08-29 19:00:00,47.51179166666667,-122.21952777777777,0.0,U
2008-08-29 19:30:00,47.511812500000005,-122.21954166666667,0.0,U
2008-08-29 20:00:00,47.511833333333335,-122.21955555555556,0.0,U
2008-08-29 20:30:00,47.51185416666667,-122.21956944444445,0.0,U
2008-08-29 21:00:00,47.511875,-122.21958333333333,0.0,U
2008-08-29 21:30:00,47.511895833333334,-122.21959722222222,0.0,U
2008-08-29 22:00:00,47.51191666666667,-122.2196111111111,0.0,U
2008-08-29 22:30:00,47.5119375,-122.219625,0.0,U
2008-08-29 23:00:00,47.51195833333334,-122.2196388888889,0.0,U
2008-08-29 23:30:00,47.51197916666667,-122.21965277777778,0.0,U
2008-08-30 00:00:00,47.512,-122.21966666666667,0.0,U
2008-08-30 00:30:00,47.51202083333334,-122.21968055555556,0.0,U
2008-08-30 01:00:00,47.51204166666667,-122.21969444444444,0.0,U
2008-08-30 01:30:00,47.512062500000006,-122.21970833333333,0.0,U
2008-08-30 02:00:00,47.51208333333334,-122.21972222222222,0.0,U
2008-08-30 02:30:00,47.51210416666667,-122.2197361111111,0.0,U
2008-08-30 03:00:00,47.512125000000005,-122.21975,0.0,U
2008-08-30 03:30:00,47.512145833333335,-122.21976388888889,0.0,U
2008-08-30 04:00:00,47.51216666666667,-122.21977777777778,0.0,U
2008-08-30 04:30:00,47.5121875,-122.21979166666667,0.0,U
2008-08-30 05:00:00,47.512208333333334,-122.21980555555555,0.0,U
2008-08-30 05:30:00,47.51222916666667,-122.21981944444444,0.0,U
2008-08-30 06:00:00,47.51225,-122.21983333333333,0.0,U
2008-08-30 06:30:00,47.51227083333334,-122.21984722222223,0.0,U
2008-08-30 07:00:00,47.51229166666667,-122.21986111111111,0.0,U
2008-08-30 07:30:00,47.5123125,-122.219875,0.0,U
2008-08-30 08:00:00,47.51233333333334,-122.21988888888889,0.0,U
2008-08-30 08:30:00,47.51235416666667,-122.21990277777778,0.0,U
2008-08-30 09:00:00,47.512375000000006,-122.21991666666666,0.0,U
2008-08-30 09:30:00,47.512395833333336,-122.21993055555555,0.0,U
2008-08-30 10:00:00,47.51241666666667,-122.21994444444444,0.0,U
2008-08-30 10:30:00,47.512437500000004,-122.21995833333334,0.0,U
2008-08-30 11:00:00,47.512458333333335,-122.21997222222222,0.0,U
2008-08-30 11:30:00,47.51247916666667,-122.21998611111111,0.0,U
2008-08-30 12:00:00,47.5125,-122.22,0.0,U
2008-08-30 12:30:00,47.51252083333333,-122.22001388888889,0.0,U
2008-08-30 13:00:00,47.51254166666667,-122.22002777777777,0.0,U
2008-08-30 13:30:00,47.5125625,-122.22004166666666,0.0,U
2008-08-30 14:00:00,47.51258333333334,-122.22005555555556,0.0,U
2008-08-30 14:30:00,47.51260416666667,-122.22006944444445,0.0,U
2008-08-30 15:00:00,47.512625,-122.22008333333333,0.0,U
2008-08-30 15:30:00,47.51264583333334,-122.22009722222222,0.0,U
2008-08-30 16:00:00,47.51266666666667,-122.22011111111111,0.0,U
2008-08-30 16:30:00,47.512687500000006,-122.220125,0.0,U
2008-08-30 17:00:00,47.512708333333336,-122.22013888888888,0.0,U
2008-08-30 17:30:00,47.51272916666667,-122.22015277777777,0.0,U
2008-08-30 18:00:00,47.512750000000004,-122.22016666666667,0.0,U
2008-08-30 18:30:00,47.512770833333335,-122.22018055555556,0.0,U
2008-08-30 19:00:00,47.51279166666667,-122.22019444444445,0.0,U
2008-08-30 19:30:00,47.5128125,-122.22020833333333,0.0,U
2008-08-30 20:00:00,47.51283333333333,-122.22022222222222,0.0,U
2008-08-30 20:30:00,47.51285416666667,-122.2202361111111,0.0,U
2008-08-30 21:00:00,47.512875,-122.22025,0.0,U
2008-08-30 21:30:00,47.51289583333334,-122.2202638888889,0.0,U
2008-08-30 22:00:00,47.51291666666667,-122.22027777777778,0.0,U
2008-08-30 22:30:00,47.5129375,-122.22029166666667,0.0,U
2008-08-30 23:00:00,47.51295833333334,-122.22030555555556,0.0,U
2008-08-30 23:30:00,47.51297916666667,-122.22031944444444,0.0,U
2008-08-31 00:00:00,47.513000000000005,-122.22033333333333,0.0,U
2008-08-31 00:30:00,47.513020833333336,-122.22034722222222,0.0,U
2008-08-31 01:00:00,47.513041666666666,-122.2203611111111,0.0,U
2008-08-31 01:30:00,47.513062500000004,-122.220375,0.0,U
2008-08-31 02:00:00,47.513083333333334,-122.22038888888889,0.0,U
2008-08-31 02:30:00,47.51310416666667,-122.22040277777778,0.0,U
2008-08-31 03:00:00,47.513125,-122.22041666666667,0.0,U
2008-08-31 03:30:00,47.51314583333333,-122.22043055555555,0.0,U
2008-08-31 04:00:00,47.51316666666667,-122.22044444444444,0.0,U
2008-08-31 04:30:00,47.5131875,-122.22045833333333,0.0,U
2008-08-31 05:00:00,47.51320833333334,-122.22047222222223,0.0,U
2008-08-31 05:30:00,47.51322916666667,-122.22048611111111,0.0,U
2008-08-31 06:00:00,47.51325,-122.2205,0.0,U
2008-08-31 06:30:00,47.51327083333334,-122.22051388888889,0.0,U
2008-08-31 07:00:00,47.51329166666667,-122.22052777777778,0.0,U
2008-08-31 07:30:00,47.513312500000005,-122.22054166666666,0.0,U
2008-08-31 08:00:00,47.513333333333335,-122.22055555555555,0.0,U
2008-08-31 08:30:00,47.51335416666667,-122.22056944444444,0.0,U
2008-08-31 09:00:00,47.513375,-122.22058333333334,0.0,U
2008-08-31 09:30:00,47.513395833333334,-122.22059722222222,0.0,U
2008-08-31 10:00:00,47.51341666666667,-122.22061111111111,0.0,U
2008-08-31 10:30:00,47.5134375,-122.220625,0.0,U
2008-08-31 11:00:00,47.51345833333334,-122.22063888888889,0.0,U
2008-08-31 11:30:00,47.51347916666667,-122.22065277777777,0.0,U
2008-08-31 12:00:00,47.5135,-122.22066666666666,0.0,U
2008-08-31 12:30:00,47.51352083333334,-122.22068055555556,0.0,U
2008-08-31 13:00:00,47.51354166666667,-122.22069444444445,0.0,U
2008-08-31 13:30:00,47.513562500000006,-122.22070833333333,0.0,U
2008-08-31 14:00:00,47.51358333333334,-122.22072222222222,0.0,U
2008-08-31 14:30:00,47.51360416666667,-122.22073611111111,0.0,U
2008-08-31 15:00:00,47.513625000000005,-122.22075,0.0,U
2008-08-31 15:30:00,47.513645833333335,-122.22076388888888,0.0,U
2008-08-31 16:00:00,47.51366666666667,-122.22077777777777,0.0,U
2008-08-31 16:30:00,47.5136875,-122.22079166666667,0.0,U
2008-08-31 17:00:00,47.513708333333334,-122.22080555555556,0.0,U
2008-08-31 17:30:00,47.51372916666667,-122.22081944444444,0.0,U
2008-08-31 18:00:00,47.51375,-122.22083333333333,0.0,U
2008-08-31 18:30:00,47.51377083333334,-122.22084722222222,0.0,U
2008-08-31 19:00:00,47.51379166666667,-122.2208611111111,0.0,U
2008-08-31 19:30:00,47.5138125,-122.22087499999999,0.0,U
2008-08-31 20:00:00,47.51383333333334,-122.2208888888889,0.0,U
2008-08-31 20:30:00,47.51385416666667,-122.22090277777778,0.0,U
2008-08-31 21:00:00,47.513875000000006,-122.22091666666667,0.0,U
2008-08-31 21:30:00,47.513895833333336,-122.22093055555555,0.0,U
2008-08-31 22:00:00,47.51391666666667,-122.22094444444444,0.0,U
2008-08-31 22:30:00,47.513937500000004,-122.22095833333333,0.0,U
2008-08-31 23:00:00,47.513958333333335,-122.22097222222222,0.0,U
2008-08-31 23:30:00,47.51397916666667,-122.2209861111111,0.0,U
2008-09-01 00:00:00,47.514,-122.221,0.0,U
2008-09-01 00:30:00,47.51402083333333,-122.22101388888889,0.0,U
2008-09-01 01:00:00,47.51404166666667,-122.22102777777778,0.0,U
2008-09-01 01:30:00,47.5140625,-122.22104166666666,0.0,U
2008-09-01 02:00:00,47.51408333333334,-122.22105555555555,0.0,U
2008-09-01 02:30:00,47.51410416666667,-122.22106944444444,0.0,U
2008-09-01 03:00:00,47.514125,-122.22108333333333,0.0,U
2008-09-01 03:30:00,47.51414583333334,-122.22109722222223,0.0,U
2008-09-01 04:00:00,47.51416666666667,-122.22111111111111,0.0,U
2008-09-01 04:30:00,47.514187500000006,-122.221125,0.0,U
2008-09-01 05:00:00,47.514208333333336,-122.22113888888889,0.0,U
2008-09-01 05:30:00,47.51422916666667,-122.22115277777777,0.0,U
2008-09-01 06:00:00,47.514250000000004,-122.22116666666666,0.0,U
2008-09-01 06:30:00,47.514270833333335,-122.22118055555555,0.0,U
2008-09-01 07:00:00,47.51429166666667,-122.22119444444444,0.0,U
2008-09-01 07:30:00,47.5143125,-122.22120833333334,0.0,U
2008-09-01 08:00:00,47.51433333333333,-122.22122222222222,0.0,U
2008-09-01 08:30:00,47.51435416666667,-122.22123611111111,0.0,U
2008-09-01 09:00:00,47.514375,-122.22125,0.0,U
2008-09-01 09:30:00,47.51439583333334,-122.22126388888888,0.0,U
2008-09-01 10:00:00,47.51441666666667,-122.22127777777777,0.0,U
2008-09-01 10:30:00,47.5144375,-122.22129166666666,0.0,U
2008-09-01 11:00:00,47.51445833333334,-122.22130555555556,0.0,U
2008-09-01 11:30:00,47.51447916666667,-122.22131944444445,0.0,U
2008-09-01 12:00:00,47.514500000000005,-122.22133333333333,0.0,U
2008-09-01 12:30:00,47.514520833333336,-122.22134722222222,0.0,U
2008-09-01 13:00:00,47.514541666666666,-122.22136111111111,0.0,U
2008-09-01 13:30:00,47.514562500000004,-122.221375,0.0,U
2008-09-01 14:00:00,47.514583333333334,-122.22138888888888,0.0,U
2008-09-01 14:30:00,47.51460416666667,-122.22140277777777,0.0,U
2008-09-01 15:00:00,47.514625,-122.22141666666667,0.0,U
2008-09-01 15:30:00,47.51464583333333,-122.22143055555556,0.0,U
2008-09-01 16:00:00,47.51466666666667,-122.22144444444444,0.0,U
2008-09-01 16:30:00,47.5146875,-122.22145833333333,0.0,U
2008-09-01 17:00:00,47.51470833333334,-122.22147222222222,0.0,U
2008-09-01 17:30:00,47.51472916666667,-122.2214861111111,0.0,U
2008-09-01 18:00:00,47.51475000000001,-122.22149999999999,0.0,U
2008-09-01 18:30:00,47.51477083333334,-122.2215138888889,0.0,U
2008-09-01 19:00:00,47.51479166666667,-122.22152777777778,0.0,U
2008-09-01 19:30:00,47.514812500000005,-122.22154166666667,0.0,U
2008-09-01 20:00:00,47.514833333333335,-122.22155555555555,0.0,U
2008-09-01 20:30:00,47.51485416666667,-122.22156944444444,0.0,U
2008-09-01 21:00:00,47.514875,-122.22158333333333,0.0,U
2008-09-01 21:30:00,47.514895833333334,-122.22159722222221,0.0,U
2008-09-01 22:00:00,47.51491666666667,-122.2216111111111,0.0,U
2008-09-01 22:30:00,47.5149375,-122.221625,0.0,U
2008-09-01 23:00:00,47.51495833333334,-122.22163888888889,0.0,U
2008-09-01 23:30:00,47.51497916666667,-122.22165277777778,0.0,U
2008-09-02 00:00:00,47.515,-122.22166666666666,0.0,U
2008-09-02 00:30:00,47.51502083333334,-122.22168055555555,0.0,U
2008-09-02 01:00:00,47.51504166666667,-122.22169444444444,0.0,U
2008-09-02 01:30:00,47.515062500000006,-122.22170833333332,0.0,U
2008-09-02 02:00:00,47.51508333333334,-122.22172222222223,0.0,U
2008-09-02 02:30:00,47.51510416666667,-122.22173611111111,0.0,U
2008-09-02 03:00:00,47.515125000000005,-122.22175,0.0,U
2008-09-02 03:30:00,47.515145833333335,-122.22176388888889,0.0,U
2008-09-02 04:00:00,47.51516666666667,-122.22177777777777,0.0,U
2008-09-02 04:30:00,47.5151875,-122.22179166666666,0.0,U
2008-09-02 05:00:00,47.515208333333334,-122.22180555555555,0.0,U
2008-09-02 05:30:00,47.51522916666667,-122.22181944444444,0.0,U
2008-09-02 06:00:00,47.51525,-122.22183333333334,0.0,U
2008-09-02 06:30:00,47.51527083333334,-122.22184722222222,0.0,U
2008-09-02 07:00:00,47.51529166666667,-122.22186111111111,0.0,U
2008-09-02 07:30:00,47.5153125,-122.221875,0.0,U
2008-09-02 08:00:00,47.51533333333334,-122.22188888888888,0.0,U
2008-09-02 08:30:00,47.51535416666667,-122.22190277777777,0.0,U
2008-09-02 09:00:00,47.515375000000006,-122.22191666666666,0.0,U
2008-09-02 09:30:00,47.515395833333336,-122.22193055555556,0.0,U
2008-09-02 10:00:00,47.51541666666667,-122.22194444444445,0.0,U
2008-09-02 10:30:00,47.515437500000004,-122.22195833333333,0.0,U
2008-09-02 11:00:00,47.515458333333335,-122.22197222222222,0.0,U
2008-09-02 11:30:00,47.51547916666667,-122.22198611111111,0.0,U
2008-09-02 12:00:00,47.5155,-122.222,0.0,U
2008-09-02 12:30:00,47.51552083333333,-122.22201388888888,0.0,U
2008-09-02 13:00:00,47.51554166666667,-122.22202777777777,0.0,U
2008-09-02 13:30:00,47.5155625,-122.22204166666667,0.0,U
2008-09-02 14:00:00,47.51558333333334,-122.22205555555556,0.0,U
2008-09-02 14:30:00,47.51560416666667,-122.22206944444444,0.0,U
2008-09-02 15:00:00,47.515625,-122.22208333333333,0.0,U
2008-09-02 15:30:00,47.51564583333334,-122.22209722222222,0.0,U
2008-09-02 16:00:00,47.51566666666667,-122.2221111111111,0.0,U
2008-09-02 16:30:00,47.515687500000006,-122.22212499999999,0.0,U
2008-09-02 17:00:00,47.515708333333336,-122.22213888888889,0.0,U
2008-09-02 17:30:00,47.51572916666667,-122.22215277777778,0.0,U
2008-09-02 18:00:00,47.515750000000004,-122.22216666666667,0.0,U
2008-09-02 18:30:00,47.515770833333335,-122.22218055555555,0.0,U
2008-09-02 19:00:00,47.51579166666667,-122.22219444444444,0.0,U
2008-09-02 19:30:00,47.5158125,-122.22220833333333,0.0,U
2008-09-02 20:00:00,47.51583333333333,-122.22222222222221,0.0,U
2008-09-02 20:30:00,47.51585416666667,-122.2222361111111,0.0,U
2008-09-02 21:00:00,47.515875,-122.22225,0.0,U
2008-09-02 21:30:00,47.51589583333334,-122.22226388888889,0.0,U
2008-09-02 22:00:00,47.51591666666667,-122.22227777777778,0.0,U
2008-09-02 22:30:00,47.5159375,-122.22229166666666,0.0,U
2008-09-02 23:00:00,47.51595833333334,-122.22230555555555,0.0,U
2008-09-02 23:30:00,47.51597916666667,-122.22231944444444,0.0,U
2008-09-03 00:00:00,47.516000000000005,-122.22233333333332,0.0,U
2008-09-03 00:30:00,47.516020833333336,-122.22234722222223,0.0,U
2008-09-03 01:00:00,47.516041666666666,-122.22236111111111,0.0,U
2008-09-03 01:30:00,47.516062500000004,-122.222375,0.0,U
2008-09-03 02:00:00,47.516083333333334,-122.22238888888889,0.0,U
2008-09-03 02:30:00,47.51610416666667,-122.22240277777777,0.0,U
2008-09-03 03:00:00,47.516125,-122.22241666666666,0.0,U
2008-09-03 03:30:00,47.51614583333333,-122.22243055555555,0.0,U
2008-09-03 04:00:00,47.51616666666667,-122.22244444444443,0.0,U
2008-09-03 04:30:00,47.5161875,-122.22245833333334,0.0,U
2008-09-03 05:00:00,47.51620833333334,-122.22247222222222,0.0,U
2008-09-03 05:30:00,47.51622916666667,-122.22248611111111,0.0,U
2008-09-03 06:00:00,47.51625,-122.2225,0.0,U
2008-09-03 06:30:00,47.51627083333334,-122.22251388888888,0.0,U
2008-09-03 07:00:00,47.51629166666667,-122.22252777777777,0.0,U
2008-09-03 07:30:00,47.516312500000005,-122.22254166666666,0.0,U
2008-09-03 08:00:00,47.516333333333336,-122.22255555555556,0.0,U
2008-09-03 08:30:00,47.51635416666667,-122.22256944444445,0.0,U
2008-09-03 09:00:00,47.516375000000004,-122.22258333333333,0.0,U
2008-09-03 09:30:00,47.516395833333334,-122.22259722222222,0.0,U
2008-09-03 10:00:00,47.51641666666667,-122.2226111111111,0.0,U
2008-09-03 10:30:00,47.5164375,-122.222625,0.0,U
2008-09-03 11:00:00,47.51645833333334,-122.22263888888888,0.0,U
2008-09-03 11:30:00,47.51647916666667,-122.22265277777777,0.0,U
2008-09-03 12:00:00,47.5165,-122.22266666666667,0.0,U
2008-09-03 12:30:00,47.51652083333334,-122.22268055555556,0.0,U
2008-09-03 13:00:00,47.51654166666667,-122.22269444444444,0.0,U
2008-09-03 13:30:00,47.516562500000006,-122.22270833333333,0.0,U
2008-09-03 14:00:00,47.51658333333334,-122.22272222222222,0.0,U
2008-09-03 14:30:00,47.51660416666667,-122.2227361111111,0.0,U
2008-09-03 15:00:00,47.516625000000005,-122.22274999999999,0.0,U
2008-09-03 15:30:00,47.516645833333335,-122.22276388888889,0.0,U
2008-09-03 16:00:00,47.51666666666667,-122.22277777777778,0.0,U
2008-09-03 16:30:00,47.5166875,-122.22279166666667,0.0,U
2008-09-03 17:00:00,47.516708333333334,-122.22280555555555,0.0,U
2008-09-03 17:30:00,47.51672916666667,-122.22281944444444,0.0,U
2008-09-03 18:00:00,47.51675,-122.22283333333333,0.0,U
2008-09-03 18:30:00,47.51677083333334,-122.22284722222221,0.0,U
2008-09-03 19:00:00,47.51679166666667,-122.2228611111111,0.0,U
2008-09-03 19:30:00,47.5168125,-122.222875,0.0,U
2008-09-03 20:00:00,47.51683333333334,-122.22288888888889,0.0,U
2008-09-03 20:30:00,47.51685416666667,-122.22290277777778,0.0,U
2008-09-03 21:00:00,47.516875000000006,-122.22291666666666,0.0,U
2008-09-03 21:30:00,47.516895833333336,-122.22293055555555,0.0,U
2008-09-03 22:00:00,47.51691666666667,-122.22294444444444,0.0,U
2008-09-03 22:30:00,47.516937500000004,-122.22295833333332,0.0,U
2008-09-03 23:00:00,47.516958333333335,-122.22297222222223,0.0,U
2008-09-03 23:30:00,47.51697916666667,-122.22298611111111,0.0,U
2008-09-04 00:00:00,47.517,-122.223,0.0,U
2008-09-04 00:30:00,47.51702083333333,-122.22301388888889,0.0,U
2008-09-04 01:00:00,47.51704166666667,-122.22302777777777,0.0,U
2008-09-04 01:30:00,47.5170625,-122.22304166666666,0.0,U
2008-09-04 02:00:00,47.51708333333334,-122.22305555555555,0.0,U
2008-09-04 02:30:00,47.51710416666667,-122.22306944444443,0.0,U
2008-09-04 03:00:00,47.517125,-122.22308333333334,0.0,U
2008-09-04 03:30:00,47.51714583333334,-122.22309722222222,0.0,U
2008-09-04 04:00:00,47.51716666666667,-122.22311111111111,0.0,U
2008-09-04 04:30:00,47.517187500000006,-122.223125,0.0,U
2008-09-04 05:00:00,47.517208333333336,-122.22313888888888,0.0,U
2008-09-04 05:30:00,47.51722916666667,-122.22315277777777,0.0,U
2008-09-04 06:00:00,47.517250000000004,-122.22316666666666,0.0,U
2008-09-04 06:30:00,47.517270833333335,-122.22318055555556,0.0,U
2008-09-04 07:00:00,47.51729166666667,-122.22319444444445,0.0,U
2008-09-04 07:30:00,47.5173125,-122.22320833333333,0.0,U
2008-09-04 08:00:00,47.51733333333333,-122.22322222222222,0.0,U
2008-09-04 08:30:00,47.51735416666667,-122.2232361111111,0.0,U
2008-09-04 09:00:00,47.517375,-122.22325,0.0,U
2008-09-04 09:30:00,47.51739583333334,-122.22326388888888,0.0,U
2008-09-04 10:00:00,47.51741666666667,-122.22327777777777,0.0,U
2008-09-04 10:30:00,47.5174375,-122.22329166666667,0.0,U
2008-09-04 11:00:00,47.51745833333334,-122.22330555555556,0.0,U
2008-09-04 11:30:00,47.51747916666667,-122.22331944444444,0.0,U
2008-09-04 12:00:00,47.517500000000005,-122.22333333333333,0.0,U
2008-09-04 12:30:00,47.517520833333336,-122.22334722222222,0.0,U
2008-09-04 13:00:00,47.517541666666666,-122.2233611111111,0.0,U
2008-09-04 13:30:00,47.517562500000004,-122.22337499999999,0.0,U
2008-09-04 14:00:00,47.517583333333334,-122.22338888888889,0.0,U
2008-09-04 14:30:00,47.51760416666667,-122.22340277777778,0.0,U
2008-09-04 15:00:00,47.517625,-122.22341666666667,0.0,U
2008-09-04 15:30:00,47.51764583333333,-122.22343055555555,0.0,U
2008-09-04 16:00:00,47.51766666666667,-122.22344444444444,0.0,U
2008-09-04 16:30:00,47.5176875,-122.22345833333333,0.0,U
2008-09-04 17:00:00,47.51770833333334,-122.22347222222221,0.0,U
2008-09-04 17:30:00,47.51772916666667,-122.2234861111111,0.0,U
2008-09-04 18:00:00,47.51775000000001,-122.2235,0.0,U
2008-09-04 18:30:00,47.51777083333334,-122.22351388888889,0.0,U
2008-09-04 19:00:00,47.51779166666667,-122.22352777777778,0.0,U
2008-09-04 19:30:00,47.517812500000005,-122.22354166666666,0.0,U
2008-09-04 20:00:00,47.517833333333336,-122.22355555555555,0.0,U
2008-09-04 20:30:00,47.51785416666667,-122.22356944444444,0.0,U
2008-09-04 21:00:00,47.517875000000004,-122.22358333333332,0.0,U
2008-09-04 21:30:00,47.517895833333334,-122.22359722222222,0.0,U
2008-09-04 22:00:00,47.51791666666667,-122.22361111111111,0.0,U
2008-09-04 22:30:00,47.5179375,-122.223625,0.0,U
2008-09-04 23:00:00,47.51795833333334,-122.22363888888889,0.0,U
2008-09-04 23:30:00,47.51797916666667,-122.22365277777777,0.0,U
2008-09-05 00:00:00,47.518,-122.22366666666666,0.0,U
2008-09-05 00:30:00,47.51802083333334,-122.22368055555555,0.0,U
2008-09-05 01:00:00,47.51804166666667,-122.22369444444443,0.0,U
2008-09-05 01:30:00,47.518062500000006,-122.22370833333333,0.0,U
2008-09-05 02:00:00,47.51808333333334,-122.22372222222222,0.0,U
2008-09-05 02:30:00,47.51810416666667,-122.22373611111111,0.0,U
2008-09-05 03:00:00,47.518125000000005,-122.22375,0.0,U
2008-09-05 03:30:00,47.518145833333335,-122.22376388888888,0.0,U
2008-09-05 04:00:00,47.51816666666667,-122.22377777777777,0.0,U
2008-09-05 04:30:00,47.5181875,-122.22379166666666,0.0,U
2008-09-05 05:00:00,47.518208333333334,-122.22380555555556,0.0,U
2008-09-05 05:30:00,47.51822916666667,-122.22381944444444,0.0,U
2008-09-05 06:00:00,47.51825,-122.22383333333333,0.0,U
2008-09-05 06:30:00,47.51827083333334,-122.22384722222222,0.0,U
2008-09-05 07:00:00,47.51829166666667,-122.2238611111111,0.0,U
2008-09-05 07:30:00,47.5183125,-122.22387499999999,0.0,U
2008-09-05 08:00:00,47.51833333333334,-122.22388888888888,0.0,U
2008-09-05 08:30:00,47.51835416666667,-122.22390277777777,0.0,U
2008-09-05 09:00:00,47.518375000000006,-122.22391666666667,0.0,U
2008-09-05 09:30:00,47.51839583333334,-122.22393055555555,0.0,U
2008-09-05 10:00:00,47.51841666666667,-122.22394444444444,0.0,U
2008-09-05 10:30:00,47.518437500000005,-122.22395833333333,0.0,U
2008-09-05 11:00:00,47.518458333333335,-122.22397222222222,0.0,U
2008-09-05 11:30:00,47.51847916666667,-122.2239861111111,0.0,U
2008-09-05 12:00:00,47.5185,-122.22399999999999,0.0,U
2008-09-05 12:30:00,47.51852083333333,-122.22401388888889,0.0,U
2008-09-05 13:00:00,47.51854166666667,-122.22402777777778,0.0,U
2008-09-05 13:30:00,47.5185625,-122.22404166666666,0.0,U
2008-09-05 14:00:00,47.51858333333334,-122.22405555555555,0.0,U
2008-09-05 14:30:00,47.51860416666667,-122.22406944444444,0.0,U
2008-09-05 15:00:00,47.518625,-122.22408333333333,0.0,U
2008-09-05 15:30:00,47.51864583333334,-122.22409722222221,0.0,U
2008-09-05 16:00:00,47.51866666666667,-122.2241111111111,0.0,U
2008-09-05 16:30:00,47.518687500000006,-122.224125,0.0,U
2008-09-05 17:00:00,47.518708333333336,-122.22413888888889,0.0,U
2008-09-05 17:30:00,47.51872916666667,-122.22415277777777,0.0,U
2008-09-05 18:00:00,47.518750000000004,-122.22416666666666,0.0,U
2008-09-05 18:30:00,47.518770833333335,-122.22418055555555,0.0,U
2008-09-05 19:00:00,47.51879166666667,-122.22419444444444,0.0,U
2008-09-05 19:30:00,47.5188125,-122.22420833333332,0.0,U
2008-09-05 20:00:00,47.51883333333333,-122.22422222222222,0.0,U
2008-09-05 20:30:00,47.51885416666667,-122.22423611111111,0.0,U
2008-09-05 21:00:00,47.518875,-122.22425,0.0,U
2008-09-05 21:30:00,47.51889583333334,-122.22426388888888,0.0,U
2008-09-05 22:00:00,47.51891666666667,-122.22427777777777,0.0,U
2008-09-05 22:30:00,47.5189375,-122.22429166666666,0.0,U
2008-09-05 23:00:00,47.51895833333334,-122.22430555555555,0.0,U
2008-09-05 23:30:00,47.51897916666667,-122.22431944444443,0.0,U
2008-09-06 00:00:00,47.519000000000005,-122.22433333333333,0.0,U
2008-09-06 00:30:00,47.519020833333336,-122.22434722222222,0.0,U
2008-09-06 01:00:00,47.519041666666666,-122.22436111111111,0.0,U
2008-09-06 01:30:00,47.519062500000004,-122.224375,0.0,U
2008-09-06 02:00:00,47.519083333333334,-122.22438888888888,0.0,U
2008-09-06 02:30:00,47.51910416666667,-122.22440277777777,0.0,U
2008-09-06 03:00:00,47.519125,-122.22441666666666,0.0,U
2008-09-06 03:30:00,47.51914583333333,-122.22443055555556,0.0,U
2008-09-06 04:00:00,47.51916666666667,-122.22444444444444,0.0,U
2008-09-06 04:30:00,47.5191875,-122.22445833333333,0.0,U
2008-09-06 05:00:00,47.51920833333334,-122.22447222222222,0.0,U
2008-09-06 05:30:00,47.51922916666667,-122.2244861111111,0.0,U
2008-09-06 06:00:00,47.51925,-122.22449999999999,0.0,U
2008-09-06 06:30:00,47.51927083333334,-122.22451388888888,0.0,U
2008-09-06 07:00:00,47.51929166666667,-122.22452777777777,0.0,U
2008-09-06 07:30:00,47.519312500000005,-122.22454166666667,0.0,U
2008-09-06 08:00:00,47.519333333333336,-122.22455555555555,0.0,U
2008-09-06 08:30:00,47.51935416666667,-122.22456944444444,0.0,U
2008-09-06 09:00:00,47.519375000000004,-122.22458333333333,0.0,U
2008-09-06 09:30:00,47.519395833333334,-122.22459722222222,0.0,U
2008-09-06 10:00:00,47.51941666666667,-122.2246111111111,0.0,U
2008-09-06 10:30:00,47.5194375,-122.22462499999999,0.0,U
2008-09-06 11:00:00,47.51945833333334,-122.22463888888889,0.0,U
2008-09-06 11:30:00,47.51947916666667,-122.22465277777778,0.0,U
2008-09-06 12:00:00,47.5195,-122.22466666666666,0.0,U
2008-09-06 12:30:00,47.51952083333334,-122.22468055555555,0.0,U
2008-09-06 13:00:00,47.51954166666667,-122.22469444444444,0.0,U
2008-09-06 13:30:00,47.519562500000006,-122.22470833333333,0.0,U
2008-09-06 14:00:00,47.51958333333334,-122.22472222222221,0.0,U
2008-09-06 14:30:00,47.51960416666667,-122.2247361111111,0.0,U
2008-09-06 15:00:00,47.519625000000005,-122.22475,0.0,U
2008-09-06 15:30:00,47.519645833333335,-122.22476388888889,0.0,U
2008-09-06 16:00:00,47.51966666666667,-122.22477777777777,0.0,U
2008-09-06 16:30:00,47.5196875,-122.22479166666666,0.0,U
2008-09-06 17:00:00,47.519708333333334,-122.22480555555555,0.0,U
2008-09-06 17:30:00,47.51972916666667,-122.22481944444444,0.0,U
2008-09-06 18:00:00,47.51975,-122.22483333333332,0.0,U
2008-09-06 18:30:00,47.51977083333334,-122.22484722222222,0.0,U
2008-09-06 19:00:00,47.51979166666667,-122.22486111111111,0.0,U
2008-09-06 19:30:00,47.5198125,-122.224875,0.0,U
2008-09-06 20:00:00,47.51983333333334,-122.22488888888888,0.0,U
2008-09-06 20:30:00,47.51985416666667,-122.22490277777777,0.0,U
2008-09-06 21:00:00,47.519875000000006,-122.22491666666666,0.0,U
2008-09-06 21:30:00,47.51989583333334,-122.22493055555555,0.0,U
2008-09-06 22:00:00,47.51991666666667,-122.22494444444443,0.0,U
2008-09-06 22:30:00,47.519937500000005,-122.22495833333333,0.0,U
2008-09-06 23:00:00,47.519958333333335,-122.22497222222222,0.0,U
2008-09-06 23:30:00,47.51997916666667,-122.22498611111111,0.0,U
2008-09-07 00:00:00,47.52,-122.225,0.0,U
