,id,source,timestamp,Time,Lat,Lon,Depth,wind_x,Bt,Bij,Bl
0,wind_x,SimSenX,2008-08-23 00:00:03,0,47.505,-122.215,,0.0,0,9,
1,wind_x,SimSenX,2008-08-23 00:30:03,1800,47.50502083333333,-122.21501388888888,,3.060868501663208,1,9,
2,wind_x,SimSenX,2008-08-23 01:00:03,3600,47.50504166666667,-122.21502777777778,,2.912233352661133,2,9,
3,wind_x,SimSenX,2008-08-23 01:30:03,5400,47.5050625,-122.21504166666666,,2.762723684310913,3,9,
4,wind_x,SimSenX,2008-08-23 02:00:03,7200,47.50508333333334,-122.21505555555557,,2.5792458057403564,4,9,
5,wind_x,SimSenX,2008-08-23 02:30:03,9000,47.50510416666667,-122.21506944444444,,2.224374532699585,5,9,
6,wind_x,SimSenX,2008-08-23 03:00:03,10800,47.505125,-122.21508333333334,,1.8674156665802002,6,9,
7,wind_x,SimSenX,2008-08-23 03:30:03,12600,47.50514583333334,-122.21509722222224,,1.550665020942688,7,9,
8,wind_x,SimSenX,2008-08-23 04:00:03,14400,47.50516666666667,-122.21511111111111,,1.2483735084533691,8,9,
9,wind_x,SimSenX,2008-08-23 04:30:03,16200,47.505187500000005,-122.215125,,1.127766728401184,9,9,
10,wind_x,SimSenX,2008-08-23 05:00:03,18000,47.505208333333336,-122.21513888888887,,1.0430828332901,10,9,
11,wind_x,SimSenX,2008-08-23 05:30:03,19800,47.505229166666666,-122.21515277777776,,0.9588942527770996,11,9,
12,wind_x,SimSenX,2008-08-23 06:00:03,21600,47.50525,-122.21516666666668,,0.8742103576660156,12,9,
13,wind_x,SimSenX,2008-08-23 06:30:03,23400,47.50527083333333,-122.21518055555556,,0.00013737622066400945,13,9,
14,wind_x,SimSenX,2008-08-23 07:00:03,25200,47.50529166666667,-122.21519444444444,,-0.7731885313987732,14,9,
15,wind_x,SimSenX,2008-08-23 07:30:03,27000,47.5053125,-122.21520833333334,,-0.38928642868995667,15,9,
16,wind_x,SimSenX,2008-08-23 08:00:03,28800,47.50533333333333,-122.21522222222222,,-0.08637465536594391,16,9,
17,wind_x,SimSenX,2008-08-23 08:30:03,30600,47.50535416666667,-122.21523611111112,,-0.19644473493099213,17,9,
18,wind_x,SimSenX,2008-08-23 09:00:03,32400,47.505375,-122.21525,,-0.3071622848510742,18,9,
19,wind_x,SimSenX,2008-08-23 09:30:03,34200,47.50539583333334,-122.2152638888889,,-0.4178798794746399,19,9,
20,wind_x,SimSenX,2008-08-23 10:00:03,36000,47.50541666666667,-122.2152777777778,,-0.527949869632721,20,9,
21,wind_x,SimSenX,2008-08-23 10:30:03,37800,47.5054375,-122.21529166666669,,-0.7599818110466003,21,9,
22,wind_x,SimSenX,2008-08-23 11:00:03,39600,47.50545833333334,-122.21530555555556,,-1.0157675743103027,22,9,
23,wind_x,SimSenX,2008-08-23 11:30:03,41400,47.50547916666667,-122.21531944444445,,-0.42482998967170715,23,9,
24,wind_x,SimSenX,2008-08-23 12:00:03,43200,47.505500000000005,-122.21533333333332,,0.23998236656188965,24,9,
25,wind_x,SimSenX,2008-08-23 12:30:03,45000,47.505520833333335,-122.21534722222222,,0.1124507412314415,25,9,
26,wind_x,SimSenX,2008-08-23 13:00:03,46800,47.505541666666666,-122.21536111111112,,-0.014335078187286854,26,9,
27,wind_x,SimSenX,2008-08-23 13:30:03,48600,47.5055625,-122.215375,,-0.14186669886112213,27,9,
28,wind_x,SimSenX,2008-08-23 14:00:03,50400,47.50558333333333,-122.2153888888889,,-0.3179365396499634,28,9,
29,wind_x,SimSenX,2008-08-23 14:30:03,52200,47.50560416666667,-122.21540277777778,,-0.7394185066223145,29,9,
30,wind_x,SimSenX,2008-08-23 15:00:03,54000,47.505625,-122.21541666666668,,-1.1633799076080322,30,9,
31,wind_x,SimSenX,2008-08-23 15:30:03,55800,47.50564583333333,-122.21543055555556,,-1.105800986289978,31,9,
32,wind_x,SimSenX,2008-08-23 16:00:03,57600,47.50566666666667,-122.21544444444444,,-0.8975764513015747,32,9,
33,wind_x,SimSenX,2008-08-23 16:30:03,59400,47.5056875,-122.21545833333332,,-0.7074382305145264,33,9,
34,wind_x,SimSenX,2008-08-23 17:00:03,61200,47.50570833333334,-122.21547222222225,,-0.5210811495780945,34,9,
35,wind_x,SimSenX,2008-08-23 17:30:03,63000,47.50572916666667,-122.21548611111112,,-0.33581387996673584,35,9,
36,wind_x,SimSenX,2008-08-23 18:00:03,64800,47.505750000000006,-122.2155,,-0.14945684373378754,36,9,
37,wind_x,SimSenX,2008-08-23 18:30:03,66600,47.50577083333334,-122.21551388888888,,-0.5814914107322693,37,9,
38,wind_x,SimSenX,2008-08-23 19:00:03,68400,47.50579166666667,-122.21552777777778,,-0.8917349576950073,38,9,
39,wind_x,SimSenX,2008-08-23 19:30:03,70200,47.505812500000005,-122.21554166666668,,0.24501824378967285,39,9,
40,wind_x,SimSenX,2008-08-23 20:00:03,72000,47.505833333333335,-122.21555555555555,,1.1834919452667236,40,9,
41,wind_x,SimSenX,2008-08-23 20:30:03,73800,47.50585416666667,-122.21556944444444,,1.1097586154937744,41,9,
42,wind_x,SimSenX,2008-08-23 21:00:03,75600,47.505875,-122.21558333333334,,1.03559148311615,42,9,
43,wind_x,SimSenX,2008-08-23 21:30:03,77400,47.50589583333333,-122.21559722222224,,0.9614245295524597,43,9,
44,wind_x,SimSenX,2008-08-23 22:00:03,79200,47.50591666666667,-122.21561111111112,,0.8876911401748657,44,9,
45,wind_x,SimSenX,2008-08-23 22:30:03,81000,47.5059375,-122.215625,,0.5186008214950562,45,9,
46,wind_x,SimSenX,2008-08-23 23:00:03,82800,47.50595833333334,-122.21563888888888,,0.09176335483789444,46,9,
47,wind_x,SimSenX,2008-08-23 23:30:03,84600,47.50597916666667,-122.21565277777778,,-1.141825795173645,47,9,
48,wind_x,SimSenX,2008-08-24 00:00:03,0,47.506,-122.21566666666666,,0.0,0,9,
49,wind_x,SimSenX,2008-08-24 00:30:03,1800,47.50602083333334,-122.21568055555556,,3.060868501663208,1,9,
50,wind_x,SimSenX,2008-08-24 01:00:03,3600,47.50604166666667,-122.21569444444444,,2.912233352661133,2,9,
51,wind_x,SimSenX,2008-08-24 01:30:03,5400,47.506062500000006,-122.21570833333334,,2.762723684310913,3,9,
52,wind_x,SimSenX,2008-08-24 02:00:03,7200,47.506083333333336,-122.21572222222224,,2.5792458057403564,4,9,
53,wind_x,SimSenX,2008-08-24 02:30:03,9000,47.50610416666667,-122.21573611111111,,2.224374532699585,5,9,
54,wind_x,SimSenX,2008-08-24 03:00:03,10800,47.506125,-122.21575,,1.8674156665802002,6,9,
55,wind_x,SimSenX,2008-08-24 03:30:03,12600,47.506145833333335,-122.21576388888889,,1.550665020942688,7,9,
56,wind_x,SimSenX,2008-08-24 04:00:03,14400,47.50616666666667,-122.21577777777776,,1.2483735084533691,8,9,
57,wind_x,SimSenX,2008-08-24 04:30:03,16200,47.5061875,-122.21579166666668,,1.127766728401184,9,9,
58,wind_x,SimSenX,2008-08-24 05:00:03,18000,47.50620833333333,-122.21580555555556,,1.0430828332901,10,9,
59,wind_x,SimSenX,2008-08-24 05:30:03,19800,47.50622916666667,-122.21581944444443,,0.9588942527770996,11,9,
60,wind_x,SimSenX,2008-08-24 06:00:03,21600,47.50625,-122.21583333333334,,0.8742103576660156,12,9,
61,wind_x,SimSenX,2008-08-24 06:30:03,23400,47.50627083333334,-122.21584722222222,,0.00013737622066400945,13,9,
62,wind_x,SimSenX,2008-08-24 07:00:03,25200,47.50629166666667,-122.21586111111112,,-0.7731885313987732,14,9,
63,wind_x,SimSenX,2008-08-24 07:30:03,27000,47.5063125,-122.215875,,-0.38928642868995667,15,9,
64,wind_x,SimSenX,2008-08-24 08:00:03,28800,47.50633333333334,-122.2158888888889,,-0.08637465536594391,16,9,
65,wind_x,SimSenX,2008-08-24 08:30:03,30600,47.50635416666667,-122.2159027777778,,-0.19644473493099213,17,9,
66,wind_x,SimSenX,2008-08-24 09:00:03,32400,47.506375000000006,-122.21591666666669,,-0.3071622848510742,18,9,
67,wind_x,SimSenX,2008-08-24 09:30:03,34200,47.506395833333336,-122.21593055555556,,-0.4178798794746399,19,9,
68,wind_x,SimSenX,2008-08-24 10:00:03,36000,47.50641666666667,-122.21594444444445,,-0.527949869632721,20,9,
69,wind_x,SimSenX,2008-08-24 10:30:03,37800,47.5064375,-122.21595833333332,,-0.7599818110466003,21,9,
70,wind_x,SimSenX,2008-08-24 11:00:03,39600,47.506458333333335,-122.21597222222222,,-1.0157675743103027,22,9,
71,wind_x,SimSenX,2008-08-24 11:30:03,41400,47.50647916666667,-122.2159861111111,,-0.42482998967170715,23,9,
72,wind_x,SimSenX,2008-08-24 12:00:03,43200,47.5065,-122.216,,0.23998236656188965,24,9,
73,wind_x,SimSenX,2008-08-24 12:30:03,45000,47.50652083333333,-122.2160138888889,,0.1124507412314415,25,9,
74,wind_x,SimSenX,2008-08-24 13:00:03,46800,47.50654166666667,-122.21602777777778,,-0.014335078187286854,26,9,
75,wind_x,SimSenX,2008-08-24 13:30:03,48600,47.5065625,-122.21604166666668,,-0.14186669886112213,27,9,
76,wind_x,SimSenX,2008-08-24 14:00:03,50400,47.50658333333334,-122.21605555555556,,-0.3179365396499634,28,9,
77,wind_x,SimSenX,2008-08-24 14:30:03,52200,47.50660416666667,-122.21606944444444,,-0.7394185066223145,29,9,
78,wind_x,SimSenX,2008-08-24 15:00:03,54000,47.506625,-122.21608333333332,,-1.1633799076080322,30,9,
79,wind_x,SimSenX,2008-08-24 15:30:03,55800,47.50664583333334,-122.21609722222225,,-1.105800986289978,31,9,
80,wind_x,SimSenX,2008-08-24 16:00:03,57600,47.50666666666667,-122.21611111111112,,-0.8975764513015747,32,9,
81,wind_x,SimSenX,2008-08-24 16:30:03,59400,47.506687500000005,-122.216125,,-0.7074382305145264,33,9,
82,wind_x,SimSenX,2008-08-24 17:00:03,61200,47.506708333333336,-122.21613888888888,,-0.5210811495780945,34,9,
83,wind_x,SimSenX,2008-08-24 17:30:03,63000,47.506729166666666,-122.21615277777778,,-0.33581387996673584,35,9,
84,wind_x,SimSenX,2008-08-24 18:00:03,64800,47.50675,-122.21616666666668,,-0.14945684373378754,36,9,
85,wind_x,SimSenX,2008-08-24 18:30:03,66600,47.50677083333333,-122.21618055555555,,-0.5814914107322693,37,9,
86,wind_x,SimSenX,2008-08-24 19:00:03,68400,47.50679166666667,-122.21619444444444,,-0.8917349576950073,38,9,
87,wind_x,SimSenX,2008-08-24 19:30:03,70200,47.5068125,-122.21620833333334,,0.24501824378967285,39,9,
88,wind_x,SimSenX,2008-08-24 20:00:03,72000,47.50683333333333,-122.21622222222224,,1.1834919452667236,40,9,
89,wind_x,SimSenX,2008-08-24 20:30:03,73800,47.50685416666667,-122.21623611111112,,1.1097586154937744,41,9,
90,wind_x,SimSenX,2008-08-24 21:00:03,75600,47.506875,-122.21625,,1.03559148311615,42,9,
91,wind_x,SimSenX,2008-08-24 21:30:03,77400,47.50689583333334,-122.21626388888888,,0.9614245295524597,43,9,
92,wind_x,SimSenX,2008-08-24 22:00:03,79200,47.50691666666667,-122.21627777777778,,0.8876911401748657,44,9,
93,wind_x,SimSenX,2008-08-24 22:30:03,81000,47.5069375,-122.21629166666666,,0.5186008214950562,45,9,
94,wind_x,SimSenX,2008-08-24 23:00:03,82800,47.50695833333334,-122.21630555555556,,0.09176335483789444,46,9,
95,wind_x,SimSenX,2008-08-24 23:30:03,84600,47.50697916666667,-122.21631944444444,,-1.141825795173645,47,9,
96,wind_x,SimSenX,2008-08-25 00:00:03,0,47.507000000000005,-122.21633333333334,,0.0,0,9,
97,wind_x,SimSenX,2008-08-25 00:30:03,1800,47.507020833333335,-122.21634722222224,,3.060868501663208,1,9,
98,wind_x,SimSenX,2008-08-25 01:00:03,3600,47.507041666666666,-122.21636111111113,,2.912233352661133,2,9,
99,wind_x,SimSenX,2008-08-25 01:30:03,5400,47.5070625,-122.216375,,2.762723684310913,3,9,
100,wind_x,SimSenX,2008-08-25 02:00:03,7200,47.50708333333333,-122.21638888888889,,2.5792458057403564,4,9,
101,wind_x,SimSenX,2008-08-25 02:30:03,9000,47.50710416666667,-122.21640277777776,,2.224374532699585,5,9,
102,wind_x,SimSenX,2008-08-25 03:00:03,10800,47.507125,-122.21641666666667,,1.8674156665802002,6,9,
103,wind_x,SimSenX,2008-08-25 03:30:03,12600,47.50714583333333,-122.21643055555556,,1.550665020942688,7,9,
104,wind_x,SimSenX,2008-08-25 04:00:03,14400,47.50716666666667,-122.21644444444443,,1.2483735084533691,8,9,
105,wind_x,SimSenX,2008-08-25 04:30:03,16200,47.5071875,-122.21645833333334,,1.127766728401184,9,9,
106,wind_x,SimSenX,2008-08-25 05:00:03,18000,47.50720833333334,-122.21647222222222,,1.0430828332901,10,9,
107,wind_x,SimSenX,2008-08-25 05:30:03,19800,47.50722916666667,-122.21648611111112,,0.9588942527770996,11,9,
108,wind_x,SimSenX,2008-08-25 06:00:03,21600,47.50725,-122.2165,,0.8742103576660156,12,9,
109,wind_x,SimSenX,2008-08-25 06:30:03,23400,47.50727083333334,-122.2165138888889,,0.00013737622066400945,13,9,
110,wind_x,SimSenX,2008-08-25 07:00:03,25200,47.50729166666667,-122.21652777777778,,-0.7731885313987732,14,9,
111,wind_x,SimSenX,2008-08-25 07:30:03,27000,47.507312500000005,-122.21654166666669,,-0.38928642868995667,15,9,
112,wind_x,SimSenX,2008-08-25 08:00:03,28800,47.507333333333335,-122.21655555555556,,-0.08637465536594391,16,9,
113,wind_x,SimSenX,2008-08-25 08:30:03,30600,47.50735416666667,-122.21656944444445,,-0.19644473493099213,17,9,
114,wind_x,SimSenX,2008-08-25 09:00:03,32400,47.507375,-122.21658333333332,,-0.3071622848510742,18,9,
115,wind_x,SimSenX,2008-08-25 09:30:03,34200,47.50739583333333,-122.21659722222222,,-0.4178798794746399,19,9,
116,wind_x,SimSenX,2008-08-25 10:00:03,36000,47.50741666666667,-122.2166111111111,,-0.527949869632721,20,9,
117,wind_x,SimSenX,2008-08-25 10:30:03,37800,47.5074375,-122.216625,,-0.7599818110466003,21,9,
118,wind_x,SimSenX,2008-08-25 11:00:03,39600,47.50745833333334,-122.2166388888889,,-1.0157675743103027,22,9,
119,wind_x,SimSenX,2008-08-25 11:30:03,41400,47.50747916666667,-122.21665277777778,,-0.42482998967170715,23,9,
120,wind_x,SimSenX,2008-08-25 12:00:03,43200,47.5075,-122.21666666666668,,0.23998236656188965,24,9,
121,wind_x,SimSenX,2008-08-25 12:30:03,45000,47.50752083333334,-122.21668055555556,,0.1124507412314415,25,9,
122,wind_x,SimSenX,2008-08-25 13:00:03,46800,47.50754166666667,-122.21669444444444,,-0.014335078187286854,26,9,
123,wind_x,SimSenX,2008-08-25 13:30:03,48600,47.507562500000006,-122.21670833333332,,-0.14186669886112213,27,9,
124,wind_x,SimSenX,2008-08-25 14:00:03,50400,47.507583333333336,-122.21672222222224,,-0.3179365396499634,28,9,
125,wind_x,SimSenX,2008-08-25 14:30:03,52200,47.50760416666667,-122.21673611111112,,-0.7394185066223145,29,9,
126,wind_x,SimSenX,2008-08-25 15:00:03,54000,47.507625,-122.21675,,-1.1633799076080322,30,9,
127,wind_x,SimSenX,2008-08-25 15:30:03,55800,47.507645833333335,-122.21676388888888,,-1.105800986289978,31,9,
128,wind_x,SimSenX,2008-08-25 16:00:03,57600,47.50766666666667,-122.21677777777778,,-0.8975764513015747,32,9,
129,wind_x,SimSenX,2008-08-25 16:30:03,59400,47.5076875,-122.21679166666668,,-0.7074382305145264,33,9,
130,wind_x,SimSenX,2008-08-25 17:00:03,61200,47.50770833333333,-122.21680555555557,,-0.5210811495780945,34,9,
131,wind_x,SimSenX,2008-08-25 17:30:03,63000,47.50772916666667,-122.21681944444444,,-0.33581387996673584,35,9,
132,wind_x,SimSenX,2008-08-25 18:00:03,64800,47.50775,-122.21683333333334,,-0.14945684373378754,36,9,
133,wind_x,SimSenX,2008-08-25 18:30:03,66600,47.50777083333334,-122.21684722222224,,-0.5814914107322693,37,9,
134,wind_x,SimSenX,2008-08-25 19:00:03,68400,47.50779166666667,-122.21686111111111,,-0.8917349576950073,38,9,
135,wind_x,SimSenX,2008-08-25 19:30:03,70200,47.5078125,-122.216875,,0.24501824378967285,39,9,
136,wind_x,SimSenX,2008-08-25 20:00:03,72000,47.50783333333334,-122.21688888888887,,1.1834919452667236,40,9,
137,wind_x,SimSenX,2008-08-25 20:30:03,73800,47.50785416666667,-122.21690277777778,,1.1097586154937744,41,9,
138,wind_x,SimSenX,2008-08-25 21:00:03,75600,47.507875000000006,-122.21691666666666,,1.03559148311615,42,9,
139,wind_x,SimSenX,2008-08-25 21:30:03,77400,47.507895833333336,-122.21693055555556,,0.9614245295524597,43,9,
140,wind_x,SimSenX,2008-08-25 22:00:03,79200,47.50791666666667,-122.21694444444444,,0.8876911401748657,44,9,
141,wind_x,SimSenX,2008-08-25 22:30:03,81000,47.5079375,-122.21695833333334,,0.5186008214950562,45,9,
142,wind_x,SimSenX,2008-08-25 23:00:03,82800,47.507958333333335,-122.21697222222222,,0.09176335483789444,46,9,
143,wind_x,SimSenX,2008-08-25 23:30:03,84600,47.50797916666667,-122.21698611111113,,-1.141825795173645,47,9,
144,wind_x,SimSenX,2008-08-26 00:00:03,0,47.508,-122.217,,0.0,0,9,
145,wind_x,SimSenX,2008-08-26 00:30:03,1800,47.50802083333333,-122.21701388888889,,3.060868501663208,1,9,
146,wind_x,SimSenX,2008-08-26 01:00:03,3600,47.50804166666667,-122.21702777777776,,2.912233352661133,2,9,
147,wind_x,SimSenX,2008-08-26 01:30:03,5400,47.5080625,-122.21704166666667,,2.762723684310913,3,9,
148,wind_x,SimSenX,2008-08-26 02:00:03,7200,47.50808333333334,-122.21705555555556,,2.5792458057403564,4,9,
149,wind_x,SimSenX,2008-08-26 02:30:03,9000,47.50810416666667,-122.21706944444443,,2.224374532699585,5,9,
150,wind_x,SimSenX,2008-08-26 03:00:03,10800,47.508125,-122.21708333333332,,1.8674156665802002,6,9,
151,wind_x,SimSenX,2008-08-26 03:30:03,12600,47.50814583333334,-122.21709722222222,,1.550665020942688,7,9,
152,wind_x,SimSenX,2008-08-26 04:00:03,14400,47.50816666666667,-122.21711111111112,,1.2483735084533691,8,9,
153,wind_x,SimSenX,2008-08-26 04:30:03,16200,47.508187500000005,-122.217125,,1.127766728401184,9,9,
154,wind_x,SimSenX,2008-08-26 05:00:03,18000,47.508208333333336,-122.2171388888889,,1.0430828332901,10,9,
155,wind_x,SimSenX,2008-08-26 05:30:03,19800,47.508229166666666,-122.21715277777778,,0.9588942527770996,11,9,
156,wind_x,SimSenX,2008-08-26 06:00:03,21600,47.50825,-122.21716666666669,,0.8742103576660156,12,9,
157,wind_x,SimSenX,2008-08-26 06:30:03,23400,47.50827083333333,-122.21718055555556,,0.00013737622066400945,13,9,
158,wind_x,SimSenX,2008-08-26 07:00:03,25200,47.50829166666667,-122.21719444444444,,-0.7731885313987732,14,9,
159,wind_x,SimSenX,2008-08-26 07:30:03,27000,47.5083125,-122.21720833333332,,-0.38928642868995667,15,9,
160,wind_x,SimSenX,2008-08-26 08:00:03,28800,47.50833333333333,-122.21722222222222,,-0.08637465536594391,16,9,
161,wind_x,SimSenX,2008-08-26 08:30:03,30600,47.50835416666667,-122.2172361111111,,-0.19644473493099213,17,9,
162,wind_x,SimSenX,2008-08-26 09:00:03,32400,47.508375,-122.21725,,-0.3071622848510742,18,9,
163,wind_x,SimSenX,2008-08-26 09:30:03,34200,47.50839583333334,-122.2172638888889,,-0.4178798794746399,19,9,
164,wind_x,SimSenX,2008-08-26 10:00:03,36000,47.50841666666667,-122.21727777777778,,-0.527949869632721,20,9,
165,wind_x,SimSenX,2008-08-26 10:30:03,37800,47.5084375,-122.21729166666668,,-0.7599818110466003,21,9,
166,wind_x,SimSenX,2008-08-26 11:00:03,39600,47.50845833333334,-122.21730555555555,,-1.0157675743103027,22,9,
167,wind_x,SimSenX,2008-08-26 11:30:03,41400,47.50847916666667,-122.21731944444444,,-0.42482998967170715,23,9,
168,wind_x,SimSenX,2008-08-26 12:00:03,43200,47.508500000000005,-122.21733333333331,,0.23998236656188965,24,9,
169,wind_x,SimSenX,2008-08-26 12:30:03,45000,47.508520833333336,-122.21734722222224,,0.1124507412314415,25,9,
170,wind_x,SimSenX,2008-08-26 13:00:03,46800,47.508541666666666,-122.21736111111112,,-0.014335078187286854,26,9,
171,wind_x,SimSenX,2008-08-26 13:30:03,48600,47.5085625,-122.217375,,-0.14186669886112213,27,9,
172,wind_x,SimSenX,2008-08-26 14:00:03,50400,47.50858333333333,-122.21738888888888,,-0.3179365396499634,28,9,
173,wind_x,SimSenX,2008-08-26 14:30:03,52200,47.50860416666667,-122.21740277777778,,-0.7394185066223145,29,9,
174,wind_x,SimSenX,2008-08-26 15:00:03,54000,47.508625,-122.21741666666668,,-1.1633799076080322,30,9,
175,wind_x,SimSenX,2008-08-26 15:30:03,55800,47.50864583333333,-122.21743055555557,,-1.105800986289978,31,9,
176,wind_x,SimSenX,2008-08-26 16:00:03,57600,47.50866666666667,-122.21744444444444,,-0.8975764513015747,32,9,
177,wind_x,SimSenX,2008-08-26 16:30:03,59400,47.5086875,-122.21745833333334,,-0.7074382305145264,33,9,
178,wind_x,SimSenX,2008-08-26 17:00:03,61200,47.50870833333334,-122.21747222222224,,-0.5210811495780945,34,9,
179,wind_x,SimSenX,2008-08-26 17:30:03,63000,47.50872916666667,-122.21748611111111,,-0.33581387996673584,35,9,
180,wind_x,SimSenX,2008-08-26 18:00:03,64800,47.508750000000006,-122.2175,,-0.14945684373378754,36,9,
181,wind_x,SimSenX,2008-08-26 18:30:03,66600,47.50877083333334,-122.21751388888887,,-0.5814914107322693,37,9,
182,wind_x,SimSenX,2008-08-26 19:00:03,68400,47.50879166666667,-122.21752777777778,,-0.8917349576950073,38,9,
183,wind_x,SimSenX,2008-08-26 19:30:03,70200,47.508812500000005,-122.21754166666666,,0.24501824378967285,39,9,
184,wind_x,SimSenX,2008-08-26 20:00:03,72000,47.508833333333335,-122.21755555555556,,1.1834919452667236,40,9,
185,wind_x,SimSenX,2008-08-26 20:30:03,73800,47.50885416666667,-122.21756944444444,,1.1097586154937744,41,9,
186,wind_x,SimSenX,2008-08-26 21:00:03,75600,47.508875,-122.21758333333334,,1.03559148311615,42,9,
187,wind_x,SimSenX,2008-08-26 21:30:03,77400,47.50889583333333,-122.21759722222222,,0.9614245295524597,43,9,
188,wind_x,SimSenX,2008-08-26 22:00:03,79200,47.50891666666667,-122.21761111111113,,0.8876911401748657,44,9,
189,wind_x,SimSenX,2008-08-26 22:30:03,81000,47.5089375,-122.217625,,0.5186008214950562,45,9,
190,wind_x,SimSenX,2008-08-26 23:00:03,82800,47.50895833333334,-122.21763888888889,,0.09176335483789444,46,9,
191,wind_x,SimSenX,2008-08-26 23:30:03,84600,47.50897916666667,-122.21765277777776,,-1.141825795173645,47,9,
192,wind_x,SimSenX,2008-08-27 00:00:03,0,47.509,-122.21766666666667,,0.0,0,19,
193,wind_x,SimSenX,2008-08-27 00:30:03,1800,47.50902083333334,-122.21768055555556,,3.060868501663208,1,19,
194,wind_x,SimSenX,2008-08-27 01:00:03,3600,47.50904166666667,-122.21769444444443,,2.912233352661133,2,19,
195,wind_x,SimSenX,2008-08-27 01:30:03,5400,47.509062500000006,-122.21770833333332,,2.762723684310913,3,19,
196,wind_x,SimSenX,2008-08-27 02:00:03,7200,47.509083333333336,-122.21772222222222,,2.5792458057403564,4,19,
197,wind_x,SimSenX,2008-08-27 02:30:03,9000,47.50910416666667,-122.21773611111112,,2.224374532699585,5,19,
198,wind_x,SimSenX,2008-08-27 03:00:03,10800,47.509125,-122.21775,,1.8674156665802002,6,19,
199,wind_x,SimSenX,2008-08-27 03:30:03,12600,47.509145833333335,-122.2177638888889,,1.550665020942688,7,19,
200,wind_x,SimSenX,2008-08-27 04:00:03,14400,47.50916666666667,-122.21777777777778,,1.2483735084533691,8,19,
201,wind_x,SimSenX,2008-08-27 04:30:03,16200,47.5091875,-122.21779166666668,,1.127766728401184,9,19,
202,wind_x,SimSenX,2008-08-27 05:00:03,18000,47.50920833333333,-122.21780555555556,,1.0430828332901,10,19,
203,wind_x,SimSenX,2008-08-27 05:30:03,19800,47.50922916666667,-122.21781944444444,,0.9588942527770996,11,19,
204,wind_x,SimSenX,2008-08-27 06:00:03,21600,47.50925,-122.21783333333332,,0.8742103576660156,12,19,
205,wind_x,SimSenX,2008-08-27 06:30:03,23400,47.50927083333334,-122.21784722222222,,0.00013737622066400945,13,19,
206,wind_x,SimSenX,2008-08-27 07:00:03,25200,47.50929166666667,-122.2178611111111,,-0.7731885313987732,14,19,
207,wind_x,SimSenX,2008-08-27 07:30:03,27000,47.5093125,-122.217875,,-0.38928642868995667,15,19,
208,wind_x,SimSenX,2008-08-27 08:00:03,28800,47.50933333333334,-122.2178888888889,,-0.08637465536594391,16,19,
209,wind_x,SimSenX,2008-08-27 08:30:03,30600,47.50935416666667,-122.21790277777778,,-0.19644473493099213,17,19,
210,wind_x,SimSenX,2008-08-27 09:00:03,32400,47.509375000000006,-122.21791666666668,,-0.3071622848510742,18,19,
211,wind_x,SimSenX,2008-08-27 09:30:03,34200,47.509395833333336,-122.21793055555555,,-0.4178798794746399,19,19,
212,wind_x,SimSenX,2008-08-27 10:00:03,36000,47.50941666666667,-122.21794444444444,,-0.527949869632721,20,19,
213,wind_x,SimSenX,2008-08-27 10:30:03,37800,47.5094375,-122.21795833333331,,-0.7599818110466003,21,19,
214,wind_x,SimSenX,2008-08-27 11:00:03,39600,47.509458333333335,-122.21797222222224,,-1.0157675743103027,22,19,
215,wind_x,SimSenX,2008-08-27 11:30:03,41400,47.50947916666667,-122.21798611111112,,-0.42482998967170715,23,19,
216,wind_x,SimSenX,2008-08-27 12:00:03,43200,47.5095,-122.218,,0.23998236656188965,24,19,
217,wind_x,SimSenX,2008-08-27 12:30:03,45000,47.50952083333333,-122.21801388888888,,0.1124507412314415,25,19,
218,wind_x,SimSenX,2008-08-27 13:00:03,46800,47.50954166666667,-122.21802777777778,,-0.014335078187286854,26,19,
219,wind_x,SimSenX,2008-08-27 13:30:03,48600,47.5095625,-122.21804166666666,,-0.14186669886112213,27,19,
220,wind_x,SimSenX,2008-08-27 14:00:03,50400,47.50958333333334,-122.21805555555557,,-0.3179365396499634,28,19,
221,wind_x,SimSenX,2008-08-27 14:30:03,52200,47.50960416666667,-122.21806944444444,,-0.7394185066223145,29,19,
222,wind_x,SimSenX,2008-08-27 15:00:03,54000,47.509625,-122.21808333333334,,-1.1633799076080322,30,19,
223,wind_x,SimSenX,2008-08-27 15:30:03,55800,47.50964583333334,-122.21809722222224,,-1.105800986289978,31,19,
224,wind_x,SimSenX,2008-08-27 16:00:03,57600,47.50966666666667,-122.21811111111111,,-0.8975764513015747,32,19,
225,wind_x,SimSenX,2008-08-27 16:30:03,59400,47.509687500000005,-122.218125,,-0.7074382305145264,33,19,
226,wind_x,SimSenX,2008-08-27 17:00:03,61200,47.509708333333336,-122.21813888888887,,-0.5210811495780945,34,19,
227,wind_x,SimSenX,2008-08-27 17:30:03,63000,47.509729166666666,-122.21815277777776,,-0.33581387996673584,35,19,
228,wind_x,SimSenX,2008-08-27 18:00:03,64800,47.50975,-122.21816666666666,,-0.14945684373378754,36,19,
229,wind_x,SimSenX,2008-08-27 18:30:03,66600,47.50977083333333,-122.21818055555556,,-0.5814914107322693,37,19,
230,wind_x,SimSenX,2008-08-27 19:00:03,68400,47.50979166666667,-122.21819444444444,,-0.8917349576950073,38,19,
231,wind_x,SimSenX,2008-08-27 19:30:03,70200,47.5098125,-122.21820833333334,,0.24501824378967285,39,19,
232,wind_x,SimSenX,2008-08-27 20:00:03,72000,47.50983333333333,-122.21822222222222,,1.1834919452667236,40,19,
233,wind_x,SimSenX,2008-08-27 20:30:03,73800,47.50985416666667,-122.21823611111112,,1.1097586154937744,41,19,
234,wind_x,SimSenX,2008-08-27 21:00:03,75600,47.509875,-122.21825,,1.03559148311615,42,19,
235,wind_x,SimSenX,2008-08-27 21:30:03,77400,47.50989583333334,-122.21826388888888,,0.9614245295524597,43,19,
236,wind_x,SimSenX,2008-08-27 22:00:03,79200,47.50991666666667,-122.21827777777776,,0.8876911401748657,44,19,
237,wind_x,SimSenX,2008-08-27 22:30:03,81000,47.5099375,-122.21829166666669,,0.5186008214950562,45,19,
238,wind_x,SimSenX,2008-08-27 23:00:03,82800,47.50995833333334,-122.21830555555556,,0.09176335483789444,46,19,
239,wind_x,SimSenX,2008-08-27 23:30:03,84600,47.50997916666667,-122.21831944444445,,-1.141825795173645,47,19,
240,wind_x,SimSenX,2008-08-28 00:00:03,0,47.510000000000005,-122.21833333333332,,0.0,0,19,
241,wind_x,SimSenX,2008-08-28 00:30:03,1800,47.510020833333336,-122.21834722222222,,3.060868501663208,1,19,
242,wind_x,SimSenX,2008-08-28 01:00:03,3600,47.510041666666666,-122.21836111111112,,2.912233352661133,2,19,
243,wind_x,SimSenX,2008-08-28 01:30:03,5400,47.5100625,-122.218375,,2.762723684310913,3,19,
244,wind_x,SimSenX,2008-08-28 02:00:03,7200,47.51008333333333,-122.2183888888889,,2.5792458057403564,4,19,
245,wind_x,SimSenX,2008-08-28 02:30:03,9000,47.51010416666667,-122.21840277777778,,2.224374532699585,5,19,
246,wind_x,SimSenX,2008-08-28 03:00:03,10800,47.510125,-122.21841666666668,,1.8674156665802002,6,19,
247,wind_x,SimSenX,2008-08-28 03:30:03,12600,47.51014583333333,-122.21843055555556,,1.550665020942688,7,19,
248,wind_x,SimSenX,2008-08-28 04:00:03,14400,47.51016666666667,-122.21844444444444,,1.2483735084533691,8,19,
249,wind_x,SimSenX,2008-08-28 04:30:03,16200,47.5101875,-122.21845833333332,,1.127766728401184,9,19,
250,wind_x,SimSenX,2008-08-28 05:00:03,18000,47.51020833333334,-122.21847222222222,,1.0430828332901,10,19,
251,wind_x,SimSenX,2008-08-28 05:30:03,19800,47.51022916666667,-122.2184861111111,,0.9588942527770996,11,19,
252,wind_x,SimSenX,2008-08-28 06:00:03,21600,47.51025,-122.2185,,0.8742103576660156,12,19,
253,wind_x,SimSenX,2008-08-28 06:30:03,23400,47.51027083333334,-122.21851388888888,,0.00013737622066400945,13,19,
254,wind_x,SimSenX,2008-08-28 07:00:03,25200,47.51029166666667,-122.21852777777778,,-0.7731885313987732,14,19,
255,wind_x,SimSenX,2008-08-28 07:30:03,27000,47.510312500000005,-122.21854166666668,,-0.38928642868995667,15,19,
256,wind_x,SimSenX,2008-08-28 08:00:03,28800,47.510333333333335,-122.21855555555555,,-0.08637465536594391,16,19,
257,wind_x,SimSenX,2008-08-28 08:30:03,30600,47.51035416666667,-122.21856944444444,,-0.19644473493099213,17,19,
258,wind_x,SimSenX,2008-08-28 09:00:03,32400,47.510375,-122.21858333333331,,-0.3071622848510742,18,19,
259,wind_x,SimSenX,2008-08-28 09:30:03,34200,47.51039583333333,-122.21859722222224,,-0.4178798794746399,19,19,
260,wind_x,SimSenX,2008-08-28 10:00:03,36000,47.51041666666667,-122.21861111111112,,-0.527949869632721,20,19,
261,wind_x,SimSenX,2008-08-28 10:30:03,37800,47.5104375,-122.218625,,-0.7599818110466003,21,19,
262,wind_x,SimSenX,2008-08-28 11:00:03,39600,47.51045833333334,-122.21863888888888,,-1.0157675743103027,22,19,
263,wind_x,SimSenX,2008-08-28 11:30:03,41400,47.51047916666667,-122.21865277777778,,-0.42482998967170715,23,19,
264,wind_x,SimSenX,2008-08-28 12:00:03,43200,47.5105,-122.21866666666666,,0.23998236656188965,24,19,
265,wind_x,SimSenX,2008-08-28 12:30:03,45000,47.51052083333334,-122.21868055555557,,0.1124507412314415,25,19,
266,wind_x,SimSenX,2008-08-28 13:00:03,46800,47.51054166666667,-122.21869444444444,,-0.014335078187286854,26,19,
267,wind_x,SimSenX,2008-08-28 13:30:03,48600,47.510562500000006,-122.21870833333334,,-0.14186669886112213,27,19,
268,wind_x,SimSenX,2008-08-28 14:00:03,50400,47.51058333333334,-122.21872222222224,,-0.3179365396499634,28,19,
269,wind_x,SimSenX,2008-08-28 14:30:03,52200,47.51060416666667,-122.21873611111111,,-0.7394185066223145,29,19,
270,wind_x,SimSenX,2008-08-28 15:00:03,54000,47.510625000000005,-122.21875,,-1.1633799076080322,30,19,
271,wind_x,SimSenX,2008-08-28 15:30:03,55800,47.510645833333335,-122.21876388888889,,-1.105800986289978,31,19,
272,wind_x,SimSenX,2008-08-28 16:00:03,57600,47.51066666666667,-122.21877777777776,,-0.8975764513015747,32,19,
273,wind_x,SimSenX,2008-08-28 16:30:03,59400,47.5106875,-122.21879166666666,,-0.7074382305145264,33,19,
274,wind_x,SimSenX,2008-08-28 17:00:03,61200,47.51070833333333,-122.21880555555556,,-0.5210811495780945,34,19,
275,wind_x,SimSenX,2008-08-28 17:30:03,63000,47.51072916666667,-122.21881944444443,,-0.33581387996673584,35,19,
276,wind_x,SimSenX,2008-08-28 18:00:03,64800,47.51075,-122.21883333333334,,-0.14945684373378754,36,19,
277,wind_x,SimSenX,2008-08-28 18:30:03,66600,47.51077083333334,-122.21884722222222,,-0.5814914107322693,37,19,
278,wind_x,SimSenX,2008-08-28 19:00:03,68400,47.51079166666667,-122.21886111111112,,-0.8917349576950073,38,19,
279,wind_x,SimSenX,2008-08-28 19:30:03,70200,47.5108125,-122.218875,,0.24501824378967285,39,19,
280,wind_x,SimSenX,2008-08-28 20:00:03,72000,47.51083333333334,-122.21888888888888,,1.1834919452667236,40,19,
281,wind_x,SimSenX,2008-08-28 20:30:03,73800,47.51085416666667,-122.21890277777776,,1.1097586154937744,41,19,
282,wind_x,SimSenX,2008-08-28 21:00:03,75600,47.510875000000006,-122.21891666666669,,1.03559148311615,42,19,
283,wind_x,SimSenX,2008-08-28 21:30:03,77400,47.510895833333336,-122.21893055555556,,0.9614245295524597,43,19,
284,wind_x,SimSenX,2008-08-28 22:00:03,79200,47.51091666666667,-122.21894444444445,,0.8876911401748657,44,19,
285,wind_x,SimSenX,2008-08-28 22:30:03,81000,47.5109375,-122.21895833333332,,0.5186008214950562,45,19,
286,wind_x,SimSenX,2008-08-28 23:00:03,82800,47.510958333333335,-122.21897222222222,,0.09176335483789444,46,19,
287,wind_x,SimSenX,2008-08-28 23:30:03,84600,47.51097916666667,-122.21898611111112,,-1.141825795173645,47,19,
288,wind_x,SimSenX,2008-08-29 00:00:03,0,47.511,-122.219,,0.0,0,19,
289,wind_x,SimSenX,2008-08-29 00:30:03,1800,47.51102083333333,-122.2190138888889,,3.060868501663208,1,19,
290,wind_x,SimSenX,2008-08-29 01:00:03,3600,47.51104166666667,-122.21902777777778,,2.912233352661133,2,19,
291,wind_x,SimSenX,2008-08-29 01:30:03,5400,47.5110625,-122.21904166666668,,2.762723684310913,3,19,
292,wind_x,SimSenX,2008-08-29 02:00:03,7200,47.51108333333334,-122.21905555555556,,2.5792458057403564,4,19,
293,wind_x,SimSenX,2008-08-29 02:30:03,9000,47.51110416666667,-122.21906944444444,,2.224374532699585,5,19,
294,wind_x,SimSenX,2008-08-29 03:00:03,10800,47.511125,-122.21908333333332,,1.8674156665802002,6,19,
295,wind_x,SimSenX,2008-08-29 03:30:03,12600,47.51114583333334,-122.21909722222222,,1.550665020942688,7,19,
296,wind_x,SimSenX,2008-08-29 04:00:03,14400,47.51116666666667,-122.2191111111111,,1.2483735084533691,8,19,
297,wind_x,SimSenX,2008-08-29 04:30:03,16200,47.511187500000005,-122.219125,,1.127766728401184,9,19,
298,wind_x,SimSenX,2008-08-29 05:00:03,18000,47.511208333333336,-122.21913888888888,,1.0430828332901,10,19,
299,wind_x,SimSenX,2008-08-29 05:30:03,19800,47.511229166666666,-122.21915277777778,,0.9588942527770996,11,19,
300,wind_x,SimSenX,2008-08-29 06:00:03,21600,47.51125,-122.21916666666668,,0.8742103576660156,12,19,
301,wind_x,SimSenX,2008-08-29 06:30:03,23400,47.51127083333333,-122.21918055555555,,0.00013737622066400945,13,19,
302,wind_x,SimSenX,2008-08-29 07:00:03,25200,47.51129166666667,-122.21919444444444,,-0.7731885313987732,14,19,
303,wind_x,SimSenX,2008-08-29 07:30:03,27000,47.5113125,-122.21920833333331,,-0.38928642868995667,15,19,
304,wind_x,SimSenX,2008-08-29 08:00:03,28800,47.51133333333333,-122.21922222222224,,-0.08637465536594391,16,19,
305,wind_x,SimSenX,2008-08-29 08:30:03,30600,47.51135416666667,-122.21923611111112,,-0.19644473493099213,17,19,
306,wind_x,SimSenX,2008-08-29 09:00:03,32400,47.511375,-122.21925,,-0.3071622848510742,18,19,
307,wind_x,SimSenX,2008-08-29 09:30:03,34200,47.51139583333334,-122.21926388888888,,-0.4178798794746399,19,19,
308,wind_x,SimSenX,2008-08-29 10:00:03,36000,47.51141666666667,-122.21927777777778,,-0.527949869632721,20,19,
309,wind_x,SimSenX,2008-08-29 10:30:03,37800,47.5114375,-122.21929166666666,,-0.7599818110466003,21,19,
310,wind_x,SimSenX,2008-08-29 11:00:03,39600,47.51145833333334,-122.21930555555556,,-1.0157675743103027,22,19,
311,wind_x,SimSenX,2008-08-29 11:30:03,41400,47.51147916666667,-122.21931944444444,,-0.42482998967170715,23,19,
312,wind_x,SimSenX,2008-08-29 12:00:03,43200,47.511500000000005,-122.21933333333334,,0.23998236656188965,24,19,
313,wind_x,SimSenX,2008-08-29 12:30:03,45000,47.511520833333336,-122.21934722222224,,0.1124507412314415,25,19,
314,wind_x,SimSenX,2008-08-29 13:00:03,46800,47.511541666666666,-122.21936111111113,,-0.014335078187286854,26,19,
315,wind_x,SimSenX,2008-08-29 13:30:03,48600,47.5115625,-122.219375,,-0.14186669886112213,27,19,
316,wind_x,SimSenX,2008-08-29 14:00:03,50400,47.51158333333333,-122.21938888888889,,-0.3179365396499634,28,19,
317,wind_x,SimSenX,2008-08-29 14:30:03,52200,47.51160416666667,-122.21940277777776,,-0.7394185066223145,29,19,
318,wind_x,SimSenX,2008-08-29 15:00:03,54000,47.511625,-122.21941666666666,,-1.1633799076080322,30,19,
319,wind_x,SimSenX,2008-08-29 15:30:03,55800,47.51164583333333,-122.21943055555556,,-1.105800986289978,31,19,
320,wind_x,SimSenX,2008-08-29 16:00:03,57600,47.51166666666667,-122.21944444444443,,-0.8975764513015747,32,19,
321,wind_x,SimSenX,2008-08-29 16:30:03,59400,47.5116875,-122.21945833333334,,-0.7074382305145264,33,19,
322,wind_x,SimSenX,2008-08-29 17:00:03,61200,47.51170833333334,-122.21947222222222,,-0.5210811495780945,34,19,
323,wind_x,SimSenX,2008-08-29 17:30:03,63000,47.51172916666667,-122.21948611111112,,-0.33581387996673584,35,19,
324,wind_x,SimSenX,2008-08-29 18:00:03,64800,47.511750000000006,-122.2195,,-0.14945684373378754,36,19,
325,wind_x,SimSenX,2008-08-29 18:30:03,66600,47.51177083333334,-122.21951388888888,,-0.5814914107322693,37,19,
326,wind_x,SimSenX,2008-08-29 19:00:03,68400,47.51179166666667,-122.21952777777776,,-0.8917349576950073,38,19,
327,wind_x,SimSenX,2008-08-29 19:30:03,70200,47.511812500000005,-122.21954166666669,,0.24501824378967285,39,19,
328,wind_x,SimSenX,2008-08-29 20:00:03,72000,47.511833333333335,-122.21955555555556,,1.1834919452667236,40,19,
329,wind_x,SimSenX,2008-08-29 20:30:03,73800,47.51185416666667,-122.21956944444445,,1.1097586154937744,41,19,
330,wind_x,SimSenX,2008-08-29 21:00:03,75600,47.511875,-122.21958333333332,,1.03559148311615,42,19,
331,wind_x,SimSenX,2008-08-29 21:30:03,77400,47.51189583333333,-122.21959722222222,,0.9614245295524597,43,19,
332,wind_x,SimSenX,2008-08-29 22:00:03,79200,47.51191666666667,-122.2196111111111,,0.8876911401748657,44,19,
333,wind_x,SimSenX,2008-08-29 22:30:03,81000,47.5119375,-122.219625,,0.5186008214950562,45,19,
334,wind_x,SimSenX,2008-08-29 23:00:03,82800,47.51195833333334,-122.2196388888889,,0.09176335483789444,46,19,
335,wind_x,SimSenX,2008-08-29 23:30:03,84600,47.51197916666667,-122.21965277777778,,-1.141825795173645,47,19,
336,wind_x,SimSenX,2008-08-30 00:00:03,0,47.512,-122.21966666666668,,0.0,0,19,
337,wind_x,SimSenX,2008-08-30 00:30:03,1800,47.51202083333334,-122.21968055555556,,3.060868501663208,1,19,
338,wind_x,SimSenX,2008-08-30 01:00:03,3600,47.51204166666667,-122.21969444444444,,2.912233352661133,2,19,
339,wind_x,SimSenX,2008-08-30 01:30:03,5400,47.512062500000006,-122.21970833333332,,2.762723684310913,3,19,
340,wind_x,SimSenX,2008-08-30 02:00:03,7200,47.51208333333334,-122.21972222222222,,2.5792458057403564,4,19,
341,wind_x,SimSenX,2008-08-30 02:30:03,9000,47.51210416666667,-122.2197361111111,,2.224374532699585,5,19,
342,wind_x,SimSenX,2008-08-30 03:00:03,10800,47.512125000000005,-122.21975,,1.8674156665802002,6,19,
343,wind_x,SimSenX,2008-08-30 03:30:03,12600,47.512145833333335,-122.21976388888888,,1.550665020942688,7,19,
344,wind_x,SimSenX,2008-08-30 04:00:03,14400,47.51216666666667,-122.21977777777778,,1.2483735084533691,8,19,
345,wind_x,SimSenX,2008-08-30 04:30:03,16200,47.5121875,-122.21979166666668,,1.127766728401184,9,19,
346,wind_x,SimSenX,2008-08-30 05:00:03,18000,47.51220833333333,-122.21980555555557,,1.0430828332901,10,19,
347,wind_x,SimSenX,2008-08-30 05:30:03,19800,47.51222916666667,-122.21981944444444,,0.9588942527770996,11,19,
348,wind_x,SimSenX,2008-08-30 06:00:03,21600,47.51225,-122.21983333333333,,0.8742103576660156,12,19,
349,wind_x,SimSenX,2008-08-30 06:30:03,23400,47.51227083333334,-122.21984722222224,,0.00013737622066400945,13,19,
350,wind_x,SimSenX,2008-08-30 07:00:03,25200,47.51229166666667,-122.21986111111111,,-0.7731885313987732,14,19,
351,wind_x,SimSenX,2008-08-30 07:30:03,27000,47.5123125,-122.219875,,-0.38928642868995667,15,19,
352,wind_x,SimSenX,2008-08-30 08:00:03,28800,47.51233333333334,-122.21988888888887,,-0.08637465536594391,16,19,
353,wind_x,SimSenX,2008-08-30 08:30:03,30600,47.51235416666667,-122.21990277777778,,-0.19644473493099213,17,19,
354,wind_x,SimSenX,2008-08-30 09:00:03,32400,47.512375000000006,-122.21991666666666,,-0.3071622848510742,18,19,
355,wind_x,SimSenX,2008-08-30 09:30:03,34200,47.512395833333336,-122.21993055555556,,-0.4178798794746399,19,19,
356,wind_x,SimSenX,2008-08-30 10:00:03,36000,47.51241666666667,-122.21994444444444,,-0.527949869632721,20,19,
357,wind_x,SimSenX,2008-08-30 10:30:03,37800,47.5124375,-122.21995833333334,,-0.7599818110466003,21,19,
358,wind_x,SimSenX,2008-08-30 11:00:03,39600,47.512458333333335,-122.21997222222222,,-1.0157675743103027,22,19,
359,wind_x,SimSenX,2008-08-30 11:30:03,41400,47.51247916666667,-122.21998611111113,,-0.42482998967170715,23,19,
360,wind_x,SimSenX,2008-08-30 12:00:03,43200,47.5125,-122.22,,0.23998236656188965,24,19,
361,wind_x,SimSenX,2008-08-30 12:30:03,45000,47.51252083333333,-122.22001388888889,,0.1124507412314415,25,19,
362,wind_x,SimSenX,2008-08-30 13:00:03,46800,47.51254166666667,-122.22002777777776,,-0.014335078187286854,26,19,
363,wind_x,SimSenX,2008-08-30 13:30:03,48600,47.5125625,-122.22004166666666,,-0.14186669886112213,27,19,
364,wind_x,SimSenX,2008-08-30 14:00:03,50400,47.51258333333334,-122.22005555555556,,-0.3179365396499634,28,19,
365,wind_x,SimSenX,2008-08-30 14:30:03,52200,47.51260416666667,-122.22006944444443,,-0.7394185066223145,29,19,
366,wind_x,SimSenX,2008-08-30 15:00:03,54000,47.512625,-122.22008333333332,,-1.1633799076080322,30,19,
367,wind_x,SimSenX,2008-08-30 15:30:03,55800,47.51264583333334,-122.22009722222222,,-1.105800986289978,31,19,
368,wind_x,SimSenX,2008-08-30 16:00:03,57600,47.51266666666667,-122.22011111111112,,-0.8975764513015747,32,19,
369,wind_x,SimSenX,2008-08-30 16:30:03,59400,47.512687500000006,-122.220125,,-0.7074382305145264,33,19,
370,wind_x,SimSenX,2008-08-30 17:00:03,61200,47.512708333333336,-122.22013888888888,,-0.5210811495780945,34,19,
371,wind_x,SimSenX,2008-08-30 17:30:03,63000,47.51272916666667,-122.22015277777776,,-0.33581387996673584,35,19,
372,wind_x,SimSenX,2008-08-30 18:00:03,64800,47.51275,-122.22016666666669,,-0.14945684373378754,36,19,
373,wind_x,SimSenX,2008-08-30 18:30:03,66600,47.512770833333335,-122.22018055555556,,-0.5814914107322693,37,19,
374,wind_x,SimSenX,2008-08-30 19:00:03,68400,47.51279166666667,-122.22019444444445,,-0.8917349576950073,38,19,
375,wind_x,SimSenX,2008-08-30 19:30:03,70200,47.5128125,-122.22020833333332,,0.24501824378967285,39,19,
376,wind_x,SimSenX,2008-08-30 20:00:03,72000,47.51283333333333,-122.22022222222222,,1.1834919452667236,40,19,
377,wind_x,SimSenX,2008-08-30 20:30:03,73800,47.51285416666667,-122.2202361111111,,1.1097586154937744,41,19,
378,wind_x,SimSenX,2008-08-30 21:00:03,75600,47.512875,-122.22025,,1.03559148311615,42,19,
379,wind_x,SimSenX,2008-08-30 21:30:03,77400,47.51289583333334,-122.2202638888889,,0.9614245295524597,43,19,
380,wind_x,SimSenX,2008-08-30 22:00:03,79200,47.51291666666667,-122.22027777777778,,0.8876911401748657,44,19,
381,wind_x,SimSenX,2008-08-30 22:30:03,81000,47.5129375,-122.22029166666668,,0.5186008214950562,45,19,
382,wind_x,SimSenX,2008-08-30 23:00:03,82800,47.51295833333334,-122.22030555555556,,0.09176335483789444,46,19,
383,wind_x,SimSenX,2008-08-30 23:30:03,84600,47.51297916666667,-122.22031944444444,,-1.141825795173645,47,19,
384,wind_x,SimSenX,2008-08-31 00:00:03,0,47.513000000000005,-122.22033333333331,,0.0,0,19,
385,wind_x,SimSenX,2008-08-31 00:30:03,1800,47.513020833333336,-122.22034722222222,,3.060868501663208,1,19,
386,wind_x,SimSenX,2008-08-31 01:00:03,3600,47.513041666666666,-122.2203611111111,,2.912233352661133,2,19,
387,wind_x,SimSenX,2008-08-31 01:30:03,5400,47.5130625,-122.220375,,2.762723684310913,3,19,
388,wind_x,SimSenX,2008-08-31 02:00:03,7200,47.51308333333333,-122.22038888888888,,2.5792458057403564,4,19,
389,wind_x,SimSenX,2008-08-31 02:30:03,9000,47.51310416666667,-122.22040277777778,,2.224374532699585,5,19,
390,wind_x,SimSenX,2008-08-31 03:00:03,10800,47.513125,-122.22041666666668,,1.8674156665802002,6,19,
391,wind_x,SimSenX,2008-08-31 03:30:03,12600,47.51314583333333,-122.22043055555557,,1.550665020942688,7,19,
392,wind_x,SimSenX,2008-08-31 04:00:03,14400,47.51316666666667,-122.22044444444444,,1.2483735084533691,8,19,
393,wind_x,SimSenX,2008-08-31 04:30:03,16200,47.5131875,-122.22045833333333,,1.127766728401184,9,19,
394,wind_x,SimSenX,2008-08-31 05:00:03,18000,47.51320833333334,-122.22047222222224,,1.0430828332901,10,19,
395,wind_x,SimSenX,2008-08-31 05:30:03,19800,47.51322916666667,-122.22048611111111,,0.9588942527770996,11,19,
396,wind_x,SimSenX,2008-08-31 06:00:03,21600,47.51325,-122.2205,,0.8742103576660156,12,19,
397,wind_x,SimSenX,2008-08-31 06:30:03,23400,47.51327083333334,-122.22051388888887,,0.00013737622066400945,13,19,
398,wind_x,SimSenX,2008-08-31 07:00:03,25200,47.51329166666667,-122.22052777777778,,-0.7731885313987732,14,19,
399,wind_x,SimSenX,2008-08-31 07:30:03,27000,47.513312500000005,-122.22054166666666,,-0.38928642868995667,15,19,
400,wind_x,SimSenX,2008-08-31 08:00:03,28800,47.513333333333335,-122.22055555555556,,-0.08637465536594391,16,19,
401,wind_x,SimSenX,2008-08-31 08:30:03,30600,47.51335416666667,-122.22056944444444,,-0.19644473493099213,17,19,
402,wind_x,SimSenX,2008-08-31 09:00:03,32400,47.513375,-122.22058333333334,,-0.3071622848510742,18,19,
403,wind_x,SimSenX,2008-08-31 09:30:03,34200,47.51339583333333,-122.22059722222222,,-0.4178798794746399,19,29,
404,wind_x,SimSenX,2008-08-31 10:00:03,36000,47.51341666666667,-122.22061111111113,,-0.527949869632721,20,29,
405,wind_x,SimSenX,2008-08-31 10:30:03,37800,47.5134375,-122.220625,,-0.7599818110466003,21,29,
406,wind_x,SimSenX,2008-08-31 11:00:03,39600,47.51345833333334,-122.22063888888889,,-1.0157675743103027,22,29,
407,wind_x,SimSenX,2008-08-31 11:30:03,41400,47.51347916666667,-122.22065277777776,,-0.42482998967170715,23,29,
408,wind_x,SimSenX,2008-08-31 12:00:03,43200,47.5135,-122.22066666666666,,0.23998236656188965,24,29,
409,wind_x,SimSenX,2008-08-31 12:30:03,45000,47.51352083333334,-122.22068055555556,,0.1124507412314415,25,29,
410,wind_x,SimSenX,2008-08-31 13:00:03,46800,47.51354166666667,-122.22069444444443,,-0.014335078187286854,26,29,
411,wind_x,SimSenX,2008-08-31 13:30:03,48600,47.513562500000006,-122.22070833333332,,-0.14186669886112213,27,29,
412,wind_x,SimSenX,2008-08-31 14:00:03,50400,47.51358333333334,-122.22072222222222,,-0.3179365396499634,28,29,
413,wind_x,SimSenX,2008-08-31 14:30:03,52200,47.51360416666667,-122.22073611111112,,-0.7394185066223145,29,29,
414,wind_x,SimSenX,2008-08-31 15:00:03,54000,47.513625000000005,-122.22075,,-1.1633799076080322,30,29,
415,wind_x,SimSenX,2008-08-31 15:30:03,55800,47.513645833333335,-122.22076388888888,,-1.105800986289978,31,29,
416,wind_x,SimSenX,2008-08-31 16:00:03,57600,47.51366666666667,-122.22077777777776,,-0.8975764513015747,32,29,
417,wind_x,SimSenX,2008-08-31 16:30:03,59400,47.5136875,-122.22079166666668,,-0.7074382305145264,33,29,
418,wind_x,SimSenX,2008-08-31 17:00:03,61200,47.51370833333333,-122.22080555555556,,-0.5210811495780945,34,29,
419,wind_x,SimSenX,2008-08-31 17:30:03,63000,47.51372916666667,-122.22081944444444,,-0.33581387996673584,35,29,
420,wind_x,SimSenX,2008-08-31 18:00:03,64800,47.51375,-122.22083333333332,,-0.14945684373378754,36,29,
421,wind_x,SimSenX,2008-08-31 18:30:03,66600,47.51377083333334,-122.22084722222222,,-0.5814914107322693,37,29,
422,wind_x,SimSenX,2008-08-31 19:00:03,68400,47.51379166666667,-122.2208611111111,,-0.8917349576950073,38,29,
423,wind_x,SimSenX,2008-08-31 19:30:03,70200,47.5138125,-122.220875,,0.24501824378967285,39,29,
424,wind_x,SimSenX,2008-08-31 20:00:03,72000,47.51383333333334,-122.2208888888889,,1.1834919452667236,40,29,
425,wind_x,SimSenX,2008-08-31 20:30:03,73800,47.51385416666667,-122.22090277777778,,1.1097586154937744,41,29,
426,wind_x,SimSenX,2008-08-31 21:00:03,75600,47.513875000000006,-122.22091666666668,,1.03559148311615,42,29,
427,wind_x,SimSenX,2008-08-31 21:30:03,77400,47.513895833333336,-122.22093055555555,,0.9614245295524597,43,29,
428,wind_x,SimSenX,2008-08-31 22:00:03,79200,47.51391666666667,-122.22094444444444,,0.8876911401748657,44,29,
429,wind_x,SimSenX,2008-08-31 22:30:03,81000,47.5139375,-122.22095833333331,,0.5186008214950562,45,29,
430,wind_x,SimSenX,2008-08-31 23:00:03,82800,47.513958333333335,-122.22097222222222,,0.09176335483789444,46,29,
431,wind_x,SimSenX,2008-08-31 23:30:03,84600,47.51397916666667,-122.2209861111111,,-1.141825795173645,47,29,
432,wind_x,SimSenX,2008-09-01 00:00:03,0,47.514,-122.221,,0.0,0,29,
433,wind_x,SimSenX,2008-09-01 00:30:03,1800,47.51402083333333,-122.22101388888888,,3.060868501663208,1,29,
434,wind_x,SimSenX,2008-09-01 01:00:03,3600,47.51404166666667,-122.22102777777778,,2.912233352661133,2,29,
435,wind_x,SimSenX,2008-09-01 01:30:03,5400,47.5140625,-122.22104166666666,,2.762723684310913,3,29,
436,wind_x,SimSenX,2008-09-01 02:00:03,7200,47.51408333333334,-122.22105555555557,,2.5792458057403564,4,29,
437,wind_x,SimSenX,2008-09-01 02:30:03,9000,47.51410416666667,-122.22106944444444,,2.224374532699585,5,29,
438,wind_x,SimSenX,2008-09-01 03:00:03,10800,47.514125,-122.22108333333333,,1.8674156665802002,6,29,
439,wind_x,SimSenX,2008-09-01 03:30:03,12600,47.51414583333334,-122.22109722222224,,1.550665020942688,7,29,
440,wind_x,SimSenX,2008-09-01 04:00:03,14400,47.51416666666667,-122.22111111111111,,1.2483735084533691,8,29,
441,wind_x,SimSenX,2008-09-01 04:30:03,16200,47.514187500000006,-122.221125,,1.127766728401184,9,29,
442,wind_x,SimSenX,2008-09-01 05:00:03,18000,47.514208333333336,-122.22113888888887,,1.0430828332901,10,29,
443,wind_x,SimSenX,2008-09-01 05:30:03,19800,47.51422916666667,-122.22115277777776,,0.9588942527770996,11,29,
444,wind_x,SimSenX,2008-09-01 06:00:03,21600,47.51425,-122.22116666666666,,0.8742103576660156,12,29,
445,wind_x,SimSenX,2008-09-01 06:30:03,23400,47.514270833333335,-122.22118055555556,,0.00013737622066400945,13,29,
446,wind_x,SimSenX,2008-09-01 07:00:03,25200,47.51429166666667,-122.22119444444444,,-0.7731885313987732,14,29,
447,wind_x,SimSenX,2008-09-01 07:30:03,27000,47.5143125,-122.22120833333334,,-0.38928642868995667,15,29,
448,wind_x,SimSenX,2008-09-01 08:00:03,28800,47.51433333333333,-122.22122222222222,,-0.08637465536594391,16,29,
449,wind_x,SimSenX,2008-09-01 08:30:03,30600,47.51435416666667,-122.22123611111112,,-0.19644473493099213,17,29,
450,wind_x,SimSenX,2008-09-01 09:00:03,32400,47.514375,-122.22125,,-0.3071622848510742,18,29,
451,wind_x,SimSenX,2008-09-01 09:30:03,34200,47.51439583333334,-122.22126388888888,,-0.4178798794746399,19,29,
452,wind_x,SimSenX,2008-09-01 10:00:03,36000,47.51441666666667,-122.22127777777776,,-0.527949869632721,20,29,
453,wind_x,SimSenX,2008-09-01 10:30:03,37800,47.5144375,-122.22129166666666,,-0.7599818110466003,21,29,
454,wind_x,SimSenX,2008-09-01 11:00:03,39600,47.51445833333334,-122.22130555555556,,-1.0157675743103027,22,29,
455,wind_x,SimSenX,2008-09-01 11:30:03,41400,47.51447916666667,-122.22131944444445,,-0.42482998967170715,23,29,
456,wind_x,SimSenX,2008-09-01 12:00:03,43200,47.514500000000005,-122.22133333333332,,0.23998236656188965,24,29,
457,wind_x,SimSenX,2008-09-01 12:30:03,45000,47.514520833333336,-122.22134722222222,,0.1124507412314415,25,29,
458,wind_x,SimSenX,2008-09-01 13:00:03,46800,47.514541666666666,-122.22136111111112,,-0.014335078187286854,26,29,
459,wind_x,SimSenX,2008-09-01 13:30:03,48600,47.5145625,-122.221375,,-0.14186669886112213,27,29,
460,wind_x,SimSenX,2008-09-01 14:00:03,50400,47.51458333333333,-122.22138888888888,,-0.3179365396499634,28,29,
461,wind_x,SimSenX,2008-09-01 14:30:03,52200,47.51460416666667,-122.22140277777775,,-0.7394185066223145,29,29,
462,wind_x,SimSenX,2008-09-01 15:00:03,54000,47.514625,-122.22141666666668,,-1.1633799076080322,30,29,
463,wind_x,SimSenX,2008-09-01 15:30:03,55800,47.51464583333333,-122.22143055555556,,-1.105800986289978,31,29,
464,wind_x,SimSenX,2008-09-01 16:00:03,57600,47.51466666666667,-122.22144444444444,,-0.8975764513015747,32,29,
465,wind_x,SimSenX,2008-09-01 16:30:03,59400,47.5146875,-122.22145833333332,,-0.7074382305145264,33,29,
466,wind_x,SimSenX,2008-09-01 17:00:03,61200,47.51470833333334,-122.22147222222222,,-0.5210811495780945,34,29,
467,wind_x,SimSenX,2008-09-01 17:30:03,63000,47.51472916666667,-122.2214861111111,,-0.33581387996673584,35,29,
468,wind_x,SimSenX,2008-09-01 18:00:03,64800,47.51475000000001,-122.2215,,-0.14945684373378754,36,29,
469,wind_x,SimSenX,2008-09-01 18:30:03,66600,47.51477083333334,-122.2215138888889,,-0.5814914107322693,37,29,
470,wind_x,SimSenX,2008-09-01 19:00:03,68400,47.51479166666667,-122.22152777777778,,-0.8917349576950073,38,29,
471,wind_x,SimSenX,2008-09-01 19:30:03,70200,47.514812500000005,-122.22154166666668,,0.24501824378967285,39,29,
472,wind_x,SimSenX,2008-09-01 20:00:03,72000,47.514833333333335,-122.22155555555555,,1.1834919452667236,40,29,
473,wind_x,SimSenX,2008-09-01 20:30:03,73800,47.51485416666667,-122.22156944444444,,1.1097586154937744,41,29,
474,wind_x,SimSenX,2008-09-01 21:00:03,75600,47.514875,-122.22158333333331,,1.03559148311615,42,29,
475,wind_x,SimSenX,2008-09-01 21:30:03,77400,47.51489583333333,-122.2215972222222,,0.9614245295524597,43,29,
476,wind_x,SimSenX,2008-09-01 22:00:03,79200,47.51491666666667,-122.2216111111111,,0.8876911401748657,44,29,
477,wind_x,SimSenX,2008-09-01 22:30:03,81000,47.5149375,-122.221625,,0.5186008214950562,45,29,
478,wind_x,SimSenX,2008-09-01 23:00:03,82800,47.51495833333334,-122.22163888888888,,0.09176335483789444,46,29,
479,wind_x,SimSenX,2008-09-01 23:30:03,84600,47.51497916666667,-122.22165277777778,,-1.141825795173645,47,29,
480,wind_x,SimSenX,2008-09-02 00:00:03,0,47.515,-122.22166666666666,,0.0,0,29,
481,wind_x,SimSenX,2008-09-02 00:30:03,1800,47.51502083333334,-122.22168055555557,,3.060868501663208,1,29,
482,wind_x,SimSenX,2008-09-02 01:00:03,3600,47.51504166666667,-122.22169444444444,,2.912233352661133,2,29,
483,wind_x,SimSenX,2008-09-02 01:30:03,5400,47.515062500000006,-122.22170833333332,,2.762723684310913,3,29,
484,wind_x,SimSenX,2008-09-02 02:00:03,7200,47.51508333333334,-122.22172222222224,,2.5792458057403564,4,29,
485,wind_x,SimSenX,2008-09-02 02:30:03,9000,47.51510416666667,-122.22173611111111,,2.224374532699585,5,29,
486,wind_x,SimSenX,2008-09-02 03:00:03,10800,47.515125000000005,-122.22175,,1.8674156665802002,6,29,
487,wind_x,SimSenX,2008-09-02 03:30:03,12600,47.515145833333335,-122.22176388888889,,1.550665020942688,7,29,
488,wind_x,SimSenX,2008-09-02 04:00:03,14400,47.51516666666667,-122.22177777777776,,1.2483735084533691,8,29,
489,wind_x,SimSenX,2008-09-02 04:30:03,16200,47.5151875,-122.22179166666666,,1.127766728401184,9,29,
490,wind_x,SimSenX,2008-09-02 05:00:03,18000,47.51520833333333,-122.22180555555556,,1.0430828332901,10,29,
491,wind_x,SimSenX,2008-09-02 05:30:03,19800,47.51522916666667,-122.22181944444444,,0.9588942527770996,11,29,
492,wind_x,SimSenX,2008-09-02 06:00:03,21600,47.51525,-122.22183333333334,,0.8742103576660156,12,29,
493,wind_x,SimSenX,2008-09-02 06:30:03,23400,47.51527083333334,-122.22184722222222,,0.00013737622066400945,13,29,
494,wind_x,SimSenX,2008-09-02 07:00:03,25200,47.51529166666667,-122.22186111111112,,-0.7731885313987732,14,29,
495,wind_x,SimSenX,2008-09-02 07:30:03,27000,47.5153125,-122.221875,,-0.38928642868995667,15,29,
496,wind_x,SimSenX,2008-09-02 08:00:03,28800,47.51533333333334,-122.22188888888888,,-0.08637465536594391,16,29,
497,wind_x,SimSenX,2008-09-02 08:30:03,30600,47.51535416666667,-122.22190277777776,,-0.19644473493099213,17,29,
498,wind_x,SimSenX,2008-09-02 09:00:03,32400,47.515375000000006,-122.22191666666666,,-0.3071622848510742,18,29,
499,wind_x,SimSenX,2008-09-02 09:30:03,34200,47.515395833333336,-122.22193055555556,,-0.4178798794746399,19,29,
500,wind_x,SimSenX,2008-09-02 10:00:03,36000,47.51541666666667,-122.22194444444445,,-0.527949869632721,20,29,
501,wind_x,SimSenX,2008-09-02 10:30:03,37800,47.5154375,-122.22195833333332,,-0.7599818110466003,21,29,
502,wind_x,SimSenX,2008-09-02 11:00:03,39600,47.515458333333335,-122.22197222222222,,-1.0157675743103027,22,29,
503,wind_x,SimSenX,2008-09-02 11:30:03,41400,47.51547916666667,-122.22198611111112,,-0.42482998967170715,23,29,
504,wind_x,SimSenX,2008-09-02 12:00:03,43200,47.5155,-122.222,,0.23998236656188965,24,29,
505,wind_x,SimSenX,2008-09-02 12:30:03,45000,47.51552083333333,-122.22201388888888,,0.1124507412314415,25,29,
506,wind_x,SimSenX,2008-09-02 13:00:03,46800,47.51554166666667,-122.22202777777775,,-0.014335078187286854,26,29,
507,wind_x,SimSenX,2008-09-02 13:30:03,48600,47.5155625,-122.22204166666668,,-0.14186669886112213,27,29,
508,wind_x,SimSenX,2008-09-02 14:00:03,50400,47.51558333333334,-122.22205555555556,,-0.3179365396499634,28,29,
509,wind_x,SimSenX,2008-09-02 14:30:03,52200,47.51560416666667,-122.22206944444444,,-0.7394185066223145,29,29,
510,wind_x,SimSenX,2008-09-02 15:00:03,54000,47.515625,-122.22208333333332,,-1.1633799076080322,30,29,
511,wind_x,SimSenX,2008-09-02 15:30:03,55800,47.51564583333334,-122.22209722222222,,-1.105800986289978,31,29,
512,wind_x,SimSenX,2008-09-02 16:00:03,57600,47.51566666666667,-122.2221111111111,,-0.8975764513015747,32,29,
513,wind_x,SimSenX,2008-09-02 16:30:03,59400,47.515687500000006,-122.222125,,-0.7074382305145264,33,29,
514,wind_x,SimSenX,2008-09-02 17:00:03,61200,47.515708333333336,-122.22213888888888,,-0.5210811495780945,34,29,
515,wind_x,SimSenX,2008-09-02 17:30:03,63000,47.51572916666667,-122.22215277777778,,-0.33581387996673584,35,29,
516,wind_x,SimSenX,2008-09-02 18:00:03,64800,47.51575,-122.22216666666668,,-0.14945684373378754,36,29,
517,wind_x,SimSenX,2008-09-02 18:30:03,66600,47.515770833333335,-122.22218055555555,,-0.5814914107322693,37,29,
518,wind_x,SimSenX,2008-09-02 19:00:03,68400,47.51579166666667,-122.22219444444444,,-0.8917349576950073,38,29,
519,wind_x,SimSenX,2008-09-02 19:30:03,70200,47.5158125,-122.22220833333331,,0.24501824378967285,39,29,
520,wind_x,SimSenX,2008-09-02 20:00:03,72000,47.51583333333333,-122.2222222222222,,1.1834919452667236,40,29,
521,wind_x,SimSenX,2008-09-02 20:30:03,73800,47.51585416666667,-122.2222361111111,,1.1097586154937744,41,29,
522,wind_x,SimSenX,2008-09-02 21:00:03,75600,47.515875,-122.22225,,1.03559148311615,42,29,
523,wind_x,SimSenX,2008-09-02 21:30:03,77400,47.51589583333334,-122.22226388888888,,0.9614245295524597,43,29,
524,wind_x,SimSenX,2008-09-02 22:00:03,79200,47.51591666666667,-122.22227777777778,,0.8876911401748657,44,29,
525,wind_x,SimSenX,2008-09-02 22:30:03,81000,47.5159375,-122.22229166666666,,0.5186008214950562,45,29,
526,wind_x,SimSenX,2008-09-02 23:00:03,82800,47.51595833333334,-122.22230555555556,,0.09176335483789444,46,29,
527,wind_x,SimSenX,2008-09-02 23:30:03,84600,47.51597916666667,-122.22231944444444,,-1.141825795173645,47,29,
528,wind_x,SimSenX,2008-09-03 00:00:03,0,47.516000000000005,-122.22233333333332,,0.0,0,29,
529,wind_x,SimSenX,2008-09-03 00:30:03,1800,47.516020833333336,-122.22234722222224,,3.060868501663208,1,29,
530,wind_x,SimSenX,2008-09-03 01:00:03,3600,47.516041666666666,-122.22236111111113,,2.912233352661133,2,29,
531,wind_x,SimSenX,2008-09-03 01:30:03,5400,47.5160625,-122.222375,,2.762723684310913,3,29,
532,wind_x,SimSenX,2008-09-03 02:00:03,7200,47.51608333333333,-122.22238888888889,,2.5792458057403564,4,29,
533,wind_x,SimSenX,2008-09-03 02:30:03,9000,47.51610416666667,-122.22240277777776,,2.224374532699585,5,29,
534,wind_x,SimSenX,2008-09-03 03:00:03,10800,47.516125,-122.22241666666666,,1.8674156665802002,6,29,
535,wind_x,SimSenX,2008-09-03 03:30:03,12600,47.51614583333333,-122.22243055555556,,1.550665020942688,7,29,
536,wind_x,SimSenX,2008-09-03 04:00:03,14400,47.51616666666667,-122.22244444444443,,1.2483735084533691,8,29,
537,wind_x,SimSenX,2008-09-03 04:30:03,16200,47.5161875,-122.22245833333334,,1.127766728401184,9,29,
538,wind_x,SimSenX,2008-09-03 05:00:03,18000,47.51620833333334,-122.22247222222222,,1.0430828332901,10,29,
539,wind_x,SimSenX,2008-09-03 05:30:03,19800,47.51622916666667,-122.22248611111112,,0.9588942527770996,11,29,
540,wind_x,SimSenX,2008-09-03 06:00:03,21600,47.51625,-122.2225,,0.8742103576660156,12,29,
541,wind_x,SimSenX,2008-09-03 06:30:03,23400,47.51627083333334,-122.22251388888888,,0.00013737622066400945,13,29,
542,wind_x,SimSenX,2008-09-03 07:00:03,25200,47.51629166666667,-122.22252777777776,,-0.7731885313987732,14,29,
543,wind_x,SimSenX,2008-09-03 07:30:03,27000,47.516312500000005,-122.22254166666666,,-0.38928642868995667,15,29,
544,wind_x,SimSenX,2008-09-03 08:00:03,28800,47.516333333333336,-122.22255555555556,,-0.08637465536594391,16,29,
545,wind_x,SimSenX,2008-09-03 08:30:03,30600,47.51635416666667,-122.22256944444445,,-0.19644473493099213,17,29,
546,wind_x,SimSenX,2008-09-03 09:00:03,32400,47.516375,-122.22258333333332,,-0.3071622848510742,18,29,
547,wind_x,SimSenX,2008-09-03 09:30:03,34200,47.51639583333333,-122.22259722222222,,-0.4178798794746399,19,29,
548,wind_x,SimSenX,2008-09-03 10:00:03,36000,47.51641666666667,-122.2226111111111,,-0.527949869632721,20,29,
549,wind_x,SimSenX,2008-09-03 10:30:03,37800,47.5164375,-122.222625,,-0.7599818110466003,21,29,
550,wind_x,SimSenX,2008-09-03 11:00:03,39600,47.51645833333334,-122.22263888888888,,-1.0157675743103027,22,29,
551,wind_x,SimSenX,2008-09-03 11:30:03,41400,47.51647916666667,-122.22265277777775,,-0.42482998967170715,23,29,
552,wind_x,SimSenX,2008-09-03 12:00:03,43200,47.5165,-122.22266666666668,,0.23998236656188965,24,29,
553,wind_x,SimSenX,2008-09-03 12:30:03,45000,47.51652083333334,-122.22268055555556,,0.1124507412314415,25,29,
554,wind_x,SimSenX,2008-09-03 13:00:03,46800,47.51654166666667,-122.22269444444444,,-0.014335078187286854,26,29,
555,wind_x,SimSenX,2008-09-03 13:30:03,48600,47.516562500000006,-122.22270833333332,,-0.14186669886112213,27,29,
556,wind_x,SimSenX,2008-09-03 14:00:03,50400,47.51658333333334,-122.22272222222222,,-0.3179365396499634,28,29,
557,wind_x,SimSenX,2008-09-03 14:30:03,52200,47.51660416666667,-122.2227361111111,,-0.7394185066223145,29,29,
558,wind_x,SimSenX,2008-09-03 15:00:03,54000,47.516625000000005,-122.22275,,-1.1633799076080322,30,29,
559,wind_x,SimSenX,2008-09-03 15:30:03,55800,47.516645833333335,-122.22276388888888,,-1.105800986289978,31,29,
560,wind_x,SimSenX,2008-09-03 16:00:03,57600,47.51666666666667,-122.22277777777778,,-0.8975764513015747,32,29,
561,wind_x,SimSenX,2008-09-03 16:30:03,59400,47.5166875,-122.22279166666668,,-0.7074382305145264,33,29,
562,wind_x,SimSenX,2008-09-03 17:00:03,61200,47.51670833333333,-122.22280555555557,,-0.5210811495780945,34,29,
563,wind_x,SimSenX,2008-09-03 17:30:03,63000,47.51672916666667,-122.22281944444444,,-0.33581387996673584,35,29,
564,wind_x,SimSenX,2008-09-03 18:00:03,64800,47.51675,-122.22283333333333,,-0.14945684373378754,36,29,
565,wind_x,SimSenX,2008-09-03 18:30:03,66600,47.51677083333334,-122.2228472222222,,-0.5814914107322693,37,29,
566,wind_x,SimSenX,2008-09-03 19:00:03,68400,47.51679166666667,-122.2228611111111,,-0.8917349576950073,38,29,
567,wind_x,SimSenX,2008-09-03 19:30:03,70200,47.5168125,-122.222875,,0.24501824378967285,39,29,
568,wind_x,SimSenX,2008-09-03 20:00:03,72000,47.51683333333334,-122.22288888888887,,1.1834919452667236,40,29,
569,wind_x,SimSenX,2008-09-03 20:30:03,73800,47.51685416666667,-122.22290277777778,,1.1097586154937744,41,29,
570,wind_x,SimSenX,2008-09-03 21:00:03,75600,47.516875000000006,-122.22291666666666,,1.03559148311615,42,29,
571,wind_x,SimSenX,2008-09-03 21:30:03,77400,47.516895833333336,-122.22293055555556,,0.9614245295524597,43,29,
572,wind_x,SimSenX,2008-09-03 22:00:03,79200,47.51691666666667,-122.22294444444444,,0.8876911401748657,44,29,
573,wind_x,SimSenX,2008-09-03 22:30:03,81000,47.5169375,-122.22295833333332,,0.5186008214950562,45,29,
574,wind_x,SimSenX,2008-09-03 23:00:03,82800,47.516958333333335,-122.22297222222224,,0.09176335483789444,46,29,
575,wind_x,SimSenX,2008-09-03 23:30:03,84600,47.51697916666667,-122.22298611111113,,-1.141825795173645,47,29,
576,wind_x,SimSenX,2008-09-04 00:00:03,0,47.517,-122.223,,0.0,0,29,
577,wind_x,SimSenX,2008-09-04 00:30:03,1800,47.51702083333333,-122.22301388888889,,3.060868501663208,1,29,
578,wind_x,SimSenX,2008-09-04 01:00:03,3600,47.51704166666667,-122.22302777777776,,2.912233352661133,2,29,
579,wind_x,SimSenX,2008-09-04 01:30:03,5400,47.5170625,-122.22304166666666,,2.762723684310913,3,29,
580,wind_x,SimSenX,2008-09-04 02:00:03,7200,47.51708333333334,-122.22305555555556,,2.5792458057403564,4,29,
581,wind_x,SimSenX,2008-09-04 02:30:03,9000,47.51710416666667,-122.22306944444443,,2.224374532699585,5,29,
582,wind_x,SimSenX,2008-09-04 03:00:03,10800,47.517125,-122.22308333333334,,1.8674156665802002,6,40,
583,wind_x,SimSenX,2008-09-04 03:30:03,12600,47.51714583333334,-122.22309722222222,,1.550665020942688,7,40,
584,wind_x,SimSenX,2008-09-04 04:00:03,14400,47.51716666666667,-122.22311111111112,,1.2483735084533691,8,40,
585,wind_x,SimSenX,2008-09-04 04:30:03,16200,47.517187500000006,-122.223125,,1.127766728401184,9,40,
586,wind_x,SimSenX,2008-09-04 05:00:03,18000,47.517208333333336,-122.22313888888888,,1.0430828332901,10,40,
587,wind_x,SimSenX,2008-09-04 05:30:03,19800,47.51722916666667,-122.22315277777776,,0.9588942527770996,11,40,
588,wind_x,SimSenX,2008-09-04 06:00:03,21600,47.51725,-122.22316666666666,,0.8742103576660156,12,40,
589,wind_x,SimSenX,2008-09-04 06:30:03,23400,47.517270833333335,-122.22318055555556,,0.00013737622066400945,13,40,
590,wind_x,SimSenX,2008-09-04 07:00:03,25200,47.51729166666667,-122.22319444444445,,-0.7731885313987732,14,40,
591,wind_x,SimSenX,2008-09-04 07:30:03,27000,47.5173125,-122.22320833333332,,-0.38928642868995667,15,40,
592,wind_x,SimSenX,2008-09-04 08:00:03,28800,47.51733333333333,-122.22322222222222,,-0.08637465536594391,16,40,
593,wind_x,SimSenX,2008-09-04 08:30:03,30600,47.51735416666667,-122.2232361111111,,-0.19644473493099213,17,40,
594,wind_x,SimSenX,2008-09-04 09:00:03,32400,47.517375,-122.22325,,-0.3071622848510742,18,40,
595,wind_x,SimSenX,2008-09-04 09:30:03,34200,47.51739583333334,-122.22326388888888,,-0.4178798794746399,19,40,
596,wind_x,SimSenX,2008-09-04 10:00:03,36000,47.51741666666667,-122.22327777777777,,-0.527949869632721,20,40,
597,wind_x,SimSenX,2008-09-04 10:30:03,37800,47.5174375,-122.22329166666668,,-0.7599818110466003,21,40,
598,wind_x,SimSenX,2008-09-04 11:00:03,39600,47.51745833333334,-122.22330555555556,,-1.0157675743103027,22,40,
599,wind_x,SimSenX,2008-09-04 11:30:03,41400,47.51747916666667,-122.22331944444444,,-0.42482998967170715,23,40,
600,wind_x,SimSenX,2008-09-04 12:00:03,43200,47.517500000000005,-122.22333333333331,,0.23998236656188965,24,40,
601,wind_x,SimSenX,2008-09-04 12:30:03,45000,47.517520833333336,-122.22334722222222,,0.1124507412314415,25,40,
602,wind_x,SimSenX,2008-09-04 13:00:03,46800,47.517541666666666,-122.2233611111111,,-0.014335078187286854,26,40,
603,wind_x,SimSenX,2008-09-04 13:30:03,48600,47.5175625,-122.223375,,-0.14186669886112213,27,40,
604,wind_x,SimSenX,2008-09-04 14:00:03,50400,47.51758333333333,-122.22338888888888,,-0.3179365396499634,28,40,
605,wind_x,SimSenX,2008-09-04 14:30:03,52200,47.51760416666667,-122.22340277777778,,-0.7394185066223145,29,40,
606,wind_x,SimSenX,2008-09-04 15:00:03,54000,47.517625,-122.22341666666668,,-1.1633799076080322,30,40,
607,wind_x,SimSenX,2008-09-04 15:30:03,55800,47.51764583333333,-122.22343055555557,,-1.105800986289978,31,40,
608,wind_x,SimSenX,2008-09-04 16:00:03,57600,47.51766666666667,-122.22344444444444,,-0.8975764513015747,32,40,
609,wind_x,SimSenX,2008-09-04 16:30:03,59400,47.5176875,-122.22345833333333,,-0.7074382305145264,33,40,
610,wind_x,SimSenX,2008-09-04 17:00:03,61200,47.51770833333334,-122.2234722222222,,-0.5210811495780945,34,40,
611,wind_x,SimSenX,2008-09-04 17:30:03,63000,47.51772916666667,-122.2234861111111,,-0.33581387996673584,35,40,
612,wind_x,SimSenX,2008-09-04 18:00:03,64800,47.51775000000001,-122.2235,,-0.14945684373378754,36,40,
613,wind_x,SimSenX,2008-09-04 18:30:03,66600,47.51777083333334,-122.22351388888887,,-0.5814914107322693,37,40,
614,wind_x,SimSenX,2008-09-04 19:00:03,68400,47.51779166666667,-122.22352777777778,,-0.8917349576950073,38,40,
615,wind_x,SimSenX,2008-09-04 19:30:03,70200,47.517812500000005,-122.22354166666666,,0.24501824378967285,39,40,
616,wind_x,SimSenX,2008-09-04 20:00:03,72000,47.517833333333336,-122.22355555555556,,1.1834919452667236,40,40,
617,wind_x,SimSenX,2008-09-04 20:30:03,73800,47.51785416666667,-122.22356944444444,,1.1097586154937744,41,40,
618,wind_x,SimSenX,2008-09-04 21:00:03,75600,47.517875,-122.22358333333332,,1.03559148311615,42,40,
619,wind_x,SimSenX,2008-09-04 21:30:03,77400,47.51789583333333,-122.22359722222222,,0.9614245295524597,43,40,
620,wind_x,SimSenX,2008-09-04 22:00:03,79200,47.51791666666667,-122.22361111111113,,0.8876911401748657,44,40,
621,wind_x,SimSenX,2008-09-04 22:30:03,81000,47.5179375,-122.223625,,0.5186008214950562,45,40,
622,wind_x,SimSenX,2008-09-04 23:00:03,82800,47.51795833333334,-122.22363888888889,,0.09176335483789444,46,40,
623,wind_x,SimSenX,2008-09-04 23:30:03,84600,47.51797916666667,-122.22365277777776,,-1.141825795173645,47,40,
624,wind_x,SimSenX,2008-09-05 00:00:03,0,47.518,-122.22366666666666,,0.0,0,40,
625,wind_x,SimSenX,2008-09-05 00:30:03,1800,47.51802083333334,-122.22368055555556,,3.060868501663208,1,40,
626,wind_x,SimSenX,2008-09-05 01:00:03,3600,47.51804166666667,-122.22369444444443,,2.912233352661133,2,40,
627,wind_x,SimSenX,2008-09-05 01:30:03,5400,47.518062500000006,-122.22370833333332,,2.762723684310913,3,40,
628,wind_x,SimSenX,2008-09-05 02:00:03,7200,47.51808333333334,-122.22372222222222,,2.5792458057403564,4,40,
629,wind_x,SimSenX,2008-09-05 02:30:03,9000,47.51810416666667,-122.22373611111112,,2.224374532699585,5,40,
630,wind_x,SimSenX,2008-09-05 03:00:03,10800,47.518125000000005,-122.22375,,1.8674156665802002,6,40,
631,wind_x,SimSenX,2008-09-05 03:30:03,12600,47.518145833333335,-122.22376388888888,,1.550665020942688,7,40,
632,wind_x,SimSenX,2008-09-05 04:00:03,14400,47.51816666666667,-122.22377777777776,,1.2483735084533691,8,40,
633,wind_x,SimSenX,2008-09-05 04:30:03,16200,47.5181875,-122.22379166666666,,1.127766728401184,9,40,
634,wind_x,SimSenX,2008-09-05 05:00:03,18000,47.51820833333333,-122.22380555555556,,1.0430828332901,10,40,
635,wind_x,SimSenX,2008-09-05 05:30:03,19800,47.51822916666667,-122.22381944444444,,0.9588942527770996,11,40,
636,wind_x,SimSenX,2008-09-05 06:00:03,21600,47.51825,-122.22383333333332,,0.8742103576660156,12,40,
637,wind_x,SimSenX,2008-09-05 06:30:03,23400,47.51827083333334,-122.22384722222222,,0.00013737622066400945,13,40,
638,wind_x,SimSenX,2008-09-05 07:00:03,25200,47.51829166666667,-122.2238611111111,,-0.7731885313987732,14,40,
639,wind_x,SimSenX,2008-09-05 07:30:03,27000,47.5183125,-122.223875,,-0.38928642868995667,15,40,
640,wind_x,SimSenX,2008-09-05 08:00:03,28800,47.51833333333334,-122.22388888888888,,-0.08637465536594391,16,40,
641,wind_x,SimSenX,2008-09-05 08:30:03,30600,47.51835416666667,-122.22390277777777,,-0.19644473493099213,17,40,
642,wind_x,SimSenX,2008-09-05 09:00:03,32400,47.518375000000006,-122.22391666666668,,-0.3071622848510742,18,40,
643,wind_x,SimSenX,2008-09-05 09:30:03,34200,47.51839583333334,-122.22393055555555,,-0.4178798794746399,19,40,
644,wind_x,SimSenX,2008-09-05 10:00:03,36000,47.51841666666667,-122.22394444444444,,-0.527949869632721,20,40,
645,wind_x,SimSenX,2008-09-05 10:30:03,37800,47.518437500000005,-122.22395833333331,,-0.7599818110466003,21,40,
646,wind_x,SimSenX,2008-09-05 11:00:03,39600,47.518458333333335,-122.22397222222222,,-1.0157675743103027,22,40,
647,wind_x,SimSenX,2008-09-05 11:30:03,41400,47.51847916666667,-122.2239861111111,,-0.42482998967170715,23,40,
648,wind_x,SimSenX,2008-09-05 12:00:03,43200,47.5185,-122.224,,0.23998236656188965,24,40,
649,wind_x,SimSenX,2008-09-05 12:30:03,45000,47.51852083333333,-122.22401388888888,,0.1124507412314415,25,40,
650,wind_x,SimSenX,2008-09-05 13:00:03,46800,47.51854166666667,-122.22402777777778,,-0.014335078187286854,26,40,
651,wind_x,SimSenX,2008-09-05 13:30:03,48600,47.5185625,-122.22404166666666,,-0.14186669886112213,27,40,
652,wind_x,SimSenX,2008-09-05 14:00:03,50400,47.51858333333334,-122.22405555555557,,-0.3179365396499634,28,40,
653,wind_x,SimSenX,2008-09-05 14:30:03,52200,47.51860416666667,-122.22406944444444,,-0.7394185066223145,29,40,
654,wind_x,SimSenX,2008-09-05 15:00:03,54000,47.518625,-122.22408333333333,,-1.1633799076080322,30,40,
655,wind_x,SimSenX,2008-09-05 15:30:03,55800,47.51864583333334,-122.2240972222222,,-1.105800986289978,31,40,
656,wind_x,SimSenX,2008-09-05 16:00:03,57600,47.51866666666667,-122.2241111111111,,-0.8975764513015747,32,40,
657,wind_x,SimSenX,2008-09-05 16:30:03,59400,47.518687500000006,-122.224125,,-0.7074382305145264,33,40,
658,wind_x,SimSenX,2008-09-05 17:00:03,61200,47.518708333333336,-122.22413888888887,,-0.5210811495780945,34,40,
659,wind_x,SimSenX,2008-09-05 17:30:03,63000,47.51872916666667,-122.22415277777776,,-0.33581387996673584,35,40,
660,wind_x,SimSenX,2008-09-05 18:00:03,64800,47.51875,-122.22416666666666,,-0.14945684373378754,36,40,
661,wind_x,SimSenX,2008-09-05 18:30:03,66600,47.518770833333335,-122.22418055555556,,-0.5814914107322693,37,40,
662,wind_x,SimSenX,2008-09-05 19:00:03,68400,47.51879166666667,-122.22419444444444,,-0.8917349576950073,38,40,
663,wind_x,SimSenX,2008-09-05 19:30:03,70200,47.5188125,-122.22420833333332,,0.24501824378967285,39,40,
664,wind_x,SimSenX,2008-09-05 20:00:03,72000,47.51883333333333,-122.22422222222222,,1.1834919452667236,40,40,
665,wind_x,SimSenX,2008-09-05 20:30:03,73800,47.51885416666667,-122.22423611111113,,1.1097586154937744,41,40,
666,wind_x,SimSenX,2008-09-05 21:00:03,75600,47.518875,-122.22425,,1.03559148311615,42,40,
667,wind_x,SimSenX,2008-09-05 21:30:03,77400,47.51889583333334,-122.22426388888888,,0.9614245295524597,43,40,
668,wind_x,SimSenX,2008-09-05 22:00:03,79200,47.51891666666667,-122.22427777777776,,0.8876911401748657,44,40,
669,wind_x,SimSenX,2008-09-05 22:30:03,81000,47.5189375,-122.22429166666666,,0.5186008214950562,45,40,
670,wind_x,SimSenX,2008-09-05 23:00:03,82800,47.51895833333334,-122.22430555555556,,0.09176335483789444,46,40,
671,wind_x,SimSenX,2008-09-05 23:30:03,84600,47.51897916666667,-122.22431944444445,,-1.141825795173645,47,40,
672,wind_x,SimSenX,2008-09-06 00:00:03,0,47.519000000000005,-122.22433333333332,,0.0,0,40,
673,wind_x,SimSenX,2008-09-06 00:30:03,1800,47.519020833333336,-122.22434722222222,,3.060868501663208,1,40,
674,wind_x,SimSenX,2008-09-06 01:00:03,3600,47.519041666666666,-122.22436111111112,,2.912233352661133,2,40,
675,wind_x,SimSenX,2008-09-06 01:30:03,5400,47.5190625,-122.224375,,2.762723684310913,3,40,
676,wind_x,SimSenX,2008-09-06 02:00:03,7200,47.51908333333333,-122.22438888888888,,2.5792458057403564,4,40,
677,wind_x,SimSenX,2008-09-06 02:30:03,9000,47.51910416666667,-122.22440277777775,,2.224374532699585,5,40,
678,wind_x,SimSenX,2008-09-06 03:00:03,10800,47.519125,-122.22441666666666,,1.8674156665802002,6,40,
679,wind_x,SimSenX,2008-09-06 03:30:03,12600,47.51914583333333,-122.22443055555556,,1.550665020942688,7,40,
680,wind_x,SimSenX,2008-09-06 04:00:03,14400,47.51916666666667,-122.22444444444444,,1.2483735084533691,8,40,
681,wind_x,SimSenX,2008-09-06 04:30:03,16200,47.5191875,-122.22445833333332,,1.127766728401184,9,40,
682,wind_x,SimSenX,2008-09-06 05:00:03,18000,47.51920833333334,-122.22447222222222,,1.0430828332901,10,40,
683,wind_x,SimSenX,2008-09-06 05:30:03,19800,47.51922916666667,-122.2244861111111,,0.9588942527770996,11,40,
684,wind_x,SimSenX,2008-09-06 06:00:03,21600,47.51925,-122.2245,,0.8742103576660156,12,40,
685,wind_x,SimSenX,2008-09-06 06:30:03,23400,47.51927083333334,-122.22451388888888,,0.00013737622066400945,13,40,
686,wind_x,SimSenX,2008-09-06 07:00:03,25200,47.51929166666667,-122.22452777777777,,-0.7731885313987732,14,40,
687,wind_x,SimSenX,2008-09-06 07:30:03,27000,47.519312500000005,-122.22454166666668,,-0.38928642868995667,15,40,
688,wind_x,SimSenX,2008-09-06 08:00:03,28800,47.519333333333336,-122.22455555555555,,-0.08637465536594391,16,40,
689,wind_x,SimSenX,2008-09-06 08:30:03,30600,47.51935416666667,-122.22456944444444,,-0.19644473493099213,17,40,
690,wind_x,SimSenX,2008-09-06 09:00:03,32400,47.519375,-122.22458333333331,,-0.3071622848510742,18,40,
691,wind_x,SimSenX,2008-09-06 09:30:03,34200,47.51939583333333,-122.22459722222222,,-0.4178798794746399,19,40,
692,wind_x,SimSenX,2008-09-06 10:00:03,36000,47.51941666666667,-122.2246111111111,,-0.527949869632721,20,40,
693,wind_x,SimSenX,2008-09-06 10:30:03,37800,47.5194375,-122.224625,,-0.7599818110466003,21,40,
694,wind_x,SimSenX,2008-09-06 11:00:03,39600,47.51945833333334,-122.22463888888888,,-1.0157675743103027,22,40,
695,wind_x,SimSenX,2008-09-06 11:30:03,41400,47.51947916666667,-122.22465277777778,,-0.42482998967170715,23,40,
696,wind_x,SimSenX,2008-09-06 12:00:03,43200,47.5195,-122.22466666666666,,0.23998236656188965,24,40,
697,wind_x,SimSenX,2008-09-06 12:30:03,45000,47.51952083333334,-122.22468055555557,,0.1124507412314415,25,40,
698,wind_x,SimSenX,2008-09-06 13:00:03,46800,47.51954166666667,-122.22469444444444,,-0.014335078187286854,26,40,
699,wind_x,SimSenX,2008-09-06 13:30:03,48600,47.519562500000006,-122.22470833333333,,-0.14186669886112213,27,40,
700,wind_x,SimSenX,2008-09-06 14:00:03,50400,47.51958333333334,-122.2247222222222,,-0.3179365396499634,28,40,
701,wind_x,SimSenX,2008-09-06 14:30:03,52200,47.51960416666667,-122.2247361111111,,-0.7394185066223145,29,40,
702,wind_x,SimSenX,2008-09-06 15:00:03,54000,47.519625000000005,-122.22475,,-1.1633799076080322,30,40,
703,wind_x,SimSenX,2008-09-06 15:30:03,55800,47.519645833333335,-122.22476388888887,,-1.105800986289978,31,40,
704,wind_x,SimSenX,2008-09-06 16:00:03,57600,47.51966666666667,-122.22477777777776,,-0.8975764513015747,32,40,
705,wind_x,SimSenX,2008-09-06 16:30:03,59400,47.5196875,-122.22479166666666,,-0.7074382305145264,33,40,
706,wind_x,SimSenX,2008-09-06 17:00:03,61200,47.51970833333333,-122.22480555555556,,-0.5210811495780945,34,40,
707,wind_x,SimSenX,2008-09-06 17:30:03,63000,47.51972916666667,-122.22481944444444,,-0.33581387996673584,35,40,
708,wind_x,SimSenX,2008-09-06 18:00:03,64800,47.51975,-122.22483333333332,,-0.14945684373378754,36,40,
709,wind_x,SimSenX,2008-09-06 18:30:03,66600,47.51977083333334,-122.22484722222222,,-0.5814914107322693,37,40,
710,wind_x,SimSenX,2008-09-06 19:00:03,68400,47.51979166666667,-122.22486111111112,,-0.8917349576950073,38,40,
711,wind_x,SimSenX,2008-09-06 19:30:03,70200,47.5198125,-122.224875,,0.24501824378967285,39,40,
712,wind_x,SimSenX,2008-09-06 20:00:03,72000,47.51983333333334,-122.22488888888888,,1.1834919452667236,40,40,
713,wind_x,SimSenX,2008-09-06 20:30:03,73800,47.51985416666667,-122.22490277777776,,1.1097586154937744,41,40,
714,wind_x,SimSenX,2008-09-06 21:00:03,75600,47.519875000000006,-122.22491666666666,,1.03559148311615,42,40,
715,wind_x,SimSenX,2008-09-06 21:30:03,77400,47.51989583333334,-122.22493055555556,,0.9614245295524597,43,40,
716,wind_x,SimSenX,2008-09-06 22:00:03,79200,47.51991666666667,-122.22494444444445,,0.8876911401748657,44,40,
717,wind_x,SimSenX,2008-09-06 22:30:03,81000,47.519937500000005,-122.22495833333332,,0.5186008214950562,45,40,
718,wind_x,SimSenX,2008-09-06 23:00:03,82800,47.519958333333335,-122.22497222222222,,0.09176335483789444,46,40,
719,wind_x,SimSenX,2008-09-06 23:30:03,84600,47.51997916666667,-122.22498611111112,,-1.141825795173645,47,40,
720,wind_x,SimSenX,2008-09-07 00:00:03,0,47.52,-122.225,,0.0,0,40,
