,id,source,timestamp,Time,Lat,Lon,Depth,temperature,Bt,Bij,Bl
0,temperature,SimSenT,2008-08-23 00:00:04,0,47.505,-122.215,0.0,19.652999877929688,0,9,54
1,temperature,SimSenT,2008-08-23 00:30:04,1800,47.50502083333333,-122.21501388888888,0.0,19.63233184814453,1,9,54
2,temperature,SimSenT,2008-08-23 01:00:04,3600,47.50504166666667,-122.21502777777778,0.0,19.6550350189209,2,9,54
3,temperature,SimSenT,2008-08-23 01:30:04,5400,47.5050625,-122.21504166666666,0.0,19.660856246948242,3,9,54
4,temperature,SimSenT,2008-08-23 02:00:04,7200,47.50508333333334,-122.21505555555557,0.0,19.694801330566406,4,9,54
5,temperature,SimSenT,2008-08-23 02:30:04,9000,47.50510416666667,-122.21506944444444,0.0,19.785457611083984,5,9,54
6,temperature,SimSenT,2008-08-23 03:00:04,10800,47.505125,-122.21508333333334,0.0,19.849790573120117,6,9,54
7,temperature,SimSenT,2008-08-23 03:30:04,12600,47.50514583333334,-122.21509722222224,0.0,19.893909454345703,7,9,54
8,temperature,SimSenT,2008-08-23 04:00:04,14400,47.50516666666667,-122.21511111111111,0.0,19.924100875854492,8,9,54
9,temperature,SimSenT,2008-08-23 04:30:04,16200,47.505187500000005,-122.215125,0.0,19.944969177246094,9,9,54
10,temperature,SimSenT,2008-08-23 05:00:04,18000,47.505208333333336,-122.21513888888887,0.0,19.959529876708984,10,9,54
11,temperature,SimSenT,2008-08-23 05:30:04,19800,47.505229166666666,-122.21515277777776,0.0,19.9697322845459,11,9,54
12,temperature,SimSenT,2008-08-23 06:00:04,21600,47.50525,-122.21516666666668,0.0,19.976972579956055,12,9,54
13,temperature,SimSenT,2008-08-23 06:30:04,23400,47.50527083333333,-122.21518055555556,0.0,19.982561111450195,13,9,54
14,temperature,SimSenT,2008-08-23 07:00:04,25200,47.50529166666667,-122.21519444444444,0.0,19.987409591674805,14,9,54
15,temperature,SimSenT,2008-08-23 07:30:04,27000,47.5053125,-122.21520833333334,0.0,19.9949893951416,15,9,54
16,temperature,SimSenT,2008-08-23 08:00:04,28800,47.50533333333333,-122.21522222222222,0.0,20.008861541748047,16,9,54
17,temperature,SimSenT,2008-08-23 08:30:04,30600,47.50535416666667,-122.21523611111112,0.0,20.03080177307129,17,9,54
18,temperature,SimSenT,2008-08-23 09:00:04,32400,47.505375,-122.21525,0.0,20.060016632080078,18,9,54
19,temperature,SimSenT,2008-08-23 09:30:04,34200,47.50539583333334,-122.2152638888889,0.0,20.095935821533203,19,9,54
20,temperature,SimSenT,2008-08-23 10:00:04,36000,47.50541666666667,-122.2152777777778,0.0,20.13738250732422,20,9,54
21,temperature,SimSenT,2008-08-23 10:30:04,37800,47.5054375,-122.21529166666669,0.0,20.183263778686523,21,9,54
22,temperature,SimSenT,2008-08-23 11:00:04,39600,47.50545833333334,-122.21530555555556,0.0,20.231399536132812,22,9,54
23,temperature,SimSenT,2008-08-23 11:30:04,41400,47.50547916666667,-122.21531944444445,0.0,20.278316497802734,23,9,54
24,temperature,SimSenT,2008-08-23 12:00:04,43200,47.505500000000005,-122.21533333333332,0.0,20.31610870361328,24,9,54
25,temperature,SimSenT,2008-08-23 12:30:04,45000,47.505520833333335,-122.21534722222222,0.0,20.34787940979004,25,9,54
26,temperature,SimSenT,2008-08-23 13:00:04,46800,47.505541666666666,-122.21536111111112,0.0,20.381555557250977,26,9,54
27,temperature,SimSenT,2008-08-23 13:30:04,48600,47.5055625,-122.215375,0.0,20.41583824157715,27,9,54
28,temperature,SimSenT,2008-08-23 14:00:04,50400,47.50558333333333,-122.2153888888889,0.0,20.449403762817383,28,9,54
29,temperature,SimSenT,2008-08-23 14:30:04,52200,47.50560416666667,-122.21540277777778,0.0,20.47924041748047,29,9,54
30,temperature,SimSenT,2008-08-23 15:00:04,54000,47.505625,-122.21541666666668,0.0,20.503602981567383,30,9,54
31,temperature,SimSenT,2008-08-23 15:30:04,55800,47.50564583333333,-122.21543055555556,0.0,20.522062301635742,31,9,54
32,temperature,SimSenT,2008-08-23 16:00:04,57600,47.50566666666667,-122.21544444444444,0.0,20.53658103942871,32,9,54
33,temperature,SimSenT,2008-08-23 16:30:04,59400,47.5056875,-122.21545833333332,0.0,20.547744750976562,33,9,54
34,temperature,SimSenT,2008-08-23 17:00:04,61200,47.50570833333334,-122.21547222222225,0.0,20.55565071105957,34,9,54
35,temperature,SimSenT,2008-08-23 17:30:04,63000,47.50572916666667,-122.21548611111112,0.0,20.55978775024414,35,9,54
36,temperature,SimSenT,2008-08-23 18:00:04,64800,47.505750000000006,-122.2155,0.0,20.559843063354492,36,9,54
37,temperature,SimSenT,2008-08-23 18:30:04,66600,47.50577083333334,-122.21551388888888,0.0,20.55691146850586,37,9,54
38,temperature,SimSenT,2008-08-23 19:00:04,68400,47.50579166666667,-122.21552777777778,0.0,20.55316734313965,38,9,54
39,temperature,SimSenT,2008-08-23 19:30:04,70200,47.505812500000005,-122.21554166666668,0.0,20.550539016723633,39,9,54
40,temperature,SimSenT,2008-08-23 20:00:04,72000,47.505833333333335,-122.21555555555555,0.0,20.546070098876953,40,9,54
41,temperature,SimSenT,2008-08-23 20:30:04,73800,47.50585416666667,-122.21556944444444,0.0,20.54010772705078,41,9,54
42,temperature,SimSenT,2008-08-23 21:00:04,75600,47.505875,-122.21558333333334,0.0,20.532255172729492,42,9,54
43,temperature,SimSenT,2008-08-23 21:30:04,77400,47.50589583333333,-122.21559722222224,0.0,20.522815704345703,43,9,54
44,temperature,SimSenT,2008-08-23 22:00:04,79200,47.50591666666667,-122.21561111111112,0.0,20.511812210083008,44,9,54
45,temperature,SimSenT,2008-08-23 22:30:04,81000,47.5059375,-122.215625,0.0,20.500408172607422,45,9,54
46,temperature,SimSenT,2008-08-23 23:00:04,82800,47.50595833333334,-122.21563888888888,0.0,20.490373611450195,46,9,54
47,temperature,SimSenT,2008-08-23 23:30:04,84600,47.50597916666667,-122.21565277777778,0.0,20.483123779296875,47,9,54
48,temperature,SimSenT,2008-08-24 00:00:04,0,47.506,-122.21566666666666,0.0,19.652999877929688,0,9,54
49,temperature,SimSenT,2008-08-24 00:30:04,1800,47.50602083333334,-122.21568055555556,0.0,19.63233184814453,1,9,54
50,temperature,SimSenT,2008-08-24 01:00:04,3600,47.50604166666667,-122.21569444444444,0.0,19.6550350189209,2,9,54
51,temperature,SimSenT,2008-08-24 01:30:04,5400,47.506062500000006,-122.21570833333334,0.0,19.660856246948242,3,9,54
52,temperature,SimSenT,2008-08-24 02:00:04,7200,47.506083333333336,-122.21572222222224,0.0,19.694801330566406,4,9,54
53,temperature,SimSenT,2008-08-24 02:30:04,9000,47.50610416666667,-122.21573611111111,0.0,19.785457611083984,5,9,54
54,temperature,SimSenT,2008-08-24 03:00:04,10800,47.506125,-122.21575,0.0,19.849790573120117,6,9,54
55,temperature,SimSenT,2008-08-24 03:30:04,12600,47.506145833333335,-122.21576388888889,0.0,19.893909454345703,7,9,54
56,temperature,SimSenT,2008-08-24 04:00:04,14400,47.50616666666667,-122.21577777777776,0.0,19.924100875854492,8,9,54
57,temperature,SimSenT,2008-08-24 04:30:04,16200,47.5061875,-122.21579166666668,0.0,19.944969177246094,9,9,54
58,temperature,SimSenT,2008-08-24 05:00:04,18000,47.50620833333333,-122.21580555555556,0.0,19.959529876708984,10,9,54
59,temperature,SimSenT,2008-08-24 05:30:04,19800,47.50622916666667,-122.21581944444443,0.0,19.9697322845459,11,9,54
60,temperature,SimSenT,2008-08-24 06:00:04,21600,47.50625,-122.21583333333334,0.0,19.976972579956055,12,9,54
61,temperature,SimSenT,2008-08-24 06:30:04,23400,47.50627083333334,-122.21584722222222,0.0,19.982561111450195,13,9,54
62,temperature,SimSenT,2008-08-24 07:00:04,25200,47.50629166666667,-122.21586111111112,0.0,19.987409591674805,14,9,54
63,temperature,SimSenT,2008-08-24 07:30:04,27000,47.5063125,-122.215875,0.0,19.9949893951416,15,9,54
64,temperature,SimSenT,2008-08-24 08:00:04,28800,47.50633333333334,-122.2158888888889,0.0,20.008861541748047,16,9,54
65,temperature,SimSenT,2008-08-24 08:30:04,30600,47.50635416666667,-122.2159027777778,0.0,20.03080177307129,17,9,54
66,temperature,SimSenT,2008-08-24 09:00:04,32400,47.506375000000006,-122.21591666666669,0.0,20.060016632080078,18,9,54
67,temperature,SimSenT,2008-08-24 09:30:04,34200,47.506395833333336,-122.21593055555556,0.0,20.095935821533203,19,9,54
68,temperature,SimSenT,2008-08-24 10:00:04,36000,47.50641666666667,-122.21594444444445,0.0,20.13738250732422,20,9,54
69,temperature,SimSenT,2008-08-24 10:30:04,37800,47.5064375,-122.21595833333332,0.0,20.183263778686523,21,9,54
70,temperature,SimSenT,2008-08-24 11:00:04,39600,47.506458333333335,-122.21597222222222,0.0,20.231399536132812,22,9,54
71,temperature,SimSenT,2008-08-24 11:30:04,41400,47.50647916666667,-122.2159861111111,0.0,20.278316497802734,23,9,54
72,temperature,SimSenT,2008-08-24 12:00:04,43200,47.5065,-122.216,0.0,20.31610870361328,24,9,54
73,temperature,SimSenT,2008-08-24 12:30:04,45000,47.50652083333333,-122.2160138888889,0.0,20.34787940979004,25,9,54
74,temperature,SimSenT,2008-08-24 13:00:04,46800,47.50654166666667,-122.21602777777778,0.0,20.381555557250977,26,9,54
75,temperature,SimSenT,2008-08-24 13:30:04,48600,47.5065625,-122.21604166666668,0.0,20.41583824157715,27,9,54
76,temperature,SimSenT,2008-08-24 14:00:04,50400,47.50658333333334,-122.21605555555556,0.0,20.449403762817383,28,9,54
77,temperature,SimSenT,2008-08-24 14:30:04,52200,47.50660416666667,-122.21606944444444,0.0,20.47924041748047,29,9,54
78,temperature,SimSenT,2008-08-24 15:00:04,54000,47.506625,-122.21608333333332,0.0,20.503602981567383,30,9,54
79,temperature,SimSenT,2008-08-24 15:30:04,55800,47.50664583333334,-122.21609722222225,0.0,20.522062301635742,31,9,54
80,temperature,SimSenT,2008-08-24 16:00:04,57600,47.50666666666667,-122.21611111111112,0.0,20.53658103942871,32,9,54
81,temperature,SimSenT,2008-08-24 16:30:04,59400,47.506687500000005,-122.216125,0.0,20.547744750976562,33,9,54
82,temperature,SimSenT,2008-08-24 17:00:04,61200,47.506708333333336,-122.21613888888888,0.0,20.55565071105957,34,9,54
83,temperature,SimSenT,2008-08-24 17:30:04,63000,47.506729166666666,-122.21615277777778,0.0,20.55978775024414,35,9,54
84,temperature,SimSenT,2008-08-24 18:00:04,64800,47.50675,-122.21616666666668,0.0,20.559843063354492,36,9,54
85,temperature,SimSenT,2008-08-24 18:30:04,66600,47.50677083333333,-122.21618055555555,0.0,20.55691146850586,37,9,54
86,temperature,SimSenT,2008-08-24 19:00:04,68400,47.50679166666667,-122.21619444444444,0.0,20.55316734313965,38,9,54
87,temperature,SimSenT,2008-08-24 19:30:04,70200,47.5068125,-122.21620833333334,0.0,20.550539016723633,39,9,54
88,temperature,SimSenT,2008-08-24 20:00:04,72000,47.50683333333333,-122.21622222222224,0.0,20.546070098876953,40,9,54
89,temperature,SimSenT,2008-08-24 20:30:04,73800,47.50685416666667,-122.21623611111112,0.0,20.54010772705078,41,9,54
90,temperature,SimSenT,2008-08-24 21:00:04,75600,47.506875,-122.21625,0.0,20.532255172729492,42,9,54
91,temperature,SimSenT,2008-08-24 21:30:04,77400,47.50689583333334,-122.21626388888888,0.0,20.522815704345703,43,9,54
92,temperature,SimSenT,2008-08-24 22:00:04,79200,47.50691666666667,-122.21627777777778,0.0,20.511812210083008,44,9,54
93,temperature,SimSenT,2008-08-24 22:30:04,81000,47.5069375,-122.21629166666666,0.0,20.500408172607422,45,9,54
94,temperature,SimSenT,2008-08-24 23:00:04,82800,47.50695833333334,-122.21630555555556,0.0,20.490373611450195,46,9,54
95,temperature,SimSenT,2008-08-24 23:30:04,84600,47.50697916666667,-122.21631944444444,0.0,20.483123779296875,47,9,54
96,temperature,SimSenT,2008-08-25 00:00:04,0,47.507000000000005,-122.21633333333334,0.0,19.652999877929688,0,9,54
97,temperature,SimSenT,2008-08-25 00:30:04,1800,47.507020833333335,-122.21634722222224,0.0,19.63233184814453,1,9,54
98,temperature,SimSenT,2008-08-25 01:00:04,3600,47.507041666666666,-122.21636111111113,0.0,19.6550350189209,2,9,54
99,temperature,SimSenT,2008-08-25 01:30:04,5400,47.5070625,-122.216375,0.0,19.660856246948242,3,9,54
100,temperature,SimSenT,2008-08-25 02:00:04,7200,47.50708333333333,-122.21638888888889,0.0,19.694801330566406,4,9,54
101,temperature,SimSenT,2008-08-25 02:30:04,9000,47.50710416666667,-122.21640277777776,0.0,19.785457611083984,5,9,54
102,temperature,SimSenT,2008-08-25 03:00:04,10800,47.507125,-122.21641666666667,0.0,19.849790573120117,6,9,54
103,temperature,SimSenT,2008-08-25 03:30:04,12600,47.50714583333333,-122.21643055555556,0.0,19.893909454345703,7,9,54
104,temperature,SimSenT,2008-08-25 04:00:04,14400,47.50716666666667,-122.21644444444443,0.0,19.924100875854492,8,9,54
105,temperature,SimSenT,2008-08-25 04:30:04,16200,47.5071875,-122.21645833333334,0.0,19.944969177246094,9,9,54
106,temperature,SimSenT,2008-08-25 05:00:04,18000,47.50720833333334,-122.21647222222222,0.0,19.959529876708984,10,9,54
107,temperature,SimSenT,2008-08-25 05:30:04,19800,47.50722916666667,-122.21648611111112,0.0,19.9697322845459,11,9,54
108,temperature,SimSenT,2008-08-25 06:00:04,21600,47.50725,-122.2165,0.0,19.976972579956055,12,9,54
109,temperature,SimSenT,2008-08-25 06:30:04,23400,47.50727083333334,-122.2165138888889,0.0,19.982561111450195,13,9,54
110,temperature,SimSenT,2008-08-25 07:00:04,25200,47.50729166666667,-122.21652777777778,0.0,19.987409591674805,14,9,54
111,temperature,SimSenT,2008-08-25 07:30:04,27000,47.507312500000005,-122.21654166666669,0.0,19.9949893951416,15,9,54
112,temperature,SimSenT,2008-08-25 08:00:04,28800,47.507333333333335,-122.21655555555556,0.0,20.008861541748047,16,9,54
113,temperature,SimSenT,2008-08-25 08:30:04,30600,47.50735416666667,-122.21656944444445,0.0,20.03080177307129,17,9,54
114,temperature,SimSenT,2008-08-25 09:00:04,32400,47.507375,-122.21658333333332,0.0,20.060016632080078,18,9,54
115,temperature,SimSenT,2008-08-25 09:30:04,34200,47.50739583333333,-122.21659722222222,0.0,20.095935821533203,19,9,54
116,temperature,SimSenT,2008-08-25 10:00:04,36000,47.50741666666667,-122.2166111111111,0.0,20.13738250732422,20,9,54
117,temperature,SimSenT,2008-08-25 10:30:04,37800,47.5074375,-122.216625,0.0,20.183263778686523,21,9,54
118,temperature,SimSenT,2008-08-25 11:00:04,39600,47.50745833333334,-122.2166388888889,0.0,20.231399536132812,22,9,54
119,temperature,SimSenT,2008-08-25 11:30:04,41400,47.50747916666667,-122.21665277777778,0.0,20.278316497802734,23,9,54
120,temperature,SimSenT,2008-08-25 12:00:04,43200,47.5075,-122.21666666666668,0.0,20.31610870361328,24,9,54
121,temperature,SimSenT,2008-08-25 12:30:04,45000,47.50752083333334,-122.21668055555556,0.0,20.34787940979004,25,9,54
122,temperature,SimSenT,2008-08-25 13:00:04,46800,47.50754166666667,-122.21669444444444,0.0,20.381555557250977,26,9,54
123,temperature,SimSenT,2008-08-25 13:30:04,48600,47.507562500000006,-122.21670833333332,0.0,20.41583824157715,27,9,54
124,temperature,SimSenT,2008-08-25 14:00:04,50400,47.507583333333336,-122.21672222222224,0.0,20.449403762817383,28,9,54
125,temperature,SimSenT,2008-08-25 14:30:04,52200,47.50760416666667,-122.21673611111112,0.0,20.47924041748047,29,9,54
126,temperature,SimSenT,2008-08-25 15:00:04,54000,47.507625,-122.21675,0.0,20.503602981567383,30,9,54
127,temperature,SimSenT,2008-08-25 15:30:04,55800,47.507645833333335,-122.21676388888888,0.0,20.522062301635742,31,9,54
128,temperature,SimSenT,2008-08-25 16:00:04,57600,47.50766666666667,-122.21677777777778,0.0,20.53658103942871,32,9,54
129,temperature,SimSenT,2008-08-25 16:30:04,59400,47.5076875,-122.21679166666668,0.0,20.547744750976562,33,9,54
130,temperature,SimSenT,2008-08-25 17:00:04,61200,47.50770833333333,-122.21680555555557,0.0,20.55565071105957,34,9,54
131,temperature,SimSenT,2008-08-25 17:30:04,63000,47.50772916666667,-122.21681944444444,0.0,20.55978775024414,35,9,54
132,temperature,SimSenT,2008-08-25 18:00:04,64800,47.50775,-122.21683333333334,0.0,20.559843063354492,36,9,54
133,temperature,SimSenT,2008-08-25 18:30:04,66600,47.50777083333334,-122.21684722222224,0.0,20.55691146850586,37,9,54
134,temperature,SimSenT,2008-08-25 19:00:04,68400,47.50779166666667,-122.21686111111111,0.0,20.55316734313965,38,9,54
135,temperature,SimSenT,2008-08-25 19:30:04,70200,47.5078125,-122.216875,0.0,20.550539016723633,39,9,54
136,temperature,SimSenT,2008-08-25 20:00:04,72000,47.50783333333334,-122.21688888888887,0.0,20.546070098876953,40,9,54
137,temperature,SimSenT,2008-08-25 20:30:04,73800,47.50785416666667,-122.21690277777778,0.0,20.54010772705078,41,9,54
138,temperature,SimSenT,2008-08-25 21:00:04,75600,47.507875000000006,-122.21691666666666,0.0,20.532255172729492,42,9,54
139,temperature,SimSenT,2008-08-25 21:30:04,77400,47.507895833333336,-122.21693055555556,0.0,20.522815704345703,43,9,54
140,temperature,SimSenT,2008-08-25 22:00:04,79200,47.50791666666667,-122.21694444444444,0.0,20.511812210083008,44,9,54
141,temperature,SimSenT,2008-08-25 22:30:04,81000,47.5079375,-122.21695833333334,0.0,20.500408172607422,45,9,54
142,temperature,SimSenT,2008-08-25 23:00:04,82800,47.507958333333335,-122.21697222222222,0.0,20.490373611450195,46,9,54
143,temperature,SimSenT,2008-08-25 23:30:04,84600,47.50797916666667,-122.21698611111113,0.0,20.483123779296875,47,9,54
144,temperature,SimSenT,2008-08-26 00:00:04,0,47.508,-122.217,0.0,19.652999877929688,0,9,54
145,temperature,SimSenT,2008-08-26 00:30:04,1800,47.50802083333333,-122.21701388888889,0.0,19.63233184814453,1,9,54
146,temperature,SimSenT,2008-08-26 01:00:04,3600,47.50804166666667,-122.21702777777776,0.0,19.6550350189209,2,9,54
147,temperature,SimSenT,2008-08-26 01:30:04,5400,47.5080625,-122.21704166666667,0.0,19.660856246948242,3,9,54
148,temperature,SimSenT,2008-08-26 02:00:04,7200,47.50808333333334,-122.21705555555556,0.0,19.694801330566406,4,9,54
149,temperature,SimSenT,2008-08-26 02:30:04,9000,47.50810416666667,-122.21706944444443,0.0,19.785457611083984,5,9,54
150,temperature,SimSenT,2008-08-26 03:00:04,10800,47.508125,-122.21708333333332,0.0,19.849790573120117,6,9,54
151,temperature,SimSenT,2008-08-26 03:30:04,12600,47.50814583333334,-122.21709722222222,0.0,19.893909454345703,7,9,54
152,temperature,SimSenT,2008-08-26 04:00:04,14400,47.50816666666667,-122.21711111111112,0.0,19.924100875854492,8,9,54
153,temperature,SimSenT,2008-08-26 04:30:04,16200,47.508187500000005,-122.217125,0.0,19.944969177246094,9,9,54
154,temperature,SimSenT,2008-08-26 05:00:04,18000,47.508208333333336,-122.2171388888889,0.0,19.959529876708984,10,9,54
155,temperature,SimSenT,2008-08-26 05:30:04,19800,47.508229166666666,-122.21715277777778,0.0,19.9697322845459,11,9,54
156,temperature,SimSenT,2008-08-26 06:00:04,21600,47.50825,-122.21716666666669,0.0,19.976972579956055,12,9,54
157,temperature,SimSenT,2008-08-26 06:30:04,23400,47.50827083333333,-122.21718055555556,0.0,19.982561111450195,13,9,54
158,temperature,SimSenT,2008-08-26 07:00:04,25200,47.50829166666667,-122.21719444444444,0.0,19.987409591674805,14,9,54
159,temperature,SimSenT,2008-08-26 07:30:04,27000,47.5083125,-122.21720833333332,0.0,19.9949893951416,15,9,54
160,temperature,SimSenT,2008-08-26 08:00:04,28800,47.50833333333333,-122.21722222222222,0.0,20.008861541748047,16,9,54
161,temperature,SimSenT,2008-08-26 08:30:04,30600,47.50835416666667,-122.2172361111111,0.0,20.03080177307129,17,9,54
162,temperature,SimSenT,2008-08-26 09:00:04,32400,47.508375,-122.21725,0.0,20.060016632080078,18,9,54
163,temperature,SimSenT,2008-08-26 09:30:04,34200,47.50839583333334,-122.2172638888889,0.0,20.095935821533203,19,9,54
164,temperature,SimSenT,2008-08-26 10:00:04,36000,47.50841666666667,-122.21727777777778,0.0,20.13738250732422,20,9,54
165,temperature,SimSenT,2008-08-26 10:30:04,37800,47.5084375,-122.21729166666668,0.0,20.183263778686523,21,9,54
166,temperature,SimSenT,2008-08-26 11:00:04,39600,47.50845833333334,-122.21730555555555,0.0,20.231399536132812,22,9,54
167,temperature,SimSenT,2008-08-26 11:30:04,41400,47.50847916666667,-122.21731944444444,0.0,20.278316497802734,23,9,54
168,temperature,SimSenT,2008-08-26 12:00:04,43200,47.508500000000005,-122.21733333333331,0.0,20.31610870361328,24,9,54
169,temperature,SimSenT,2008-08-26 12:30:04,45000,47.508520833333336,-122.21734722222224,0.0,20.34787940979004,25,9,54
170,temperature,SimSenT,2008-08-26 13:00:04,46800,47.508541666666666,-122.21736111111112,0.0,20.381555557250977,26,9,54
171,temperature,SimSenT,2008-08-26 13:30:04,48600,47.5085625,-122.217375,0.0,20.41583824157715,27,9,54
172,temperature,SimSenT,2008-08-26 14:00:04,50400,47.50858333333333,-122.21738888888888,0.0,20.449403762817383,28,9,54
173,temperature,SimSenT,2008-08-26 14:30:04,52200,47.50860416666667,-122.21740277777778,0.0,20.47924041748047,29,9,54
174,temperature,SimSenT,2008-08-26 15:00:04,54000,47.508625,-122.21741666666668,0.0,20.503602981567383,30,9,54
175,temperature,SimSenT,2008-08-26 15:30:04,55800,47.50864583333333,-122.21743055555557,0.0,20.522062301635742,31,9,54
176,temperature,SimSenT,2008-08-26 16:00:04,57600,47.50866666666667,-122.21744444444444,0.0,20.53658103942871,32,9,54
177,temperature,SimSenT,2008-08-26 16:30:04,59400,47.5086875,-122.21745833333334,0.0,20.547744750976562,33,9,54
178,temperature,SimSenT,2008-08-26 17:00:04,61200,47.50870833333334,-122.21747222222224,0.0,20.55565071105957,34,9,54
179,temperature,SimSenT,2008-08-26 17:30:04,63000,47.50872916666667,-122.21748611111111,0.0,20.55978775024414,35,9,54
180,temperature,SimSenT,2008-08-26 18:00:04,64800,47.508750000000006,-122.2175,0.0,20.559843063354492,36,9,54
181,temperature,SimSenT,2008-08-26 18:30:04,66600,47.50877083333334,-122.21751388888887,0.0,20.55691146850586,37,9,54
182,temperature,SimSenT,2008-08-26 19:00:04,68400,47.50879166666667,-122.21752777777778,0.0,20.55316734313965,38,9,54
183,temperature,SimSenT,2008-08-26 19:30:04,70200,47.508812500000005,-122.21754166666666,0.0,20.550539016723633,39,9,54
184,temperature,SimSenT,2008-08-26 20:00:04,72000,47.508833333333335,-122.21755555555556,0.0,20.546070098876953,40,9,54
185,temperature,SimSenT,2008-08-26 20:30:04,73800,47.50885416666667,-122.21756944444444,0.0,20.54010772705078,41,9,54
186,temperature,SimSenT,2008-08-26 21:00:04,75600,47.508875,-122.21758333333334,0.0,20.532255172729492,42,9,54
187,temperature,SimSenT,2008-08-26 21:30:04,77400,47.50889583333333,-122.21759722222222,0.0,20.522815704345703,43,9,54
188,temperature,SimSenT,2008-08-26 22:00:04,79200,47.50891666666667,-122.21761111111113,0.0,20.511812210083008,44,9,54
189,temperature,SimSenT,2008-08-26 22:30:04,81000,47.5089375,-122.217625,0.0,20.500408172607422,45,9,54
190,temperature,SimSenT,2008-08-26 23:00:04,82800,47.50895833333334,-122.21763888888889,0.0,20.490373611450195,46,9,54
191,temperature,SimSenT,2008-08-26 23:30:04,84600,47.50897916666667,-122.21765277777776,0.0,20.483123779296875,47,9,54
192,temperature,SimSenT,2008-08-27 00:00:04,0,47.509,-122.21766666666667,0.0,19.555999755859375,0,19,54
193,temperature,SimSenT,2008-08-27 00:30:04,1800,47.50902083333334,-122.21768055555556,0.0,19.52802276611328,1,19,54
194,temperature,SimSenT,2008-08-27 01:00:04,3600,47.50904166666667,-122.21769444444443,0.0,19.548873901367188,2,19,54
195,temperature,SimSenT,2008-08-27 01:30:04,5400,47.509062500000006,-122.21770833333332,0.0,19.558082580566406,3,19,54
196,temperature,SimSenT,2008-08-27 02:00:04,7200,47.509083333333336,-122.21772222222222,0.0,19.555194854736328,4,19,54
197,temperature,SimSenT,2008-08-27 02:30:04,9000,47.50910416666667,-122.21773611111112,0.0,19.539112091064453,5,19,54
198,temperature,SimSenT,2008-08-27 03:00:04,10800,47.509125,-122.21775,0.0,19.621578216552734,6,19,54
199,temperature,SimSenT,2008-08-27 03:30:04,12600,47.509145833333335,-122.2177638888889,0.0,19.706247329711914,7,19,54
200,temperature,SimSenT,2008-08-27 04:00:04,14400,47.50916666666667,-122.21777777777778,0.0,19.772418975830078,8,19,54
201,temperature,SimSenT,2008-08-27 04:30:04,16200,47.5091875,-122.21779166666668,0.0,19.823333740234375,9,19,54
202,temperature,SimSenT,2008-08-27 05:00:04,18000,47.50920833333333,-122.21780555555556,0.0,19.862548828125,10,19,54
203,temperature,SimSenT,2008-08-27 05:30:04,19800,47.50922916666667,-122.21781944444444,0.0,19.893178939819336,11,19,54
204,temperature,SimSenT,2008-08-27 06:00:04,21600,47.50925,-122.21783333333332,0.0,19.917335510253906,12,19,54
205,temperature,SimSenT,2008-08-27 06:30:04,23400,47.50927083333334,-122.21784722222222,0.0,19.936614990234375,13,19,54
206,temperature,SimSenT,2008-08-27 07:00:04,25200,47.50929166666667,-122.2178611111111,0.0,19.95249366760254,14,19,54
207,temperature,SimSenT,2008-08-27 07:30:04,27000,47.5093125,-122.217875,0.0,19.966672897338867,15,19,54
208,temperature,SimSenT,2008-08-27 08:00:04,28800,47.50933333333334,-122.2178888888889,0.0,19.982112884521484,16,19,54
209,temperature,SimSenT,2008-08-27 08:30:04,30600,47.50935416666667,-122.21790277777778,0.0,20.004016876220703,17,19,54
210,temperature,SimSenT,2008-08-27 09:00:04,32400,47.509375000000006,-122.21791666666668,0.0,20.033506393432617,18,19,54
211,temperature,SimSenT,2008-08-27 09:30:04,34200,47.509395833333336,-122.21793055555555,0.0,20.07008934020996,19,19,54
212,temperature,SimSenT,2008-08-27 10:00:04,36000,47.50941666666667,-122.21794444444444,0.0,20.11267852783203,20,19,54
213,temperature,SimSenT,2008-08-27 10:30:04,37800,47.5094375,-122.21795833333331,0.0,20.159889221191406,21,19,54
214,temperature,SimSenT,2008-08-27 11:00:04,39600,47.509458333333335,-122.21797222222224,0.0,20.210105895996094,22,19,54
215,temperature,SimSenT,2008-08-27 11:30:04,41400,47.50947916666667,-122.21798611111112,0.0,20.260013580322266,23,19,54
216,temperature,SimSenT,2008-08-27 12:00:04,43200,47.5095,-122.218,0.0,20.300960540771484,24,19,54
217,temperature,SimSenT,2008-08-27 12:30:04,45000,47.50952083333333,-122.21801388888888,0.0,20.335527420043945,25,19,54
218,temperature,SimSenT,2008-08-27 13:00:04,46800,47.50954166666667,-122.21802777777778,0.0,20.371658325195312,26,19,54
219,temperature,SimSenT,2008-08-27 13:30:04,48600,47.5095625,-122.21804166666666,0.0,20.408424377441406,27,19,54
220,temperature,SimSenT,2008-08-27 14:00:04,50400,47.50958333333334,-122.21805555555557,0.0,20.444316864013672,28,19,54
221,temperature,SimSenT,2008-08-27 14:30:04,52200,47.50960416666667,-122.21806944444444,0.0,20.476665496826172,29,19,54
222,temperature,SimSenT,2008-08-27 15:00:04,54000,47.509625,-122.21808333333334,0.0,20.504016876220703,30,19,54
223,temperature,SimSenT,2008-08-27 15:30:04,55800,47.50964583333334,-122.21809722222224,0.0,20.526891708374023,31,19,54
224,temperature,SimSenT,2008-08-27 16:00:04,57600,47.50966666666667,-122.21811111111111,0.0,20.546554565429688,32,19,54
225,temperature,SimSenT,2008-08-27 16:30:04,59400,47.509687500000005,-122.218125,0.0,20.562524795532227,33,19,54
226,temperature,SimSenT,2008-08-27 17:00:04,61200,47.509708333333336,-122.21813888888887,0.0,20.574390411376953,34,19,54
227,temperature,SimSenT,2008-08-27 17:30:04,63000,47.509729166666666,-122.21815277777776,0.0,20.58192253112793,35,19,54
228,temperature,SimSenT,2008-08-27 18:00:04,64800,47.50975,-122.21816666666666,0.0,20.58489418029785,36,19,54
229,temperature,SimSenT,2008-08-27 18:30:04,66600,47.50977083333333,-122.21818055555556,0.0,20.583866119384766,37,19,54
230,temperature,SimSenT,2008-08-27 19:00:04,68400,47.50979166666667,-122.21819444444444,0.0,20.58064842224121,38,19,54
231,temperature,SimSenT,2008-08-27 19:30:04,70200,47.5098125,-122.21820833333334,0.0,20.577157974243164,39,19,54
232,temperature,SimSenT,2008-08-27 20:00:04,72000,47.50983333333333,-122.21822222222222,0.0,20.57101058959961,40,19,54
233,temperature,SimSenT,2008-08-27 20:30:04,73800,47.50985416666667,-122.21823611111112,0.0,20.562482833862305,41,19,54
234,temperature,SimSenT,2008-08-27 21:00:04,75600,47.509875,-122.21825,0.0,20.552696228027344,42,19,54
235,temperature,SimSenT,2008-08-27 21:30:04,77400,47.50989583333334,-122.21826388888888,0.0,20.541603088378906,43,19,54
236,temperature,SimSenT,2008-08-27 22:00:04,79200,47.50991666666667,-122.21827777777776,0.0,20.529298782348633,44,19,54
237,temperature,SimSenT,2008-08-27 22:30:04,81000,47.5099375,-122.21829166666669,0.0,20.516813278198242,45,19,54
238,temperature,SimSenT,2008-08-27 23:00:04,82800,47.50995833333334,-122.21830555555556,0.0,20.505836486816406,46,19,54
239,temperature,SimSenT,2008-08-27 23:30:04,84600,47.50997916666667,-122.21831944444445,0.0,20.500646591186523,47,19,54
240,temperature,SimSenT,2008-08-28 00:00:04,0,47.510000000000005,-122.21833333333332,0.0,19.555999755859375,0,19,54
241,temperature,SimSenT,2008-08-28 00:30:04,1800,47.510020833333336,-122.21834722222222,0.0,19.52802276611328,1,19,54
242,temperature,SimSenT,2008-08-28 01:00:04,3600,47.510041666666666,-122.21836111111112,0.0,19.548873901367188,2,19,54
243,temperature,SimSenT,2008-08-28 01:30:04,5400,47.5100625,-122.218375,0.0,19.558082580566406,3,19,54
244,temperature,SimSenT,2008-08-28 02:00:04,7200,47.51008333333333,-122.2183888888889,0.0,19.555194854736328,4,19,54
245,temperature,SimSenT,2008-08-28 02:30:04,9000,47.51010416666667,-122.21840277777778,0.0,19.539112091064453,5,19,54
246,temperature,SimSenT,2008-08-28 03:00:04,10800,47.510125,-122.21841666666668,0.0,19.621578216552734,6,19,54
247,temperature,SimSenT,2008-08-28 03:30:04,12600,47.51014583333333,-122.21843055555556,0.0,19.706247329711914,7,19,54
248,temperature,SimSenT,2008-08-28 04:00:04,14400,47.51016666666667,-122.21844444444444,0.0,19.772418975830078,8,19,54
249,temperature,SimSenT,2008-08-28 04:30:04,16200,47.5101875,-122.21845833333332,0.0,19.823333740234375,9,19,54
250,temperature,SimSenT,2008-08-28 05:00:04,18000,47.51020833333334,-122.21847222222222,0.0,19.862548828125,10,19,54
251,temperature,SimSenT,2008-08-28 05:30:04,19800,47.51022916666667,-122.2184861111111,0.0,19.893178939819336,11,19,54
252,temperature,SimSenT,2008-08-28 06:00:04,21600,47.51025,-122.2185,0.0,19.917335510253906,12,19,54
253,temperature,SimSenT,2008-08-28 06:30:04,23400,47.51027083333334,-122.21851388888888,0.0,19.936614990234375,13,19,54
254,temperature,SimSenT,2008-08-28 07:00:04,25200,47.51029166666667,-122.21852777777778,0.0,19.95249366760254,14,19,54
255,temperature,SimSenT,2008-08-28 07:30:04,27000,47.510312500000005,-122.21854166666668,0.0,19.966672897338867,15,19,54
256,temperature,SimSenT,2008-08-28 08:00:04,28800,47.510333333333335,-122.21855555555555,0.0,19.982112884521484,16,19,54
257,temperature,SimSenT,2008-08-28 08:30:04,30600,47.51035416666667,-122.21856944444444,0.0,20.004016876220703,17,19,54
258,temperature,SimSenT,2008-08-28 09:00:04,32400,47.510375,-122.21858333333331,0.0,20.033506393432617,18,19,54
259,temperature,SimSenT,2008-08-28 09:30:04,34200,47.51039583333333,-122.21859722222224,0.0,20.07008934020996,19,19,54
260,temperature,SimSenT,2008-08-28 10:00:04,36000,47.51041666666667,-122.21861111111112,0.0,20.11267852783203,20,19,54
261,temperature,SimSenT,2008-08-28 10:30:04,37800,47.5104375,-122.218625,0.0,20.159889221191406,21,19,54
262,temperature,SimSenT,2008-08-28 11:00:04,39600,47.51045833333334,-122.21863888888888,0.0,20.210105895996094,22,19,54
263,temperature,SimSenT,2008-08-28 11:30:04,41400,47.51047916666667,-122.21865277777778,0.0,20.260013580322266,23,19,54
264,temperature,SimSenT,2008-08-28 12:00:04,43200,47.5105,-122.21866666666666,0.0,20.300960540771484,24,19,54
265,temperature,SimSenT,2008-08-28 12:30:04,45000,47.51052083333334,-122.21868055555557,0.0,20.335527420043945,25,19,54
266,temperature,SimSenT,2008-08-28 13:00:04,46800,47.51054166666667,-122.21869444444444,0.0,20.371658325195312,26,19,54
267,temperature,SimSenT,2008-08-28 13:30:04,48600,47.510562500000006,-122.21870833333334,0.0,20.408424377441406,27,19,54
268,temperature,SimSenT,2008-08-28 14:00:04,50400,47.51058333333334,-122.21872222222224,0.0,20.444316864013672,28,19,54
269,temperature,SimSenT,2008-08-28 14:30:04,52200,47.51060416666667,-122.21873611111111,0.0,20.476665496826172,29,19,54
270,temperature,SimSenT,2008-08-28 15:00:04,54000,47.510625000000005,-122.21875,0.0,20.504016876220703,30,19,54
271,temperature,SimSenT,2008-08-28 15:30:04,55800,47.510645833333335,-122.21876388888889,0.0,20.526891708374023,31,19,54
272,temperature,SimSenT,2008-08-28 16:00:04,57600,47.51066666666667,-122.21877777777776,0.0,20.546554565429688,32,19,54
273,temperature,SimSenT,2008-08-28 16:30:04,59400,47.5106875,-122.21879166666666,0.0,20.562524795532227,33,19,54
274,temperature,SimSenT,2008-08-28 17:00:04,61200,47.51070833333333,-122.21880555555556,0.0,20.574390411376953,34,19,54
275,temperature,SimSenT,2008-08-28 17:30:04,63000,47.51072916666667,-122.21881944444443,0.0,20.58192253112793,35,19,54
276,temperature,SimSenT,2008-08-28 18:00:04,64800,47.51075,-122.21883333333334,0.0,20.58489418029785,36,19,54
277,temperature,SimSenT,2008-08-28 18:30:04,66600,47.51077083333334,-122.21884722222222,0.0,20.583866119384766,37,19,54
278,temperature,SimSenT,2008-08-28 19:00:04,68400,47.51079166666667,-122.21886111111112,0.0,20.58064842224121,38,19,54
279,temperature,SimSenT,2008-08-28 19:30:04,70200,47.5108125,-122.218875,0.0,20.577157974243164,39,19,54
280,temperature,SimSenT,2008-08-28 20:00:04,72000,47.51083333333334,-122.21888888888888,0.0,20.57101058959961,40,19,54
281,temperature,SimSenT,2008-08-28 20:30:04,73800,47.51085416666667,-122.21890277777776,0.0,20.562482833862305,41,19,54
282,temperature,SimSenT,2008-08-28 21:00:04,75600,47.510875000000006,-122.21891666666669,0.0,20.552696228027344,42,19,54
283,temperature,SimSenT,2008-08-28 21:30:04,77400,47.510895833333336,-122.21893055555556,0.0,20.541603088378906,43,19,54
284,temperature,SimSenT,2008-08-28 22:00:04,79200,47.51091666666667,-122.21894444444445,0.0,20.529298782348633,44,19,54
285,temperature,SimSenT,2008-08-28 22:30:04,81000,47.5109375,-122.21895833333332,0.0,20.516813278198242,45,19,54
286,temperature,SimSenT,2008-08-28 23:00:04,82800,47.510958333333335,-122.21897222222222,0.0,20.505836486816406,46,19,54
287,temperature,SimSenT,2008-08-28 23:30:04,84600,47.51097916666667,-122.21898611111112,0.0,20.500646591186523,47,19,54
288,temperature,SimSenT,2008-08-29 00:00:04,0,47.511,-122.219,0.0,19.555999755859375,0,19,54
289,temperature,SimSenT,2008-08-29 00:30:04,1800,47.51102083333333,-122.2190138888889,0.0,19.52802276611328,1,19,54
290,temperature,SimSenT,2008-08-29 01:00:04,3600,47.51104166666667,-122.21902777777778,0.0,19.548873901367188,2,19,54
291,temperature,SimSenT,2008-08-29 01:30:04,5400,47.5110625,-122.21904166666668,0.0,19.558082580566406,3,19,54
292,temperature,SimSenT,2008-08-29 02:00:04,7200,47.51108333333334,-122.21905555555556,0.0,19.555194854736328,4,19,54
293,temperature,SimSenT,2008-08-29 02:30:04,9000,47.51110416666667,-122.21906944444444,0.0,19.539112091064453,5,19,54
294,temperature,SimSenT,2008-08-29 03:00:04,10800,47.511125,-122.21908333333332,0.0,19.621578216552734,6,19,54
295,temperature,SimSenT,2008-08-29 03:30:04,12600,47.51114583333334,-122.21909722222222,0.0,19.706247329711914,7,19,54
296,temperature,SimSenT,2008-08-29 04:00:04,14400,47.51116666666667,-122.2191111111111,0.0,19.772418975830078,8,19,54
297,temperature,SimSenT,2008-08-29 04:30:04,16200,47.511187500000005,-122.219125,0.0,19.823333740234375,9,19,54
298,temperature,SimSenT,2008-08-29 05:00:04,18000,47.511208333333336,-122.21913888888888,0.0,19.862548828125,10,19,54
299,temperature,SimSenT,2008-08-29 05:30:04,19800,47.511229166666666,-122.21915277777778,0.0,19.893178939819336,11,19,54
300,temperature,SimSenT,2008-08-29 06:00:04,21600,47.51125,-122.21916666666668,0.0,19.917335510253906,12,19,54
301,temperature,SimSenT,2008-08-29 06:30:04,23400,47.51127083333333,-122.21918055555555,0.0,19.936614990234375,13,19,54
302,temperature,SimSenT,2008-08-29 07:00:04,25200,47.51129166666667,-122.21919444444444,0.0,19.95249366760254,14,19,54
303,temperature,SimSenT,2008-08-29 07:30:04,27000,47.5113125,-122.21920833333331,0.0,19.966672897338867,15,19,54
304,temperature,SimSenT,2008-08-29 08:00:04,28800,47.51133333333333,-122.21922222222224,0.0,19.982112884521484,16,19,54
305,temperature,SimSenT,2008-08-29 08:30:04,30600,47.51135416666667,-122.21923611111112,0.0,20.004016876220703,17,19,54
306,temperature,SimSenT,2008-08-29 09:00:04,32400,47.511375,-122.21925,0.0,20.033506393432617,18,19,54
307,temperature,SimSenT,2008-08-29 09:30:04,34200,47.51139583333334,-122.21926388888888,0.0,20.07008934020996,19,19,54
308,temperature,SimSenT,2008-08-29 10:00:04,36000,47.51141666666667,-122.21927777777778,0.0,20.11267852783203,20,19,54
309,temperature,SimSenT,2008-08-29 10:30:04,37800,47.5114375,-122.21929166666666,0.0,20.159889221191406,21,19,54
310,temperature,SimSenT,2008-08-29 11:00:04,39600,47.51145833333334,-122.21930555555556,0.0,20.210105895996094,22,19,54
311,temperature,SimSenT,2008-08-29 11:30:04,41400,47.51147916666667,-122.21931944444444,0.0,20.260013580322266,23,19,54
312,temperature,SimSenT,2008-08-29 12:00:04,43200,47.511500000000005,-122.21933333333334,0.0,20.300960540771484,24,19,54
313,temperature,SimSenT,2008-08-29 12:30:04,45000,47.511520833333336,-122.21934722222224,0.0,20.335527420043945,25,19,54
314,temperature,SimSenT,2008-08-29 13:00:04,46800,47.511541666666666,-122.21936111111113,0.0,20.371658325195312,26,19,54
315,temperature,SimSenT,2008-08-29 13:30:04,48600,47.5115625,-122.219375,0.0,20.408424377441406,27,19,54
316,temperature,SimSenT,2008-08-29 14:00:04,50400,47.51158333333333,-122.21938888888889,0.0,20.444316864013672,28,19,54
317,temperature,SimSenT,2008-08-29 14:30:04,52200,47.51160416666667,-122.21940277777776,0.0,20.476665496826172,29,19,54
318,temperature,SimSenT,2008-08-29 15:00:04,54000,47.511625,-122.21941666666666,0.0,20.504016876220703,30,19,54
319,temperature,SimSenT,2008-08-29 15:30:04,55800,47.51164583333333,-122.21943055555556,0.0,20.526891708374023,31,19,54
320,temperature,SimSenT,2008-08-29 16:00:04,57600,47.51166666666667,-122.21944444444443,0.0,20.546554565429688,32,19,54
321,temperature,SimSenT,2008-08-29 16:30:04,59400,47.5116875,-122.21945833333334,0.0,20.562524795532227,33,19,54
322,temperature,SimSenT,2008-08-29 17:00:04,61200,47.51170833333334,-122.21947222222222,0.0,20.574390411376953,34,19,54
323,temperature,SimSenT,2008-08-29 17:30:04,63000,47.51172916666667,-122.21948611111112,0.0,20.58192253112793,35,19,54
324,temperature,SimSenT,2008-08-29 18:00:04,64800,47.511750000000006,-122.2195,0.0,20.58489418029785,36,19,54
325,temperature,SimSenT,2008-08-29 18:30:04,66600,47.51177083333334,-122.21951388888888,0.0,20.583866119384766,37,19,54
326,temperature,SimSenT,2008-08-29 19:00:04,68400,47.51179166666667,-122.21952777777776,0.0,20.58064842224121,38,19,54
327,temperature,SimSenT,2008-08-29 19:30:04,70200,47.511812500000005,-122.21954166666669,0.0,20.577157974243164,39,19,54
328,temperature,SimSenT,2008-08-29 20:00:04,72000,47.511833333333335,-122.21955555555556,0.0,20.57101058959961,40,19,54
329,temperature,SimSenT,2008-08-29 20:30:04,73800,47.51185416666667,-122.21956944444445,0.0,20.562482833862305,41,19,54
330,temperature,SimSenT,2008-08-29 21:00:04,75600,47.511875,-122.21958333333332,0.0,20.552696228027344,42,19,54
331,temperature,SimSenT,2008-08-29 21:30:04,77400,47.51189583333333,-122.21959722222222,0.0,20.541603088378906,43,19,54
332,temperature,SimSenT,2008-08-29 22:00:04,79200,47.51191666666667,-122.2196111111111,0.0,20.529298782348633,44,19,54
333,temperature,SimSenT,2008-08-29 22:30:04,81000,47.5119375,-122.219625,0.0,20.516813278198242,45,19,54
334,temperature,SimSenT,2008-08-29 23:00:04,82800,47.51195833333334,-122.2196388888889,0.0,20.505836486816406,46,19,54
335,temperature,SimSenT,2008-08-29 23:30:04,84600,47.51197916666667,-122.21965277777778,0.0,20.500646591186523,47,19,54
336,temperature,SimSenT,2008-08-30 00:00:04,0,47.512,-122.21966666666668,0.0,19.555999755859375,0,19,54
337,temperature,SimSenT,2008-08-30 00:30:04,1800,47.51202083333334,-122.21968055555556,0.0,19.52802276611328,1,19,54
338,temperature,SimSenT,2008-08-30 01:00:04,3600,47.51204166666667,-122.21969444444444,0.0,19.548873901367188,2,19,54
339,temperature,SimSenT,2008-08-30 01:30:04,5400,47.512062500000006,-122.21970833333332,0.0,19.558082580566406,3,19,54
340,temperature,SimSenT,2008-08-30 02:00:04,7200,47.51208333333334,-122.21972222222222,0.0,19.555194854736328,4,19,54
341,temperature,SimSenT,2008-08-30 02:30:04,9000,47.51210416666667,-122.2197361111111,0.0,19.539112091064453,5,19,54
342,temperature,SimSenT,2008-08-30 03:00:04,10800,47.512125000000005,-122.21975,0.0,19.621578216552734,6,19,54
343,temperature,SimSenT,2008-08-30 03:30:04,12600,47.512145833333335,-122.21976388888888,0.0,19.706247329711914,7,19,54
344,temperature,SimSenT,2008-08-30 04:00:04,14400,47.51216666666667,-122.21977777777778,0.0,19.772418975830078,8,19,54
345,temperature,SimSenT,2008-08-30 04:30:04,16200,47.5121875,-122.21979166666668,0.0,19.823333740234375,9,19,54
346,temperature,SimSenT,2008-08-30 05:00:04,18000,47.51220833333333,-122.21980555555557,0.0,19.862548828125,10,19,54
347,temperature,SimSenT,2008-08-30 05:30:04,19800,47.51222916666667,-122.21981944444444,0.0,19.893178939819336,11,19,54
348,temperature,SimSenT,2008-08-30 06:00:04,21600,47.51225,-122.21983333333333,0.0,19.917335510253906,12,19,54
349,temperature,SimSenT,2008-08-30 06:30:04,23400,47.51227083333334,-122.21984722222224,0.0,19.936614990234375,13,19,54
350,temperature,SimSenT,2008-08-30 07:00:04,25200,47.51229166666667,-122.21986111111111,0.0,19.95249366760254,14,19,54
351,temperature,SimSenT,2008-08-30 07:30:04,27000,47.5123125,-122.219875,0.0,19.966672897338867,15,19,54
352,temperature,SimSenT,2008-08-30 08:00:04,28800,47.51233333333334,-122.21988888888887,0.0,19.982112884521484,16,19,54
353,temperature,SimSenT,2008-08-30 08:30:04,30600,47.51235416666667,-122.21990277777778,0.0,20.004016876220703,17,19,54
354,temperature,SimSenT,2008-08-30 09:00:04,32400,47.512375000000006,-122.21991666666666,0.0,20.033506393432617,18,19,54
355,temperature,SimSenT,2008-08-30 09:30:04,34200,47.512395833333336,-122.21993055555556,0.0,20.07008934020996,19,19,54
356,temperature,SimSenT,2008-08-30 10:00:04,36000,47.51241666666667,-122.21994444444444,0.0,20.11267852783203,20,19,54
357,temperature,SimSenT,2008-08-30 10:30:04,37800,47.5124375,-122.21995833333334,0.0,20.159889221191406,21,19,54
358,temperature,SimSenT,2008-08-30 11:00:04,39600,47.512458333333335,-122.21997222222222,0.0,20.210105895996094,22,19,54
359,temperature,SimSenT,2008-08-30 11:30:04,41400,47.51247916666667,-122.21998611111113,0.0,20.260013580322266,23,19,54
360,temperature,SimSenT,2008-08-30 12:00:04,43200,47.5125,-122.22,0.0,20.300960540771484,24,19,54
361,temperature,SimSenT,2008-08-30 12:30:04,45000,47.51252083333333,-122.22001388888889,0.0,20.335527420043945,25,19,54
362,temperature,SimSenT,2008-08-30 13:00:04,46800,47.51254166666667,-122.22002777777776,0.0,20.371658325195312,26,19,54
363,temperature,SimSenT,2008-08-30 13:30:04,48600,47.5125625,-122.22004166666666,0.0,20.408424377441406,27,19,54
364,temperature,SimSenT,2008-08-30 14:00:04,50400,47.51258333333334,-122.22005555555556,0.0,20.444316864013672,28,19,54
365,temperature,SimSenT,2008-08-30 14:30:04,52200,47.51260416666667,-122.22006944444443,0.0,20.476665496826172,29,19,54
366,temperature,SimSenT,2008-08-30 15:00:04,54000,47.512625,-122.22008333333332,0.0,20.504016876220703,30,19,54
367,temperature,SimSenT,2008-08-30 15:30:04,55800,47.51264583333334,-122.22009722222222,0.0,20.526891708374023,31,19,54
368,temperature,SimSenT,2008-08-30 16:00:04,57600,47.51266666666667,-122.22011111111112,0.0,20.546554565429688,32,19,54
369,temperature,SimSenT,2008-08-30 16:30:04,59400,47.512687500000006,-122.220125,0.0,20.562524795532227,33,19,54
370,temperature,SimSenT,2008-08-30 17:00:04,61200,47.512708333333336,-122.22013888888888,0.0,20.574390411376953,34,19,54
371,temperature,SimSenT,2008-08-30 17:30:04,63000,47.51272916666667,-122.22015277777776,0.0,20.58192253112793,35,19,54
372,temperature,SimSenT,2008-08-30 18:00:04,64800,47.51275,-122.22016666666669,0.0,20.58489418029785,36,19,54
373,temperature,SimSenT,2008-08-30 18:30:04,66600,47.512770833333335,-122.22018055555556,0.0,20.583866119384766,37,19,54
374,temperature,SimSenT,2008-08-30 19:00:04,68400,47.51279166666667,-122.22019444444445,0.0,20.58064842224121,38,19,54
375,temperature,SimSenT,2008-08-30 19:30:04,70200,47.5128125,-122.22020833333332,0.0,20.577157974243164,39,19,54
376,temperature,SimSenT,2008-08-30 20:00:04,72000,47.51283333333333,-122.22022222222222,0.0,20.57101058959961,40,19,54
377,temperature,SimSenT,2008-08-30 20:30:04,73800,47.51285416666667,-122.2202361111111,0.0,20.562482833862305,41,19,54
378,temperature,SimSenT,2008-08-30 21:00:04,75600,47.512875,-122.22025,0.0,20.552696228027344,42,19,54
379,temperature,SimSenT,2008-08-30 21:30:04,77400,47.51289583333334,-122.2202638888889,0.0,20.541603088378906,43,19,54
380,temperature,SimSenT,2008-08-30 22:00:04,79200,47.51291666666667,-122.22027777777778,0.0,20.529298782348633,44,19,54
381,temperature,SimSenT,2008-08-30 22:30:04,81000,47.5129375,-122.22029166666668,0.0,20.516813278198242,45,19,54
382,temperature,SimSenT,2008-08-30 23:00:04,82800,47.51295833333334,-122.22030555555556,0.0,20.505836486816406,46,19,54
383,temperature,SimSenT,2008-08-30 23:30:04,84600,47.51297916666667,-122.22031944444444,0.0,20.500646591186523,47,19,54
384,temperature,SimSenT,2008-08-31 00:00:04,0,47.513000000000005,-122.22033333333331,0.0,19.555999755859375,0,19,54
385,temperature,SimSenT,2008-08-31 00:30:04,1800,47.513020833333336,-122.22034722222222,0.0,19.52802276611328,1,19,54
386,temperature,SimSenT,2008-08-31 01:00:04,3600,47.513041666666666,-122.2203611111111,0.0,19.548873901367188,2,19,54
387,temperature,SimSenT,2008-08-31 01:30:04,5400,47.5130625,-122.220375,0.0,19.558082580566406,3,19,54
388,temperature,SimSenT,2008-08-31 02:00:04,7200,47.51308333333333,-122.22038888888888,0.0,19.555194854736328,4,19,54
389,temperature,SimSenT,2008-08-31 02:30:04,9000,47.51310416666667,-122.22040277777778,0.0,19.539112091064453,5,19,54
390,temperature,SimSenT,2008-08-31 03:00:04,10800,47.513125,-122.22041666666668,0.0,19.621578216552734,6,19,54
391,temperature,SimSenT,2008-08-31 03:30:04,12600,47.51314583333333,-122.22043055555557,0.0,19.706247329711914,7,19,54
392,temperature,SimSenT,2008-08-31 04:00:04,14400,47.51316666666667,-122.22044444444444,0.0,19.772418975830078,8,19,54
393,temperature,SimSenT,2008-08-31 04:30:04,16200,47.5131875,-122.22045833333333,0.0,19.823333740234375,9,19,54
394,temperature,SimSenT,2008-08-31 05:00:04,18000,47.51320833333334,-122.22047222222224,0.0,19.862548828125,10,19,54
395,temperature,SimSenT,2008-08-31 05:30:04,19800,47.51322916666667,-122.22048611111111,0.0,19.893178939819336,11,19,54
396,temperature,SimSenT,2008-08-31 06:00:04,21600,47.51325,-122.2205,0.0,19.917335510253906,12,19,54
397,temperature,SimSenT,2008-08-31 06:30:04,23400,47.51327083333334,-122.22051388888887,0.0,19.936614990234375,13,19,54
398,temperature,SimSenT,2008-08-31 07:00:04,25200,47.51329166666667,-122.22052777777778,0.0,19.95249366760254,14,19,54
399,temperature,SimSenT,2008-08-31 07:30:04,27000,47.513312500000005,-122.22054166666666,0.0,19.966672897338867,15,19,54
400,temperature,SimSenT,2008-08-31 08:00:04,28800,47.513333333333335,-122.22055555555556,0.0,19.982112884521484,16,19,54
401,temperature,SimSenT,2008-08-31 08:30:04,30600,47.51335416666667,-122.22056944444444,0.0,20.004016876220703,17,19,54
402,temperature,SimSenT,2008-08-31 09:00:04,32400,47.513375,-122.22058333333334,0.0,20.033506393432617,18,19,54
403,temperature,SimSenT,2008-08-31 09:30:04,34200,47.51339583333333,-122.22059722222222,0.0,20.052288055419922,19,29,54
404,temperature,SimSenT,2008-08-31 10:00:04,36000,47.51341666666667,-122.22061111111113,0.0,20.095224380493164,20,29,54
405,temperature,SimSenT,2008-08-31 10:30:04,37800,47.5134375,-122.220625,0.0,20.14306640625,21,29,54
406,temperature,SimSenT,2008-08-31 11:00:04,39600,47.51345833333334,-122.22063888888889,0.0,20.194183349609375,22,29,54
407,temperature,SimSenT,2008-08-31 11:30:04,41400,47.51347916666667,-122.22065277777776,0.0,20.2452449798584,23,29,54
408,temperature,SimSenT,2008-08-31 12:00:04,43200,47.5135,-122.22066666666666,0.0,20.287546157836914,24,29,54
409,temperature,SimSenT,2008-08-31 12:30:04,45000,47.51352083333334,-122.22068055555556,0.0,20.32339859008789,25,29,54
410,temperature,SimSenT,2008-08-31 13:00:04,46800,47.51354166666667,-122.22069444444443,0.0,20.360872268676758,26,29,54
411,temperature,SimSenT,2008-08-31 13:30:04,48600,47.513562500000006,-122.22070833333332,0.0,20.398923873901367,27,29,54
412,temperature,SimSenT,2008-08-31 14:00:04,50400,47.51358333333334,-122.22072222222222,0.0,20.436294555664062,28,29,54
413,temperature,SimSenT,2008-08-31 14:30:04,52200,47.51360416666667,-122.22073611111112,0.0,20.470251083374023,29,29,54
414,temperature,SimSenT,2008-08-31 15:00:04,54000,47.513625000000005,-122.22075,0.0,20.4993839263916,30,29,54
415,temperature,SimSenT,2008-08-31 15:30:04,55800,47.513645833333335,-122.22076388888888,0.0,20.52422332763672,31,29,54
416,temperature,SimSenT,2008-08-31 16:00:04,57600,47.51366666666667,-122.22077777777776,0.0,20.545934677124023,32,29,54
417,temperature,SimSenT,2008-08-31 16:30:04,59400,47.5136875,-122.22079166666668,0.0,20.56375503540039,33,29,54
418,temperature,SimSenT,2008-08-31 17:00:04,61200,47.51370833333333,-122.22080555555556,0.0,20.577529907226562,34,29,54
419,temperature,SimSenT,2008-08-31 17:30:04,63000,47.51372916666667,-122.22081944444444,0.0,20.586755752563477,35,29,54
420,temperature,SimSenT,2008-08-31 18:00:04,64800,47.51375,-122.22083333333332,0.0,20.590850830078125,36,29,54
421,temperature,SimSenT,2008-08-31 18:30:04,66600,47.51377083333334,-122.22084722222222,0.0,20.589345932006836,37,29,54
422,temperature,SimSenT,2008-08-31 19:00:04,68400,47.51379166666667,-122.2208611111111,0.0,20.5853328704834,38,29,54
423,temperature,SimSenT,2008-08-31 19:30:04,70200,47.5138125,-122.220875,0.0,20.581022262573242,39,29,54
424,temperature,SimSenT,2008-08-31 20:00:04,72000,47.51383333333334,-122.2208888888889,0.0,20.574281692504883,40,29,54
425,temperature,SimSenT,2008-08-31 20:30:04,73800,47.51385416666667,-122.22090277777778,0.0,20.565574645996094,41,29,54
426,temperature,SimSenT,2008-08-31 21:00:04,75600,47.513875000000006,-122.22091666666668,0.0,20.555814743041992,42,29,54
427,temperature,SimSenT,2008-08-31 21:30:04,77400,47.513895833333336,-122.22093055555555,0.0,20.54469108581543,43,29,54
428,temperature,SimSenT,2008-08-31 22:00:04,79200,47.51391666666667,-122.22094444444444,0.0,20.532176971435547,44,29,54
429,temperature,SimSenT,2008-08-31 22:30:04,81000,47.5139375,-122.22095833333331,0.0,20.52046775817871,45,29,54
430,temperature,SimSenT,2008-08-31 23:00:04,82800,47.513958333333335,-122.22097222222222,0.0,20.515743255615234,46,29,54
431,temperature,SimSenT,2008-08-31 23:30:04,84600,47.51397916666667,-122.2209861111111,0.0,20.509172439575195,47,29,54
432,temperature,SimSenT,2008-09-01 00:00:04,0,47.514,-122.221,0.0,19.45400047302246,0,29,54
433,temperature,SimSenT,2008-09-01 00:30:04,1800,47.51402083333333,-122.22101388888888,0.0,19.428417205810547,1,29,54
434,temperature,SimSenT,2008-09-01 01:00:04,3600,47.51404166666667,-122.22102777777778,0.0,19.44947624206543,2,29,54
435,temperature,SimSenT,2008-09-01 01:30:04,5400,47.5140625,-122.22104166666666,0.0,19.46298599243164,3,29,54
436,temperature,SimSenT,2008-09-01 02:00:04,7200,47.51408333333334,-122.22105555555557,0.0,19.469491958618164,4,29,54
437,temperature,SimSenT,2008-09-01 02:30:04,9000,47.51410416666667,-122.22106944444444,0.0,19.463472366333008,5,29,54
438,temperature,SimSenT,2008-09-01 03:00:04,10800,47.514125,-122.22108333333333,0.0,19.511978149414062,6,29,54
439,temperature,SimSenT,2008-09-01 03:30:04,12600,47.51414583333334,-122.22109722222224,0.0,19.60991859436035,7,29,54
440,temperature,SimSenT,2008-09-01 04:00:04,14400,47.51416666666667,-122.22111111111111,0.0,19.691251754760742,8,29,54
441,temperature,SimSenT,2008-09-01 04:30:04,16200,47.514187500000006,-122.221125,0.0,19.75562858581543,9,29,54
442,temperature,SimSenT,2008-09-01 05:00:04,18000,47.514208333333336,-122.22113888888887,0.0,19.806312561035156,10,29,54
443,temperature,SimSenT,2008-09-01 05:30:04,19800,47.51422916666667,-122.22115277777776,0.0,19.846660614013672,11,29,54
444,temperature,SimSenT,2008-09-01 06:00:04,21600,47.51425,-122.22116666666666,0.0,19.878992080688477,12,29,54
445,temperature,SimSenT,2008-09-01 06:30:04,23400,47.514270833333335,-122.22118055555556,0.0,19.90510368347168,13,29,54
446,temperature,SimSenT,2008-09-01 07:00:04,25200,47.51429166666667,-122.22119444444444,0.0,19.92668914794922,14,29,54
447,temperature,SimSenT,2008-09-01 07:30:04,27000,47.5143125,-122.22120833333334,0.0,19.94596290588379,15,29,54
448,temperature,SimSenT,2008-09-01 08:00:04,28800,47.51433333333333,-122.22122222222222,0.0,19.964115142822266,16,29,54
449,temperature,SimSenT,2008-09-01 08:30:04,30600,47.51435416666667,-122.22123611111112,0.0,19.98603630065918,17,29,54
450,temperature,SimSenT,2008-09-01 09:00:04,32400,47.514375,-122.22125,0.0,20.015548706054688,18,29,54
451,temperature,SimSenT,2008-09-01 09:30:04,34200,47.51439583333334,-122.22126388888888,0.0,20.052288055419922,19,29,54
452,temperature,SimSenT,2008-09-01 10:00:04,36000,47.51441666666667,-122.22127777777776,0.0,20.095224380493164,20,29,54
453,temperature,SimSenT,2008-09-01 10:30:04,37800,47.5144375,-122.22129166666666,0.0,20.14306640625,21,29,54
454,temperature,SimSenT,2008-09-01 11:00:04,39600,47.51445833333334,-122.22130555555556,0.0,20.194183349609375,22,29,54
455,temperature,SimSenT,2008-09-01 11:30:04,41400,47.51447916666667,-122.22131944444445,0.0,20.2452449798584,23,29,54
456,temperature,SimSenT,2008-09-01 12:00:04,43200,47.514500000000005,-122.22133333333332,0.0,20.287546157836914,24,29,54
457,temperature,SimSenT,2008-09-01 12:30:04,45000,47.514520833333336,-122.22134722222222,0.0,20.32339859008789,25,29,54
458,temperature,SimSenT,2008-09-01 13:00:04,46800,47.514541666666666,-122.22136111111112,0.0,20.360872268676758,26,29,54
459,temperature,SimSenT,2008-09-01 13:30:04,48600,47.5145625,-122.221375,0.0,20.398923873901367,27,29,54
460,temperature,SimSenT,2008-09-01 14:00:04,50400,47.51458333333333,-122.22138888888888,0.0,20.436294555664062,28,29,54
461,temperature,SimSenT,2008-09-01 14:30:04,52200,47.51460416666667,-122.22140277777775,0.0,20.470251083374023,29,29,54
462,temperature,SimSenT,2008-09-01 15:00:04,54000,47.514625,-122.22141666666668,0.0,20.4993839263916,30,29,54
463,temperature,SimSenT,2008-09-01 15:30:04,55800,47.51464583333333,-122.22143055555556,0.0,20.52422332763672,31,29,54
464,temperature,SimSenT,2008-09-01 16:00:04,57600,47.51466666666667,-122.22144444444444,0.0,20.545934677124023,32,29,54
465,temperature,SimSenT,2008-09-01 16:30:04,59400,47.5146875,-122.22145833333332,0.0,20.56375503540039,33,29,54
466,temperature,SimSenT,2008-09-01 17:00:04,61200,47.51470833333334,-122.22147222222222,0.0,20.577529907226562,34,29,54
467,temperature,SimSenT,2008-09-01 17:30:04,63000,47.51472916666667,-122.2214861111111,0.0,20.586755752563477,35,29,54
468,temperature,SimSenT,2008-09-01 18:00:04,64800,47.51475000000001,-122.2215,0.0,20.590850830078125,36,29,54
469,temperature,SimSenT,2008-09-01 18:30:04,66600,47.51477083333334,-122.2215138888889,0.0,20.589345932006836,37,29,54
470,temperature,SimSenT,2008-09-01 19:00:04,68400,47.51479166666667,-122.22152777777778,0.0,20.5853328704834,38,29,54
471,temperature,SimSenT,2008-09-01 19:30:04,70200,47.514812500000005,-122.22154166666668,0.0,20.581022262573242,39,29,54
472,temperature,SimSenT,2008-09-01 20:00:04,72000,47.514833333333335,-122.22155555555555,0.0,20.574281692504883,40,29,54
473,temperature,SimSenT,2008-09-01 20:30:04,73800,47.51485416666667,-122.22156944444444,0.0,20.565574645996094,41,29,54
474,temperature,SimSenT,2008-09-01 21:00:04,75600,47.514875,-122.22158333333331,0.0,20.555814743041992,42,29,54
475,temperature,SimSenT,2008-09-01 21:30:04,77400,47.51489583333333,-122.2215972222222,0.0,20.54469108581543,43,29,54
476,temperature,SimSenT,2008-09-01 22:00:04,79200,47.51491666666667,-122.2216111111111,0.0,20.532176971435547,44,29,54
477,temperature,SimSenT,2008-09-01 22:30:04,81000,47.5149375,-122.221625,0.0,20.52046775817871,45,29,54
478,temperature,SimSenT,2008-09-01 23:00:04,82800,47.51495833333334,-122.22163888888888,0.0,20.515743255615234,46,29,54
479,temperature,SimSenT,2008-09-01 23:30:04,84600,47.51497916666667,-122.22165277777778,0.0,20.509172439575195,47,29,54
480,temperature,SimSenT,2008-09-02 00:00:04,0,47.515,-122.22166666666666,0.0,19.45400047302246,0,29,54
481,temperature,SimSenT,2008-09-02 00:30:04,1800,47.51502083333334,-122.22168055555557,0.0,19.428417205810547,1,29,54
482,temperature,SimSenT,2008-09-02 01:00:04,3600,47.51504166666667,-122.22169444444444,0.0,19.44947624206543,2,29,54
483,temperature,SimSenT,2008-09-02 01:30:04,5400,47.515062500000006,-122.22170833333332,0.0,19.46298599243164,3,29,54
484,temperature,SimSenT,2008-09-02 02:00:04,7200,47.51508333333334,-122.22172222222224,0.0,19.469491958618164,4,29,54
485,temperature,SimSenT,2008-09-02 02:30:04,9000,47.51510416666667,-122.22173611111111,0.0,19.463472366333008,5,29,54
486,temperature,SimSenT,2008-09-02 03:00:04,10800,47.515125000000005,-122.22175,0.0,19.511978149414062,6,29,54
487,temperature,SimSenT,2008-09-02 03:30:04,12600,47.515145833333335,-122.22176388888889,0.0,19.60991859436035,7,29,54
488,temperature,SimSenT,2008-09-02 04:00:04,14400,47.51516666666667,-122.22177777777776,0.0,19.691251754760742,8,29,54
489,temperature,SimSenT,2008-09-02 04:30:04,16200,47.5151875,-122.22179166666666,0.0,19.75562858581543,9,29,54
490,temperature,SimSenT,2008-09-02 05:00:04,18000,47.51520833333333,-122.22180555555556,0.0,19.806312561035156,10,29,54
491,temperature,SimSenT,2008-09-02 05:30:04,19800,47.51522916666667,-122.22181944444444,0.0,19.846660614013672,11,29,54
492,temperature,SimSenT,2008-09-02 06:00:04,21600,47.51525,-122.22183333333334,0.0,19.878992080688477,12,29,54
493,temperature,SimSenT,2008-09-02 06:30:04,23400,47.51527083333334,-122.22184722222222,0.0,19.90510368347168,13,29,54
494,temperature,SimSenT,2008-09-02 07:00:04,25200,47.51529166666667,-122.22186111111112,0.0,19.92668914794922,14,29,54
495,temperature,SimSenT,2008-09-02 07:30:04,27000,47.5153125,-122.221875,0.0,19.94596290588379,15,29,54
496,temperature,SimSenT,2008-09-02 08:00:04,28800,47.51533333333334,-122.22188888888888,0.0,19.964115142822266,16,29,54
497,temperature,SimSenT,2008-09-02 08:30:04,30600,47.51535416666667,-122.22190277777776,0.0,19.98603630065918,17,29,54
498,temperature,SimSenT,2008-09-02 09:00:04,32400,47.515375000000006,-122.22191666666666,0.0,20.015548706054688,18,29,54
499,temperature,SimSenT,2008-09-02 09:30:04,34200,47.515395833333336,-122.22193055555556,0.0,20.052288055419922,19,29,54
500,temperature,SimSenT,2008-09-02 10:00:04,36000,47.51541666666667,-122.22194444444445,0.0,20.095224380493164,20,29,54
501,temperature,SimSenT,2008-09-02 10:30:04,37800,47.5154375,-122.22195833333332,0.0,20.14306640625,21,29,54
502,temperature,SimSenT,2008-09-02 11:00:04,39600,47.515458333333335,-122.22197222222222,0.0,20.194183349609375,22,29,54
503,temperature,SimSenT,2008-09-02 11:30:04,41400,47.51547916666667,-122.22198611111112,0.0,20.2452449798584,23,29,54
504,temperature,SimSenT,2008-09-02 12:00:04,43200,47.5155,-122.222,0.0,20.287546157836914,24,29,54
505,temperature,SimSenT,2008-09-02 12:30:04,45000,47.51552083333333,-122.22201388888888,0.0,20.32339859008789,25,29,54
506,temperature,SimSenT,2008-09-02 13:00:04,46800,47.51554166666667,-122.22202777777775,0.0,20.360872268676758,26,29,54
507,temperature,SimSenT,2008-09-02 13:30:04,48600,47.5155625,-122.22204166666668,0.0,20.398923873901367,27,29,54
508,temperature,SimSenT,2008-09-02 14:00:04,50400,47.51558333333334,-122.22205555555556,0.0,20.436294555664062,28,29,54
509,temperature,SimSenT,2008-09-02 14:30:04,52200,47.51560416666667,-122.22206944444444,0.0,20.470251083374023,29,29,54
510,temperature,SimSenT,2008-09-02 15:00:04,54000,47.515625,-122.22208333333332,0.0,20.4993839263916,30,29,54
511,temperature,SimSenT,2008-09-02 15:30:04,55800,47.51564583333334,-122.22209722222222,0.0,20.52422332763672,31,29,54
512,temperature,SimSenT,2008-09-02 16:00:04,57600,47.51566666666667,-122.2221111111111,0.0,20.545934677124023,32,29,54
513,temperature,SimSenT,2008-09-02 16:30:04,59400,47.515687500000006,-122.222125,0.0,20.56375503540039,33,29,54
514,temperature,SimSenT,2008-09-02 17:00:04,61200,47.515708333333336,-122.22213888888888,0.0,20.577529907226562,34,29,54
515,temperature,SimSenT,2008-09-02 17:30:04,63000,47.51572916666667,-122.22215277777778,0.0,20.586755752563477,35,29,54
516,temperature,SimSenT,2008-09-02 18:00:04,64800,47.51575,-122.22216666666668,0.0,20.590850830078125,36,29,54
517,temperature,SimSenT,2008-09-02 18:30:04,66600,47.515770833333335,-122.22218055555555,0.0,20.589345932006836,37,29,54
518,temperature,SimSenT,2008-09-02 19:00:04,68400,47.51579166666667,-122.22219444444444,0.0,20.5853328704834,38,29,54
519,temperature,SimSenT,2008-09-02 19:30:04,70200,47.5158125,-122.22220833333331,0.0,20.581022262573242,39,29,54
520,temperature,SimSenT,2008-09-02 20:00:04,72000,47.51583333333333,-122.2222222222222,0.0,20.574281692504883,40,29,54
521,temperature,SimSenT,2008-09-02 20:30:04,73800,47.51585416666667,-122.2222361111111,0.0,20.565574645996094,41,29,54
522,temperature,SimSenT,2008-09-02 21:00:04,75600,47.515875,-122.22225,0.0,20.555814743041992,42,29,54
523,temperature,SimSenT,2008-09-02 21:30:04,77400,47.51589583333334,-122.22226388888888,0.0,20.54469108581543,43,29,54
524,temperature,SimSenT,2008-09-02 22:00:04,79200,47.51591666666667,-122.22227777777778,0.0,20.532176971435547,44,29,54
525,temperature,SimSenT,2008-09-02 22:30:04,81000,47.5159375,-122.22229166666666,0.0,20.52046775817871,45,29,54
526,temperature,SimSenT,2008-09-02 23:00:04,82800,47.51595833333334,-122.22230555555556,0.0,20.515743255615234,46,29,54
527,temperature,SimSenT,2008-09-02 23:30:04,84600,47.51597916666667,-122.22231944444444,0.0,20.509172439575195,47,29,54
528,temperature,SimSenT,2008-09-03 00:00:04,0,47.516000000000005,-122.22233333333332,0.0,19.45400047302246,0,29,54
529,temperature,SimSenT,2008-09-03 00:30:04,1800,47.516020833333336,-122.22234722222224,0.0,19.428417205810547,1,29,54
530,temperature,SimSenT,2008-09-03 01:00:04,3600,47.516041666666666,-122.22236111111113,0.0,19.44947624206543,2,29,54
531,temperature,SimSenT,2008-09-03 01:30:04,5400,47.5160625,-122.222375,0.0,19.46298599243164,3,29,54
532,temperature,SimSenT,2008-09-03 02:00:04,7200,47.51608333333333,-122.22238888888889,0.0,19.469491958618164,4,29,54
533,temperature,SimSenT,2008-09-03 02:30:04,9000,47.51610416666667,-122.22240277777776,0.0,19.463472366333008,5,29,54
534,temperature,SimSenT,2008-09-03 03:00:04,10800,47.516125,-122.22241666666666,0.0,19.511978149414062,6,29,54
535,temperature,SimSenT,2008-09-03 03:30:04,12600,47.51614583333333,-122.22243055555556,0.0,19.60991859436035,7,29,54
536,temperature,SimSenT,2008-09-03 04:00:04,14400,47.51616666666667,-122.22244444444443,0.0,19.691251754760742,8,29,54
537,temperature,SimSenT,2008-09-03 04:30:04,16200,47.5161875,-122.22245833333334,0.0,19.75562858581543,9,29,54
538,temperature,SimSenT,2008-09-03 05:00:04,18000,47.51620833333334,-122.22247222222222,0.0,19.806312561035156,10,29,54
539,temperature,SimSenT,2008-09-03 05:30:04,19800,47.51622916666667,-122.22248611111112,0.0,19.846660614013672,11,29,54
540,temperature,SimSenT,2008-09-03 06:00:04,21600,47.51625,-122.2225,0.0,19.878992080688477,12,29,54
541,temperature,SimSenT,2008-09-03 06:30:04,23400,47.51627083333334,-122.22251388888888,0.0,19.90510368347168,13,29,54
542,temperature,SimSenT,2008-09-03 07:00:04,25200,47.51629166666667,-122.22252777777776,0.0,19.92668914794922,14,29,54
543,temperature,SimSenT,2008-09-03 07:30:04,27000,47.516312500000005,-122.22254166666666,0.0,19.94596290588379,15,29,54
544,temperature,SimSenT,2008-09-03 08:00:04,28800,47.516333333333336,-122.22255555555556,0.0,19.964115142822266,16,29,54
545,temperature,SimSenT,2008-09-03 08:30:04,30600,47.51635416666667,-122.22256944444445,0.0,19.98603630065918,17,29,54
546,temperature,SimSenT,2008-09-03 09:00:04,32400,47.516375,-122.22258333333332,0.0,20.015548706054688,18,29,54
547,temperature,SimSenT,2008-09-03 09:30:04,34200,47.51639583333333,-122.22259722222222,0.0,20.052288055419922,19,29,54
548,temperature,SimSenT,2008-09-03 10:00:04,36000,47.51641666666667,-122.2226111111111,0.0,20.095224380493164,20,29,54
549,temperature,SimSenT,2008-09-03 10:30:04,37800,47.5164375,-122.222625,0.0,20.14306640625,21,29,54
550,temperature,SimSenT,2008-09-03 11:00:04,39600,47.51645833333334,-122.22263888888888,0.0,20.194183349609375,22,29,54
551,temperature,SimSenT,2008-09-03 11:30:04,41400,47.51647916666667,-122.22265277777775,0.0,20.2452449798584,23,29,54
552,temperature,SimSenT,2008-09-03 12:00:04,43200,47.5165,-122.22266666666668,0.0,20.287546157836914,24,29,54
553,temperature,SimSenT,2008-09-03 12:30:04,45000,47.51652083333334,-122.22268055555556,0.0,20.32339859008789,25,29,54
554,temperature,SimSenT,2008-09-03 13:00:04,46800,47.51654166666667,-122.22269444444444,0.0,20.360872268676758,26,29,54
555,temperature,SimSenT,2008-09-03 13:30:04,48600,47.516562500000006,-122.22270833333332,0.0,20.398923873901367,27,29,54
556,temperature,SimSenT,2008-09-03 14:00:04,50400,47.51658333333334,-122.22272222222222,0.0,20.436294555664062,28,29,54
557,temperature,SimSenT,2008-09-03 14:30:04,52200,47.51660416666667,-122.2227361111111,0.0,20.470251083374023,29,29,54
558,temperature,SimSenT,2008-09-03 15:00:04,54000,47.516625000000005,-122.22275,0.0,20.4993839263916,30,29,54
559,temperature,SimSenT,2008-09-03 15:30:04,55800,47.516645833333335,-122.22276388888888,0.0,20.52422332763672,31,29,54
560,temperature,SimSenT,2008-09-03 16:00:04,57600,47.51666666666667,-122.22277777777778,0.0,20.545934677124023,32,29,54
561,temperature,SimSenT,2008-09-03 16:30:04,59400,47.5166875,-122.22279166666668,0.0,20.56375503540039,33,29,54
562,temperature,SimSenT,2008-09-03 17:00:04,61200,47.51670833333333,-122.22280555555557,0.0,20.577529907226562,34,29,54
563,temperature,SimSenT,2008-09-03 17:30:04,63000,47.51672916666667,-122.22281944444444,0.0,20.586755752563477,35,29,54
564,temperature,SimSenT,2008-09-03 18:00:04,64800,47.51675,-122.22283333333333,0.0,20.590850830078125,36,29,54
565,temperature,SimSenT,2008-09-03 18:30:04,66600,47.51677083333334,-122.2228472222222,0.0,20.589345932006836,37,29,54
566,temperature,SimSenT,2008-09-03 19:00:04,68400,47.51679166666667,-122.2228611111111,0.0,20.5853328704834,38,29,54
567,temperature,SimSenT,2008-09-03 19:30:04,70200,47.5168125,-122.222875,0.0,20.581022262573242,39,29,54
568,temperature,SimSenT,2008-09-03 20:00:04,72000,47.51683333333334,-122.22288888888887,0.0,20.574281692504883,40,29,54
569,temperature,SimSenT,2008-09-03 20:30:04,73800,47.51685416666667,-122.22290277777778,0.0,20.565574645996094,41,29,54
570,temperature,SimSenT,2008-09-03 21:00:04,75600,47.516875000000006,-122.22291666666666,0.0,20.555814743041992,42,29,54
571,temperature,SimSenT,2008-09-03 21:30:04,77400,47.516895833333336,-122.22293055555556,0.0,20.54469108581543,43,29,54
572,temperature,SimSenT,2008-09-03 22:00:04,79200,47.51691666666667,-122.22294444444444,0.0,20.532176971435547,44,29,54
573,temperature,SimSenT,2008-09-03 22:30:04,81000,47.5169375,-122.22295833333332,0.0,20.52046775817871,45,29,54
574,temperature,SimSenT,2008-09-03 23:00:04,82800,47.516958333333335,-122.22297222222224,0.0,20.515743255615234,46,29,54
575,temperature,SimSenT,2008-09-03 23:30:04,84600,47.51697916666667,-122.22298611111113,0.0,20.509172439575195,47,29,54
576,temperature,SimSenT,2008-09-04 00:00:04,0,47.517,-122.223,0.0,19.45400047302246,0,29,54
577,temperature,SimSenT,2008-09-04 00:30:04,1800,47.51702083333333,-122.22301388888889,0.0,19.428417205810547,1,29,54
578,temperature,SimSenT,2008-09-04 01:00:04,3600,47.51704166666667,-122.22302777777776,0.0,19.44947624206543,2,29,54
579,temperature,SimSenT,2008-09-04 01:30:04,5400,47.5170625,-122.22304166666666,0.0,19.46298599243164,3,29,54
580,temperature,SimSenT,2008-09-04 02:00:04,7200,47.51708333333334,-122.22305555555556,0.0,19.469491958618164,4,29,54
581,temperature,SimSenT,2008-09-04 02:30:04,9000,47.51710416666667,-122.22306944444443,0.0,19.463472366333008,5,29,54
582,temperature,SimSenT,2008-09-04 03:00:04,10800,47.517125,-122.22308333333334,0.0,19.368864059448242,6,40,54
583,temperature,SimSenT,2008-09-04 03:30:04,12600,47.51714583333334,-122.22309722222222,0.0,19.447063446044922,7,40,54
584,temperature,SimSenT,2008-09-04 04:00:04,14400,47.51716666666667,-122.22311111111112,0.0,19.532428741455078,8,40,54
585,temperature,SimSenT,2008-09-04 04:30:04,16200,47.517187500000006,-122.223125,0.0,19.60748863220215,9,40,54
586,temperature,SimSenT,2008-09-04 05:00:04,18000,47.517208333333336,-122.22313888888888,0.0,19.67090606689453,10,40,54
587,temperature,SimSenT,2008-09-04 05:30:04,19800,47.51722916666667,-122.22315277777776,0.0,19.724576950073242,11,40,54
588,temperature,SimSenT,2008-09-04 06:00:04,21600,47.51725,-122.22316666666666,0.0,19.77000617980957,12,40,54
589,temperature,SimSenT,2008-09-04 06:30:04,23400,47.517270833333335,-122.22318055555556,0.0,19.808515548706055,13,40,54
590,temperature,SimSenT,2008-09-04 07:00:04,25200,47.51729166666667,-122.22319444444445,0.0,19.841751098632812,14,40,54
591,temperature,SimSenT,2008-09-04 07:30:04,27000,47.5173125,-122.22320833333332,0.0,19.871845245361328,15,40,54
592,temperature,SimSenT,2008-09-04 08:00:04,28800,47.51733333333333,-122.22322222222222,0.0,19.899837493896484,16,40,54
593,temperature,SimSenT,2008-09-04 08:30:04,30600,47.51735416666667,-122.2232361111111,0.0,19.925512313842773,17,40,54
594,temperature,SimSenT,2008-09-04 09:00:04,32400,47.517375,-122.22325,0.0,19.955991744995117,18,40,54
595,temperature,SimSenT,2008-09-04 09:30:04,34200,47.51739583333334,-122.22326388888888,0.0,19.99383544921875,19,40,54
596,temperature,SimSenT,2008-09-04 10:00:04,36000,47.51741666666667,-122.22327777777777,0.0,20.038246154785156,20,40,54
597,temperature,SimSenT,2008-09-04 10:30:04,37800,47.5174375,-122.22329166666668,0.0,20.08722686767578,21,40,54
598,temperature,SimSenT,2008-09-04 11:00:04,39600,47.51745833333334,-122.22330555555556,0.0,20.138837814331055,22,40,54
599,temperature,SimSenT,2008-09-04 11:30:04,41400,47.51747916666667,-122.22331944444444,0.0,20.1895694732666,23,40,54
600,temperature,SimSenT,2008-09-04 12:00:04,43200,47.517500000000005,-122.22333333333331,0.0,20.230775833129883,24,40,54
601,temperature,SimSenT,2008-09-04 12:30:04,45000,47.517520833333336,-122.22334722222222,0.0,20.265531539916992,25,40,54
602,temperature,SimSenT,2008-09-04 13:00:04,46800,47.517541666666666,-122.2233611111111,0.0,20.301992416381836,26,40,54
603,temperature,SimSenT,2008-09-04 13:30:04,48600,47.5175625,-122.223375,0.0,20.33924102783203,27,40,54
604,temperature,SimSenT,2008-09-04 14:00:04,50400,47.51758333333333,-122.22338888888888,0.0,20.37579345703125,28,40,54
605,temperature,SimSenT,2008-09-04 14:30:04,52200,47.51760416666667,-122.22340277777778,0.0,20.408966064453125,29,40,54
606,temperature,SimSenT,2008-09-04 15:00:04,54000,47.517625,-122.22341666666668,0.0,20.4372501373291,30,40,54
607,temperature,SimSenT,2008-09-04 15:30:04,55800,47.51764583333333,-122.22343055555557,0.0,20.46086883544922,31,40,54
608,temperature,SimSenT,2008-09-04 16:00:04,57600,47.51766666666667,-122.22344444444444,0.0,20.481298446655273,32,40,54
609,temperature,SimSenT,2008-09-04 16:30:04,59400,47.5176875,-122.22345833333333,0.0,20.498077392578125,33,40,54
610,temperature,SimSenT,2008-09-04 17:00:04,61200,47.51770833333334,-122.2234722222222,0.0,20.51104736328125,34,40,54
611,temperature,SimSenT,2008-09-04 17:30:04,63000,47.51772916666667,-122.2234861111111,0.0,20.519620895385742,35,40,54
612,temperature,SimSenT,2008-09-04 18:00:04,64800,47.51775000000001,-122.2235,0.0,20.52408790588379,36,40,54
613,temperature,SimSenT,2008-09-04 18:30:04,66600,47.51777083333334,-122.22351388888887,0.0,20.525665283203125,37,40,54
614,temperature,SimSenT,2008-09-04 19:00:04,68400,47.51779166666667,-122.22352777777778,0.0,20.524707794189453,38,40,54
615,temperature,SimSenT,2008-09-04 19:30:04,70200,47.517812500000005,-122.22354166666666,0.0,20.523488998413086,39,40,54
616,temperature,SimSenT,2008-09-04 20:00:04,72000,47.517833333333336,-122.22355555555556,0.0,20.519325256347656,40,40,54
617,temperature,SimSenT,2008-09-04 20:30:04,73800,47.51785416666667,-122.22356944444444,0.0,20.512392044067383,41,40,54
618,temperature,SimSenT,2008-09-04 21:00:04,75600,47.517875,-122.22358333333332,0.0,20.50345802307129,42,40,54
619,temperature,SimSenT,2008-09-04 21:30:04,77400,47.51789583333333,-122.22359722222222,0.0,20.495141983032227,43,40,54
620,temperature,SimSenT,2008-09-04 22:00:04,79200,47.51791666666667,-122.22361111111113,0.0,20.491838455200195,44,40,54
621,temperature,SimSenT,2008-09-04 22:30:04,81000,47.5179375,-122.223625,0.0,20.486120223999023,45,40,54
622,temperature,SimSenT,2008-09-04 23:00:04,82800,47.51795833333334,-122.22363888888889,0.0,20.480426788330078,46,40,54
623,temperature,SimSenT,2008-09-04 23:30:04,84600,47.51797916666667,-122.22365277777776,0.0,20.474395751953125,47,40,54
624,temperature,SimSenT,2008-09-05 00:00:04,0,47.518,-122.22366666666666,0.0,19.374000549316406,0,40,54
625,temperature,SimSenT,2008-09-05 00:30:04,1800,47.51802083333334,-122.22368055555556,0.0,19.346416473388672,1,40,54
626,temperature,SimSenT,2008-09-05 01:00:04,3600,47.51804166666667,-122.22369444444443,0.0,19.36094856262207,2,40,54
627,temperature,SimSenT,2008-09-05 01:30:04,5400,47.518062500000006,-122.22370833333332,0.0,19.364404678344727,3,40,54
628,temperature,SimSenT,2008-09-05 02:00:04,7200,47.51808333333334,-122.22372222222222,0.0,19.3642520904541,4,40,54
629,temperature,SimSenT,2008-09-05 02:30:04,9000,47.51810416666667,-122.22373611111112,0.0,19.362104415893555,5,40,54
630,temperature,SimSenT,2008-09-05 03:00:04,10800,47.518125000000005,-122.22375,0.0,19.368864059448242,6,40,54
631,temperature,SimSenT,2008-09-05 03:30:04,12600,47.518145833333335,-122.22376388888888,0.0,19.447063446044922,7,40,54
632,temperature,SimSenT,2008-09-05 04:00:04,14400,47.51816666666667,-122.22377777777776,0.0,19.532428741455078,8,40,54
633,temperature,SimSenT,2008-09-05 04:30:04,16200,47.5181875,-122.22379166666666,0.0,19.60748863220215,9,40,54
634,temperature,SimSenT,2008-09-05 05:00:04,18000,47.51820833333333,-122.22380555555556,0.0,19.67090606689453,10,40,54
635,temperature,SimSenT,2008-09-05 05:30:04,19800,47.51822916666667,-122.22381944444444,0.0,19.724576950073242,11,40,54
636,temperature,SimSenT,2008-09-05 06:00:04,21600,47.51825,-122.22383333333332,0.0,19.77000617980957,12,40,54
637,temperature,SimSenT,2008-09-05 06:30:04,23400,47.51827083333334,-122.22384722222222,0.0,19.808515548706055,13,40,54
638,temperature,SimSenT,2008-09-05 07:00:04,25200,47.51829166666667,-122.2238611111111,0.0,19.841751098632812,14,40,54
639,temperature,SimSenT,2008-09-05 07:30:04,27000,47.5183125,-122.223875,0.0,19.871845245361328,15,40,54
640,temperature,SimSenT,2008-09-05 08:00:04,28800,47.51833333333334,-122.22388888888888,0.0,19.899837493896484,16,40,54
641,temperature,SimSenT,2008-09-05 08:30:04,30600,47.51835416666667,-122.22390277777777,0.0,19.925512313842773,17,40,54
642,temperature,SimSenT,2008-09-05 09:00:04,32400,47.518375000000006,-122.22391666666668,0.0,19.955991744995117,18,40,54
643,temperature,SimSenT,2008-09-05 09:30:04,34200,47.51839583333334,-122.22393055555555,0.0,19.99383544921875,19,40,54
644,temperature,SimSenT,2008-09-05 10:00:04,36000,47.51841666666667,-122.22394444444444,0.0,20.038246154785156,20,40,54
645,temperature,SimSenT,2008-09-05 10:30:04,37800,47.518437500000005,-122.22395833333331,0.0,20.08722686767578,21,40,54
646,temperature,SimSenT,2008-09-05 11:00:04,39600,47.518458333333335,-122.22397222222222,0.0,20.138837814331055,22,40,54
647,temperature,SimSenT,2008-09-05 11:30:04,41400,47.51847916666667,-122.2239861111111,0.0,20.1895694732666,23,40,54
648,temperature,SimSenT,2008-09-05 12:00:04,43200,47.5185,-122.224,0.0,20.230775833129883,24,40,54
649,temperature,SimSenT,2008-09-05 12:30:04,45000,47.51852083333333,-122.22401388888888,0.0,20.265531539916992,25,40,54
650,temperature,SimSenT,2008-09-05 13:00:04,46800,47.51854166666667,-122.22402777777778,0.0,20.301992416381836,26,40,54
651,temperature,SimSenT,2008-09-05 13:30:04,48600,47.5185625,-122.22404166666666,0.0,20.33924102783203,27,40,54
652,temperature,SimSenT,2008-09-05 14:00:04,50400,47.51858333333334,-122.22405555555557,0.0,20.37579345703125,28,40,54
653,temperature,SimSenT,2008-09-05 14:30:04,52200,47.51860416666667,-122.22406944444444,0.0,20.408966064453125,29,40,54
654,temperature,SimSenT,2008-09-05 15:00:04,54000,47.518625,-122.22408333333333,0.0,20.4372501373291,30,40,54
655,temperature,SimSenT,2008-09-05 15:30:04,55800,47.51864583333334,-122.2240972222222,0.0,20.46086883544922,31,40,54
656,temperature,SimSenT,2008-09-05 16:00:04,57600,47.51866666666667,-122.2241111111111,0.0,20.481298446655273,32,40,54
657,temperature,SimSenT,2008-09-05 16:30:04,59400,47.518687500000006,-122.224125,0.0,20.498077392578125,33,40,54
658,temperature,SimSenT,2008-09-05 17:00:04,61200,47.518708333333336,-122.22413888888887,0.0,20.51104736328125,34,40,54
659,temperature,SimSenT,2008-09-05 17:30:04,63000,47.51872916666667,-122.22415277777776,0.0,20.519620895385742,35,40,54
660,temperature,SimSenT,2008-09-05 18:00:04,64800,47.51875,-122.22416666666666,0.0,20.52408790588379,36,40,54
661,temperature,SimSenT,2008-09-05 18:30:04,66600,47.518770833333335,-122.22418055555556,0.0,20.525665283203125,37,40,54
662,temperature,SimSenT,2008-09-05 19:00:04,68400,47.51879166666667,-122.22419444444444,0.0,20.524707794189453,38,40,54
663,temperature,SimSenT,2008-09-05 19:30:04,70200,47.5188125,-122.22420833333332,0.0,20.523488998413086,39,40,54
664,temperature,SimSenT,2008-09-05 20:00:04,72000,47.51883333333333,-122.22422222222222,0.0,20.519325256347656,40,40,54
665,temperature,SimSenT,2008-09-05 20:30:04,73800,47.51885416666667,-122.22423611111113,0.0,20.512392044067383,41,40,54
666,temperature,SimSenT,2008-09-05 21:00:04,75600,47.518875,-122.22425,0.0,20.50345802307129,42,40,54
667,temperature,SimSenT,2008-09-05 21:30:04,77400,47.51889583333334,-122.22426388888888,0.0,20.495141983032227,43,40,54
668,temperature,SimSenT,2008-09-05 22:00:04,79200,47.51891666666667,-122.22427777777776,0.0,20.491838455200195,44,40,54
669,temperature,SimSenT,2008-09-05 22:30:04,81000,47.5189375,-122.22429166666666,0.0,20.486120223999023,45,40,54
670,temperature,SimSenT,2008-09-05 23:00:04,82800,47.51895833333334,-122.22430555555556,0.0,20.480426788330078,46,40,54
671,temperature,SimSenT,2008-09-05 23:30:04,84600,47.51897916666667,-122.22431944444445,0.0,20.474395751953125,47,40,54
672,temperature,SimSenT,2008-09-06 00:00:04,0,47.519000000000005,-122.22433333333332,0.0,19.374000549316406,0,40,54
673,temperature,SimSenT,2008-09-06 00:30:04,1800,47.519020833333336,-122.22434722222222,0.0,19.346416473388672,1,40,54
674,temperature,SimSenT,2008-09-06 01:00:04,3600,47.519041666666666,-122.22436111111112,0.0,19.36094856262207,2,40,54
675,temperature,SimSenT,2008-09-06 01:30:04,5400,47.5190625,-122.224375,0.0,19.364404678344727,3,40,54
676,temperature,SimSenT,2008-09-06 02:00:04,7200,47.51908333333333,-122.22438888888888,0.0,19.3642520904541,4,40,54
677,temperature,SimSenT,2008-09-06 02:30:04,9000,47.51910416666667,-122.22440277777775,0.0,19.362104415893555,5,40,54
678,temperature,SimSenT,2008-09-06 03:00:04,10800,47.519125,-122.22441666666666,0.0,19.368864059448242,6,40,54
679,temperature,SimSenT,2008-09-06 03:30:04,12600,47.51914583333333,-122.22443055555556,0.0,19.447063446044922,7,40,54
680,temperature,SimSenT,2008-09-06 04:00:04,14400,47.51916666666667,-122.22444444444444,0.0,19.532428741455078,8,40,54
681,temperature,SimSenT,2008-09-06 04:30:04,16200,47.5191875,-122.22445833333332,0.0,19.60748863220215,9,40,54
682,temperature,SimSenT,2008-09-06 05:00:04,18000,47.51920833333334,-122.22447222222222,0.0,19.67090606689453,10,40,54
683,temperature,SimSenT,2008-09-06 05:30:04,19800,47.51922916666667,-122.2244861111111,0.0,19.724576950073242,11,40,54
684,temperature,SimSenT,2008-09-06 06:00:04,21600,47.51925,-122.2245,0.0,19.77000617980957,12,40,54
685,temperature,SimSenT,2008-09-06 06:30:04,23400,47.51927083333334,-122.22451388888888,0.0,19.808515548706055,13,40,54
686,temperature,SimSenT,2008-09-06 07:00:04,25200,47.51929166666667,-122.22452777777777,0.0,19.841751098632812,14,40,54
687,temperature,SimSenT,2008-09-06 07:30:04,27000,47.519312500000005,-122.22454166666668,0.0,19.871845245361328,15,40,54
688,temperature,SimSenT,2008-09-06 08:00:04,28800,47.519333333333336,-122.22455555555555,0.0,19.899837493896484,16,40,54
689,temperature,SimSenT,2008-09-06 08:30:04,30600,47.51935416666667,-122.22456944444444,0.0,19.925512313842773,17,40,54
690,temperature,SimSenT,2008-09-06 09:00:04,32400,47.519375,-122.22458333333331,0.0,19.955991744995117,18,40,54
691,temperature,SimSenT,2008-09-06 09:30:04,34200,47.51939583333333,-122.22459722222222,0.0,19.99383544921875,19,40,54
692,temperature,SimSenT,2008-09-06 10:00:04,36000,47.51941666666667,-122.2246111111111,0.0,20.038246154785156,20,40,54
693,temperature,SimSenT,2008-09-06 10:30:04,37800,47.5194375,-122.224625,0.0,20.08722686767578,21,40,54
694,temperature,SimSenT,2008-09-06 11:00:04,39600,47.51945833333334,-122.22463888888888,0.0,20.138837814331055,22,40,54
695,temperature,SimSenT,2008-09-06 11:30:04,41400,47.51947916666667,-122.22465277777778,0.0,20.1895694732666,23,40,54
696,temperature,SimSenT,2008-09-06 12:00:04,43200,47.5195,-122.22466666666666,0.0,20.230775833129883,24,40,54
697,temperature,SimSenT,2008-09-06 12:30:04,45000,47.51952083333334,-122.22468055555557,0.0,20.265531539916992,25,40,54
698,temperature,SimSenT,2008-09-06 13:00:04,46800,47.51954166666667,-122.22469444444444,0.0,20.301992416381836,26,40,54
699,temperature,SimSenT,2008-09-06 13:30:04,48600,47.519562500000006,-122.22470833333333,0.0,20.33924102783203,27,40,54
700,temperature,SimSenT,2008-09-06 14:00:04,50400,47.51958333333334,-122.2247222222222,0.0,20.37579345703125,28,40,54
701,temperature,SimSenT,2008-09-06 14:30:04,52200,47.51960416666667,-122.2247361111111,0.0,20.408966064453125,29,40,54
702,temperature,SimSenT,2008-09-06 15:00:04,54000,47.519625000000005,-122.22475,0.0,20.4372501373291,30,40,54
703,temperature,SimSenT,2008-09-06 15:30:04,55800,47.519645833333335,-122.22476388888887,0.0,20.46086883544922,31,40,54
704,temperature,SimSenT,2008-09-06 16:00:04,57600,47.51966666666667,-122.22477777777776,0.0,20.481298446655273,32,40,54
705,temperature,SimSenT,2008-09-06 16:30:04,59400,47.5196875,-122.22479166666666,0.0,20.498077392578125,33,40,54
706,temperature,SimSenT,2008-09-06 17:00:04,61200,47.51970833333333,-122.22480555555556,0.0,20.51104736328125,34,40,54
707,temperature,SimSenT,2008-09-06 17:30:04,63000,47.51972916666667,-122.22481944444444,0.0,20.519620895385742,35,40,54
708,temperature,SimSenT,2008-09-06 18:00:04,64800,47.51975,-122.22483333333332,0.0,20.52408790588379,36,40,54
709,temperature,SimSenT,2008-09-06 18:30:04,66600,47.51977083333334,-122.22484722222222,0.0,20.525665283203125,37,40,54
710,temperature,SimSenT,2008-09-06 19:00:04,68400,47.51979166666667,-122.22486111111112,0.0,20.524707794189453,38,40,54
711,temperature,SimSenT,2008-09-06 19:30:04,70200,47.5198125,-122.224875,0.0,20.523488998413086,39,40,54
712,temperature,SimSenT,2008-09-06 20:00:04,72000,47.51983333333334,-122.22488888888888,0.0,20.519325256347656,40,40,54
713,temperature,SimSenT,2008-09-06 20:30:04,73800,47.51985416666667,-122.22490277777776,0.0,20.512392044067383,41,40,54
714,temperature,SimSenT,2008-09-06 21:00:04,75600,47.519875000000006,-122.22491666666666,0.0,20.50345802307129,42,40,54
715,temperature,SimSenT,2008-09-06 21:30:04,77400,47.51989583333334,-122.22493055555556,0.0,20.495141983032227,43,40,54
716,temperature,SimSenT,2008-09-06 22:00:04,79200,47.51991666666667,-122.22494444444445,0.0,20.491838455200195,44,40,54
717,temperature,SimSenT,2008-09-06 22:30:04,81000,47.519937500000005,-122.22495833333332,0.0,20.486120223999023,45,40,54
718,temperature,SimSenT,2008-09-06 23:00:04,82800,47.519958333333335,-122.22497222222222,0.0,20.480426788330078,46,40,54
719,temperature,SimSenT,2008-09-06 23:30:04,84600,47.51997916666667,-122.22498611111112,0.0,20.474395751953125,47,40,54
720,temperature,SimSenT,2008-09-07 00:00:04,0,47.52,-122.225,0.0,19.374000549316406,0,40,54
