,id,source,timestamp,Time,Lat,Lon,Depth,DOX,Bt,Bij,Bl
0,ALG,SimSenO,2008-08-23 00:00:05,0,47.505,-122.215,0.0,2.0,0,9,54
1,ALG,SimSenO,2008-08-23 00:30:05,1800,47.50502083333333,-122.21501388888888,0.0,2.493928909301758,1,9,54
2,ALG,SimSenO,2008-08-23 01:00:05,3600,47.50504166666667,-122.21502777777778,0.0,2.8501620292663574,2,9,54
3,ALG,SimSenO,2008-08-23 01:30:05,5400,47.5050625,-122.21504166666666,0.0,3.379096269607544,3,9,54
4,ALG,SimSenO,2008-08-23 02:00:05,7200,47.50508333333334,-122.21505555555557,0.0,2.3676087856292725,4,9,54
5,ALG,SimSenO,2008-08-23 02:30:05,9000,47.50510416666667,-122.21506944444444,0.0,2.449331760406494,5,9,54
6,ALG,SimSenO,2008-08-23 03:00:05,10800,47.505125,-122.21508333333334,0.0,2.541597843170166,6,9,54
7,ALG,SimSenO,2008-08-23 03:30:05,12600,47.50514583333334,-122.21509722222224,0.0,2.6642699241638184,7,9,54
8,ALG,SimSenO,2008-08-23 04:00:05,14400,47.50516666666667,-122.21511111111111,0.0,2.7557153701782227,8,9,54
9,ALG,SimSenO,2008-08-23 04:30:05,16200,47.505187500000005,-122.215125,0.0,2.8780171871185303,9,9,54
10,ALG,SimSenO,2008-08-23 05:00:05,18000,47.505208333333336,-122.21513888888887,0.0,2.9693939685821533,10,9,54
11,ALG,SimSenO,2008-08-23 05:30:05,19800,47.505229166666666,-122.21515277777776,0.0,3.097273111343384,11,9,54
12,ALG,SimSenO,2008-08-23 06:00:05,21600,47.50525,-122.21516666666668,0.0,3.2120361328125,12,9,54
13,ALG,SimSenO,2008-08-23 06:30:05,23400,47.50527083333333,-122.21518055555556,0.0,3.357778549194336,13,9,54
14,ALG,SimSenO,2008-08-23 07:00:05,25200,47.50529166666667,-122.21519444444444,0.0,3.5091898441314697,14,9,54
15,ALG,SimSenO,2008-08-23 07:30:05,27000,47.5053125,-122.21520833333334,0.0,3.808736562728882,15,9,54
16,ALG,SimSenO,2008-08-23 08:00:05,28800,47.50533333333333,-122.21522222222222,0.0,4.066230773925781,16,9,54
17,ALG,SimSenO,2008-08-23 08:30:05,30600,47.50535416666667,-122.21523611111112,0.0,4.150529861450195,17,9,54
18,ALG,SimSenO,2008-08-23 09:00:05,32400,47.505375,-122.21525,0.0,4.2480878829956055,18,9,54
19,ALG,SimSenO,2008-08-23 09:30:05,34200,47.50539583333334,-122.2152638888889,0.0,4.379687786102295,19,9,54
20,ALG,SimSenO,2008-08-23 10:00:05,36000,47.50541666666667,-122.2152777777778,0.0,4.544683456420898,20,9,54
21,ALG,SimSenO,2008-08-23 10:30:05,37800,47.5054375,-122.21529166666669,0.0,4.79439640045166,21,9,54
22,ALG,SimSenO,2008-08-23 11:00:05,39600,47.50545833333334,-122.21530555555556,0.0,5.113325119018555,22,9,54
23,ALG,SimSenO,2008-08-23 11:30:05,41400,47.50547916666667,-122.21531944444445,0.0,5.482169151306152,23,9,54
24,ALG,SimSenO,2008-08-23 12:00:05,43200,47.505500000000005,-122.21533333333332,0.0,5.793789863586426,24,9,54
25,ALG,SimSenO,2008-08-23 12:30:05,45000,47.505520833333335,-122.21534722222222,0.0,6.026950836181641,25,9,54
26,ALG,SimSenO,2008-08-23 13:00:05,46800,47.505541666666666,-122.21536111111112,0.0,6.218070030212402,26,9,54
27,ALG,SimSenO,2008-08-23 13:30:05,48600,47.5055625,-122.215375,0.0,6.405077934265137,27,9,54
28,ALG,SimSenO,2008-08-23 14:00:05,50400,47.50558333333333,-122.2153888888889,0.0,6.58583402633667,28,9,54
29,ALG,SimSenO,2008-08-23 14:30:05,52200,47.50560416666667,-122.21540277777778,0.0,6.769627094268799,29,9,54
30,ALG,SimSenO,2008-08-23 15:00:05,54000,47.505625,-122.21541666666668,0.0,6.92961311340332,30,9,54
31,ALG,SimSenO,2008-08-23 15:30:05,55800,47.50564583333333,-122.21543055555556,0.0,7.042198181152344,31,9,54
32,ALG,SimSenO,2008-08-23 16:00:05,57600,47.50566666666667,-122.21544444444444,0.0,7.059466361999512,32,9,54
33,ALG,SimSenO,2008-08-23 16:30:05,59400,47.5056875,-122.21545833333332,0.0,6.970598220825195,33,9,54
34,ALG,SimSenO,2008-08-23 17:00:05,61200,47.50570833333334,-122.21547222222225,0.0,6.806812286376953,34,9,54
35,ALG,SimSenO,2008-08-23 17:30:05,63000,47.50572916666667,-122.21548611111112,0.0,6.627246856689453,35,9,54
36,ALG,SimSenO,2008-08-23 18:00:05,64800,47.505750000000006,-122.2155,0.0,6.457042694091797,36,9,54
37,ALG,SimSenO,2008-08-23 18:30:05,66600,47.50577083333334,-122.21551388888888,0.0,6.301141262054443,37,9,54
38,ALG,SimSenO,2008-08-23 19:00:05,68400,47.50579166666667,-122.21552777777778,0.0,6.066697120666504,38,9,54
39,ALG,SimSenO,2008-08-23 19:30:05,70200,47.505812500000005,-122.21554166666668,0.0,5.755427837371826,39,9,54
40,ALG,SimSenO,2008-08-23 20:00:05,72000,47.505833333333335,-122.21555555555555,0.0,5.503434658050537,40,9,54
41,ALG,SimSenO,2008-08-23 20:30:05,73800,47.50585416666667,-122.21556944444444,0.0,5.358119010925293,41,9,54
42,ALG,SimSenO,2008-08-23 21:00:05,75600,47.505875,-122.21558333333334,0.0,5.30316162109375,42,9,54
43,ALG,SimSenO,2008-08-23 21:30:05,77400,47.50589583333333,-122.21559722222224,0.0,5.407861709594727,43,9,54
44,ALG,SimSenO,2008-08-23 22:00:05,79200,47.50591666666667,-122.21561111111112,0.0,5.522025108337402,44,9,54
45,ALG,SimSenO,2008-08-23 22:30:05,81000,47.5059375,-122.215625,0.0,5.638978004455566,45,9,54
46,ALG,SimSenO,2008-08-23 23:00:05,82800,47.50595833333334,-122.21563888888888,0.0,5.685337066650391,46,9,54
47,ALG,SimSenO,2008-08-23 23:30:05,84600,47.50597916666667,-122.21565277777778,0.0,5.458652019500732,47,9,54
48,ALG,SimSenO,2008-08-24 00:00:05,0,47.506,-122.21566666666666,0.0,2.0,0,9,54
49,ALG,SimSenO,2008-08-24 00:30:05,1800,47.50602083333334,-122.21568055555556,0.0,2.493928909301758,1,9,54
50,ALG,SimSenO,2008-08-24 01:00:05,3600,47.50604166666667,-122.21569444444444,0.0,2.8501620292663574,2,9,54
51,ALG,SimSenO,2008-08-24 01:30:05,5400,47.506062500000006,-122.21570833333334,0.0,3.379096269607544,3,9,54
52,ALG,SimSenO,2008-08-24 02:00:05,7200,47.506083333333336,-122.21572222222224,0.0,2.3676087856292725,4,9,54
53,ALG,SimSenO,2008-08-24 02:30:05,9000,47.50610416666667,-122.21573611111111,0.0,2.449331760406494,5,9,54
54,ALG,SimSenO,2008-08-24 03:00:05,10800,47.506125,-122.21575,0.0,2.541597843170166,6,9,54
55,ALG,SimSenO,2008-08-24 03:30:05,12600,47.506145833333335,-122.21576388888889,0.0,2.6642699241638184,7,9,54
56,ALG,SimSenO,2008-08-24 04:00:05,14400,47.50616666666667,-122.21577777777776,0.0,2.7557153701782227,8,9,54
57,ALG,SimSenO,2008-08-24 04:30:05,16200,47.5061875,-122.21579166666668,0.0,2.8780171871185303,9,9,54
58,ALG,SimSenO,2008-08-24 05:00:05,18000,47.50620833333333,-122.21580555555556,0.0,2.9693939685821533,10,9,54
59,ALG,SimSenO,2008-08-24 05:30:05,19800,47.50622916666667,-122.21581944444443,0.0,3.097273111343384,11,9,54
60,ALG,SimSenO,2008-08-24 06:00:05,21600,47.50625,-122.21583333333334,0.0,3.2120361328125,12,9,54
61,ALG,SimSenO,2008-08-24 06:30:05,23400,47.50627083333334,-122.21584722222222,0.0,3.357778549194336,13,9,54
62,ALG,SimSenO,2008-08-24 07:00:05,25200,47.50629166666667,-122.21586111111112,0.0,3.5091898441314697,14,9,54
63,ALG,SimSenO,2008-08-24 07:30:05,27000,47.5063125,-122.215875,0.0,3.808736562728882,15,9,54
64,ALG,SimSenO,2008-08-24 08:00:05,28800,47.50633333333334,-122.2158888888889,0.0,4.066230773925781,16,9,54
65,ALG,SimSenO,2008-08-24 08:30:05,30600,47.50635416666667,-122.2159027777778,0.0,4.150529861450195,17,9,54
66,ALG,SimSenO,2008-08-24 09:00:05,32400,47.506375000000006,-122.21591666666669,0.0,4.2480878829956055,18,9,54
67,ALG,SimSenO,2008-08-24 09:30:05,34200,47.506395833333336,-122.21593055555556,0.0,4.379687786102295,19,9,54
68,ALG,SimSenO,2008-08-24 10:00:05,36000,47.50641666666667,-122.21594444444445,0.0,4.544683456420898,20,9,54
69,ALG,SimSenO,2008-08-24 10:30:05,37800,47.5064375,-122.21595833333332,0.0,4.79439640045166,21,9,54
70,ALG,SimSenO,2008-08-24 11:00:05,39600,47.506458333333335,-122.21597222222222,0.0,5.113325119018555,22,9,54
71,ALG,SimSenO,2008-08-24 11:30:05,41400,47.50647916666667,-122.2159861111111,0.0,5.482169151306152,23,9,54
72,ALG,SimSenO,2008-08-24 12:00:05,43200,47.5065,-122.216,0.0,5.793789863586426,24,9,54
73,ALG,SimSenO,2008-08-24 12:30:05,45000,47.50652083333333,-122.2160138888889,0.0,6.026950836181641,25,9,54
74,ALG,SimSenO,2008-08-24 13:00:05,46800,47.50654166666667,-122.21602777777778,0.0,6.218070030212402,26,9,54
75,ALG,SimSenO,2008-08-24 13:30:05,48600,47.5065625,-122.21604166666668,0.0,6.405077934265137,27,9,54
76,ALG,SimSenO,2008-08-24 14:00:05,50400,47.50658333333334,-122.21605555555556,0.0,6.58583402633667,28,9,54
77,ALG,SimSenO,2008-08-24 14:30:05,52200,47.50660416666667,-122.21606944444444,0.0,6.769627094268799,29,9,54
78,ALG,SimSenO,2008-08-24 15:00:05,54000,47.506625,-122.21608333333332,0.0,6.92961311340332,30,9,54
79,ALG,SimSenO,2008-08-24 15:30:05,55800,47.50664583333334,-122.21609722222225,0.0,7.042198181152344,31,9,54
80,ALG,SimSenO,2008-08-24 16:00:05,57600,47.50666666666667,-122.21611111111112,0.0,7.059466361999512,32,9,54
81,ALG,SimSenO,2008-08-24 16:30:05,59400,47.506687500000005,-122.216125,0.0,6.970598220825195,33,9,54
82,ALG,SimSenO,2008-08-24 17:00:05,61200,47.506708333333336,-122.21613888888888,0.0,6.806812286376953,34,9,54
83,ALG,SimSenO,2008-08-24 17:30:05,63000,47.506729166666666,-122.21615277777778,0.0,6.627246856689453,35,9,54
84,ALG,SimSenO,2008-08-24 18:00:05,64800,47.50675,-122.21616666666668,0.0,6.457042694091797,36,9,54
85,ALG,SimSenO,2008-08-24 18:30:05,66600,47.50677083333333,-122.21618055555555,0.0,6.301141262054443,37,9,54
86,ALG,SimSenO,2008-08-24 19:00:05,68400,47.50679166666667,-122.21619444444444,0.0,6.066697120666504,38,9,54
87,ALG,SimSenO,2008-08-24 19:30:05,70200,47.5068125,-122.21620833333334,0.0,5.755427837371826,39,9,54
88,ALG,SimSenO,2008-08-24 20:00:05,72000,47.50683333333333,-122.21622222222224,0.0,5.503434658050537,40,9,54
89,ALG,SimSenO,2008-08-24 20:30:05,73800,47.50685416666667,-122.21623611111112,0.0,5.358119010925293,41,9,54
90,ALG,SimSenO,2008-08-24 21:00:05,75600,47.506875,-122.21625,0.0,5.30316162109375,42,9,54
91,ALG,SimSenO,2008-08-24 21:30:05,77400,47.50689583333334,-122.21626388888888,0.0,5.407861709594727,43,9,54
92,ALG,SimSenO,2008-08-24 22:00:05,79200,47.50691666666667,-122.21627777777778,0.0,5.522025108337402,44,9,54
93,ALG,SimSenO,2008-08-24 22:30:05,81000,47.5069375,-122.21629166666666,0.0,5.638978004455566,45,9,54
94,ALG,SimSenO,2008-08-24 23:00:05,82800,47.50695833333334,-122.21630555555556,0.0,5.685337066650391,46,9,54
95,ALG,SimSenO,2008-08-24 23:30:05,84600,47.50697916666667,-122.21631944444444,0.0,5.458652019500732,47,9,54
96,ALG,SimSenO,2008-08-25 00:00:05,0,47.507000000000005,-122.21633333333334,0.0,2.0,0,9,54
97,ALG,SimSenO,2008-08-25 00:30:05,1800,47.507020833333335,-122.21634722222224,0.0,2.493928909301758,1,9,54
98,ALG,SimSenO,2008-08-25 01:00:05,3600,47.507041666666666,-122.21636111111113,0.0,2.8501620292663574,2,9,54
99,ALG,SimSenO,2008-08-25 01:30:05,5400,47.5070625,-122.216375,0.0,3.379096269607544,3,9,54
100,ALG,SimSenO,2008-08-25 02:00:05,7200,47.50708333333333,-122.21638888888889,0.0,2.3676087856292725,4,9,54
101,ALG,SimSenO,2008-08-25 02:30:05,9000,47.50710416666667,-122.21640277777776,0.0,2.449331760406494,5,9,54
102,ALG,SimSenO,2008-08-25 03:00:05,10800,47.507125,-122.21641666666667,0.0,2.541597843170166,6,9,54
103,ALG,SimSenO,2008-08-25 03:30:05,12600,47.50714583333333,-122.21643055555556,0.0,2.6642699241638184,7,9,54
104,ALG,SimSenO,2008-08-25 04:00:05,14400,47.50716666666667,-122.21644444444443,0.0,2.7557153701782227,8,9,54
105,ALG,SimSenO,2008-08-25 04:30:05,16200,47.5071875,-122.21645833333334,0.0,2.8780171871185303,9,9,54
106,ALG,SimSenO,2008-08-25 05:00:05,18000,47.50720833333334,-122.21647222222222,0.0,2.9693939685821533,10,9,54
107,ALG,SimSenO,2008-08-25 05:30:05,19800,47.50722916666667,-122.21648611111112,0.0,3.097273111343384,11,9,54
108,ALG,SimSenO,2008-08-25 06:00:05,21600,47.50725,-122.2165,0.0,3.2120361328125,12,9,54
109,ALG,SimSenO,2008-08-25 06:30:05,23400,47.50727083333334,-122.2165138888889,0.0,3.357778549194336,13,9,54
110,ALG,SimSenO,2008-08-25 07:00:05,25200,47.50729166666667,-122.21652777777778,0.0,3.5091898441314697,14,9,54
111,ALG,SimSenO,2008-08-25 07:30:05,27000,47.507312500000005,-122.21654166666669,0.0,3.808736562728882,15,9,54
112,ALG,SimSenO,2008-08-25 08:00:05,28800,47.507333333333335,-122.21655555555556,0.0,4.066230773925781,16,9,54
113,ALG,SimSenO,2008-08-25 08:30:05,30600,47.50735416666667,-122.21656944444445,0.0,4.150529861450195,17,9,54
114,ALG,SimSenO,2008-08-25 09:00:05,32400,47.507375,-122.21658333333332,0.0,4.2480878829956055,18,9,54
115,ALG,SimSenO,2008-08-25 09:30:05,34200,47.50739583333333,-122.21659722222222,0.0,4.379687786102295,19,9,54
116,ALG,SimSenO,2008-08-25 10:00:05,36000,47.50741666666667,-122.2166111111111,0.0,4.544683456420898,20,9,54
117,ALG,SimSenO,2008-08-25 10:30:05,37800,47.5074375,-122.216625,0.0,4.79439640045166,21,9,54
118,ALG,SimSenO,2008-08-25 11:00:05,39600,47.50745833333334,-122.2166388888889,0.0,5.113325119018555,22,9,54
119,ALG,SimSenO,2008-08-25 11:30:05,41400,47.50747916666667,-122.21665277777778,0.0,5.482169151306152,23,9,54
120,ALG,SimSenO,2008-08-25 12:00:05,43200,47.5075,-122.21666666666668,0.0,5.793789863586426,24,9,54
121,ALG,SimSenO,2008-08-25 12:30:05,45000,47.50752083333334,-122.21668055555556,0.0,6.026950836181641,25,9,54
122,ALG,SimSenO,2008-08-25 13:00:05,46800,47.50754166666667,-122.21669444444444,0.0,6.218070030212402,26,9,54
123,ALG,SimSenO,2008-08-25 13:30:05,48600,47.507562500000006,-122.21670833333332,0.0,6.405077934265137,27,9,54
124,ALG,SimSenO,2008-08-25 14:00:05,50400,47.507583333333336,-122.21672222222224,0.0,6.58583402633667,28,9,54
125,ALG,SimSenO,2008-08-25 14:30:05,52200,47.50760416666667,-122.21673611111112,0.0,6.769627094268799,29,9,54
126,ALG,SimSenO,2008-08-25 15:00:05,54000,47.507625,-122.21675,0.0,6.92961311340332,30,9,54
127,ALG,SimSenO,2008-08-25 15:30:05,55800,47.507645833333335,-122.21676388888888,0.0,7.042198181152344,31,9,54
128,ALG,SimSenO,2008-08-25 16:00:05,57600,47.50766666666667,-122.21677777777778,0.0,7.059466361999512,32,9,54
129,ALG,SimSenO,2008-08-25 16:30:05,59400,47.5076875,-122.21679166666668,0.0,6.970598220825195,33,9,54
130,ALG,SimSenO,2008-08-25 17:00:05,61200,47.50770833333333,-122.21680555555557,0.0,6.806812286376953,34,9,54
131,ALG,SimSenO,2008-08-25 17:30:05,63000,47.50772916666667,-122.21681944444444,0.0,6.627246856689453,35,9,54
132,ALG,SimSenO,2008-08-25 18:00:05,64800,47.50775,-122.21683333333334,0.0,6.457042694091797,36,9,54
133,ALG,SimSenO,2008-08-25 18:30:05,66600,47.50777083333334,-122.21684722222224,0.0,6.301141262054443,37,9,54
134,ALG,SimSenO,2008-08-25 19:00:05,68400,47.50779166666667,-122.21686111111111,0.0,6.066697120666504,38,9,54
135,ALG,SimSenO,2008-08-25 19:30:05,70200,47.5078125,-122.216875,0.0,5.755427837371826,39,9,54
136,ALG,SimSenO,2008-08-25 20:00:05,72000,47.50783333333334,-122.21688888888887,0.0,5.503434658050537,40,9,54
137,ALG,SimSenO,2008-08-25 20:30:05,73800,47.50785416666667,-122.21690277777778,0.0,5.358119010925293,41,9,54
138,ALG,SimSenO,2008-08-25 21:00:05,75600,47.507875000000006,-122.21691666666666,0.0,5.30316162109375,42,9,54
139,ALG,SimSenO,2008-08-25 21:30:05,77400,47.507895833333336,-122.21693055555556,0.0,5.407861709594727,43,9,54
140,ALG,SimSenO,2008-08-25 22:00:05,79200,47.50791666666667,-122.21694444444444,0.0,5.522025108337402,44,9,54
141,ALG,SimSenO,2008-08-25 22:30:05,81000,47.5079375,-122.21695833333334,0.0,5.638978004455566,45,9,54
142,ALG,SimSenO,2008-08-25 23:00:05,82800,47.507958333333335,-122.21697222222222,0.0,5.685337066650391,46,9,54
143,ALG,SimSenO,2008-08-25 23:30:05,84600,47.50797916666667,-122.21698611111113,0.0,5.458652019500732,47,9,54
144,ALG,SimSenO,2008-08-26 00:00:05,0,47.508,-122.217,0.0,2.0,0,9,54
145,ALG,SimSenO,2008-08-26 00:30:05,1800,47.50802083333333,-122.21701388888889,0.0,2.493928909301758,1,9,54
146,ALG,SimSenO,2008-08-26 01:00:05,3600,47.50804166666667,-122.21702777777776,0.0,2.8501620292663574,2,9,54
147,ALG,SimSenO,2008-08-26 01:30:05,5400,47.5080625,-122.21704166666667,0.0,3.379096269607544,3,9,54
148,ALG,SimSenO,2008-08-26 02:00:05,7200,47.50808333333334,-122.21705555555556,0.0,2.3676087856292725,4,9,54
149,ALG,SimSenO,2008-08-26 02:30:05,9000,47.50810416666667,-122.21706944444443,0.0,2.449331760406494,5,9,54
150,ALG,SimSenO,2008-08-26 03:00:05,10800,47.508125,-122.21708333333332,0.0,2.541597843170166,6,9,54
151,ALG,SimSenO,2008-08-26 03:30:05,12600,47.50814583333334,-122.21709722222222,0.0,2.6642699241638184,7,9,54
152,ALG,SimSenO,2008-08-26 04:00:05,14400,47.50816666666667,-122.21711111111112,0.0,2.7557153701782227,8,9,54
153,ALG,SimSenO,2008-08-26 04:30:05,16200,47.508187500000005,-122.217125,0.0,2.8780171871185303,9,9,54
154,ALG,SimSenO,2008-08-26 05:00:05,18000,47.508208333333336,-122.2171388888889,0.0,2.9693939685821533,10,9,54
155,ALG,SimSenO,2008-08-26 05:30:05,19800,47.508229166666666,-122.21715277777778,0.0,3.097273111343384,11,9,54
156,ALG,SimSenO,2008-08-26 06:00:05,21600,47.50825,-122.21716666666669,0.0,3.2120361328125,12,9,54
157,ALG,SimSenO,2008-08-26 06:30:05,23400,47.50827083333333,-122.21718055555556,0.0,3.357778549194336,13,9,54
158,ALG,SimSenO,2008-08-26 07:00:05,25200,47.50829166666667,-122.21719444444444,0.0,3.5091898441314697,14,9,54
159,ALG,SimSenO,2008-08-26 07:30:05,27000,47.5083125,-122.21720833333332,0.0,3.808736562728882,15,9,54
160,ALG,SimSenO,2008-08-26 08:00:05,28800,47.50833333333333,-122.21722222222222,0.0,4.066230773925781,16,9,54
161,ALG,SimSenO,2008-08-26 08:30:05,30600,47.50835416666667,-122.2172361111111,0.0,4.150529861450195,17,9,54
162,ALG,SimSenO,2008-08-26 09:00:05,32400,47.508375,-122.21725,0.0,4.2480878829956055,18,9,54
163,ALG,SimSenO,2008-08-26 09:30:05,34200,47.50839583333334,-122.2172638888889,0.0,4.379687786102295,19,9,54
164,ALG,SimSenO,2008-08-26 10:00:05,36000,47.50841666666667,-122.21727777777778,0.0,4.544683456420898,20,9,54
165,ALG,SimSenO,2008-08-26 10:30:05,37800,47.5084375,-122.21729166666668,0.0,4.79439640045166,21,9,54
166,ALG,SimSenO,2008-08-26 11:00:05,39600,47.50845833333334,-122.21730555555555,0.0,5.113325119018555,22,9,54
167,ALG,SimSenO,2008-08-26 11:30:05,41400,47.50847916666667,-122.21731944444444,0.0,5.482169151306152,23,9,54
168,ALG,SimSenO,2008-08-26 12:00:05,43200,47.508500000000005,-122.21733333333331,0.0,5.793789863586426,24,9,54
169,ALG,SimSenO,2008-08-26 12:30:05,45000,47.508520833333336,-122.21734722222224,0.0,6.026950836181641,25,9,54
170,ALG,SimSenO,2008-08-26 13:00:05,46800,47.508541666666666,-122.21736111111112,0.0,6.218070030212402,26,9,54
171,ALG,SimSenO,2008-08-26 13:30:05,48600,47.5085625,-122.217375,0.0,6.405077934265137,27,9,54
172,ALG,SimSenO,2008-08-26 14:00:05,50400,47.50858333333333,-122.21738888888888,0.0,6.58583402633667,28,9,54
173,ALG,SimSenO,2008-08-26 14:30:05,52200,47.50860416666667,-122.21740277777778,0.0,6.769627094268799,29,9,54
174,ALG,SimSenO,2008-08-26 15:00:05,54000,47.508625,-122.21741666666668,0.0,6.92961311340332,30,9,54
175,ALG,SimSenO,2008-08-26 15:30:05,55800,47.50864583333333,-122.21743055555557,0.0,7.042198181152344,31,9,54
176,ALG,SimSenO,2008-08-26 16:00:05,57600,47.50866666666667,-122.21744444444444,0.0,7.059466361999512,32,9,54
177,ALG,SimSenO,2008-08-26 16:30:05,59400,47.5086875,-122.21745833333334,0.0,6.970598220825195,33,9,54
178,ALG,SimSenO,2008-08-26 17:00:05,61200,47.50870833333334,-122.21747222222224,0.0,6.806812286376953,34,9,54
179,ALG,SimSenO,2008-08-26 17:30:05,63000,47.50872916666667,-122.21748611111111,0.0,6.627246856689453,35,9,54
180,ALG,SimSenO,2008-08-26 18:00:05,64800,47.508750000000006,-122.2175,0.0,6.457042694091797,36,9,54
181,ALG,SimSenO,2008-08-26 18:30:05,66600,47.50877083333334,-122.21751388888887,0.0,6.301141262054443,37,9,54
182,ALG,SimSenO,2008-08-26 19:00:05,68400,47.50879166666667,-122.21752777777778,0.0,6.066697120666504,38,9,54
183,ALG,SimSenO,2008-08-26 19:30:05,70200,47.508812500000005,-122.21754166666666,0.0,5.755427837371826,39,9,54
184,ALG,SimSenO,2008-08-26 20:00:05,72000,47.508833333333335,-122.21755555555556,0.0,5.503434658050537,40,9,54
185,ALG,SimSenO,2008-08-26 20:30:05,73800,47.50885416666667,-122.21756944444444,0.0,5.358119010925293,41,9,54
186,ALG,SimSenO,2008-08-26 21:00:05,75600,47.508875,-122.21758333333334,0.0,5.30316162109375,42,9,54
187,ALG,SimSenO,2008-08-26 21:30:05,77400,47.50889583333333,-122.21759722222222,0.0,5.407861709594727,43,9,54
188,ALG,SimSenO,2008-08-26 22:00:05,79200,47.50891666666667,-122.21761111111113,0.0,5.522025108337402,44,9,54
189,ALG,SimSenO,2008-08-26 22:30:05,81000,47.5089375,-122.217625,0.0,5.638978004455566,45,9,54
190,ALG,SimSenO,2008-08-26 23:00:05,82800,47.50895833333334,-122.21763888888889,0.0,5.685337066650391,46,9,54
191,ALG,SimSenO,2008-08-26 23:30:05,84600,47.50897916666667,-122.21765277777776,0.0,5.458652019500732,47,9,54
192,ALG,SimSenO,2008-08-27 00:00:05,0,47.509,-122.21766666666667,0.0,2.0,0,19,54
193,ALG,SimSenO,2008-08-27 00:30:05,1800,47.50902083333334,-122.21768055555556,0.0,2.4471523761749268,1,19,54
194,ALG,SimSenO,2008-08-27 01:00:05,3600,47.50904166666667,-122.21769444444443,0.0,2.939335584640503,2,19,54
195,ALG,SimSenO,2008-08-27 01:30:05,5400,47.509062500000006,-122.21770833333332,0.0,3.2066521644592285,3,19,54
196,ALG,SimSenO,2008-08-27 02:00:05,7200,47.509083333333336,-122.21772222222222,0.0,3.4679951667785645,4,19,54
197,ALG,SimSenO,2008-08-27 02:30:05,9000,47.50910416666667,-122.21773611111112,0.0,3.112246036529541,5,19,54
198,ALG,SimSenO,2008-08-27 03:00:05,10800,47.509125,-122.21775,0.0,2.463596820831299,6,19,54
199,ALG,SimSenO,2008-08-27 03:30:05,12600,47.509145833333335,-122.2177638888889,0.0,2.539304494857788,7,19,54
200,ALG,SimSenO,2008-08-27 04:00:05,14400,47.50916666666667,-122.21777777777778,0.0,2.60324764251709,8,19,54
201,ALG,SimSenO,2008-08-27 04:30:05,16200,47.5091875,-122.21779166666668,0.0,2.6947519779205322,9,19,54
202,ALG,SimSenO,2008-08-27 05:00:05,18000,47.50920833333333,-122.21780555555556,0.0,2.7556777000427246,10,19,54
203,ALG,SimSenO,2008-08-27 05:30:05,19800,47.50922916666667,-122.21781944444444,0.0,2.8423373699188232,11,19,54
204,ALG,SimSenO,2008-08-27 06:00:05,21600,47.50925,-122.21783333333332,0.0,2.897784948348999,12,19,54
205,ALG,SimSenO,2008-08-27 06:30:05,23400,47.50927083333334,-122.21784722222222,0.0,2.9789047241210938,13,19,54
206,ALG,SimSenO,2008-08-27 07:00:05,25200,47.50929166666667,-122.2178611111111,0.0,3.030761957168579,14,19,54
207,ALG,SimSenO,2008-08-27 07:30:05,27000,47.5093125,-122.217875,0.0,3.125048875808716,15,19,54
208,ALG,SimSenO,2008-08-27 08:00:05,28800,47.50933333333334,-122.2178888888889,0.0,3.379783868789673,16,19,54
209,ALG,SimSenO,2008-08-27 08:30:05,30600,47.50935416666667,-122.21790277777778,0.0,3.823403835296631,17,19,54
210,ALG,SimSenO,2008-08-27 09:00:05,32400,47.509375000000006,-122.21791666666668,0.0,3.8633155822753906,18,19,54
211,ALG,SimSenO,2008-08-27 09:30:05,34200,47.509395833333336,-122.21793055555555,0.0,3.9103550910949707,19,19,54
212,ALG,SimSenO,2008-08-27 10:00:05,36000,47.50941666666667,-122.21794444444444,0.0,3.95931077003479,20,19,54
213,ALG,SimSenO,2008-08-27 10:30:05,37800,47.5094375,-122.21795833333331,0.0,4.041642189025879,21,19,54
214,ALG,SimSenO,2008-08-27 11:00:05,39600,47.509458333333335,-122.21797222222224,0.0,4.150206089019775,22,19,54
215,ALG,SimSenO,2008-08-27 11:30:05,41400,47.50947916666667,-122.21798611111112,0.0,4.264709949493408,23,19,54
216,ALG,SimSenO,2008-08-27 12:00:05,43200,47.5095,-122.218,0.0,4.3755269050598145,24,19,54
217,ALG,SimSenO,2008-08-27 12:30:05,45000,47.50952083333333,-122.21801388888888,0.0,4.494565010070801,25,19,54
218,ALG,SimSenO,2008-08-27 13:00:05,46800,47.50954166666667,-122.21802777777778,0.0,4.609069347381592,26,19,54
219,ALG,SimSenO,2008-08-27 13:30:05,48600,47.5095625,-122.21804166666666,0.0,4.732051849365234,27,19,54
220,ALG,SimSenO,2008-08-27 14:00:05,50400,47.50958333333334,-122.21805555555557,0.0,4.851443290710449,28,19,54
221,ALG,SimSenO,2008-08-27 14:30:05,52200,47.50960416666667,-122.21806944444444,0.0,4.978898525238037,29,19,54
222,ALG,SimSenO,2008-08-27 15:00:05,54000,47.509625,-122.21808333333334,0.0,5.098365783691406,30,19,54
223,ALG,SimSenO,2008-08-27 15:30:05,55800,47.50964583333334,-122.21809722222224,0.0,5.210247993469238,31,19,54
224,ALG,SimSenO,2008-08-27 16:00:05,57600,47.50966666666667,-122.21811111111111,0.0,5.298240661621094,32,19,54
225,ALG,SimSenO,2008-08-27 16:30:05,59400,47.509687500000005,-122.218125,0.0,5.371129035949707,33,19,54
226,ALG,SimSenO,2008-08-27 17:00:05,61200,47.509708333333336,-122.21813888888887,0.0,5.423574447631836,34,19,54
227,ALG,SimSenO,2008-08-27 17:30:05,63000,47.509729166666666,-122.21815277777776,0.0,5.473911762237549,35,19,54
228,ALG,SimSenO,2008-08-27 18:00:05,64800,47.50975,-122.21816666666666,0.0,5.518645763397217,36,19,54
229,ALG,SimSenO,2008-08-27 18:30:05,66600,47.50977083333333,-122.21818055555556,0.0,5.569966793060303,37,19,54
230,ALG,SimSenO,2008-08-27 19:00:05,68400,47.50979166666667,-122.21819444444444,0.0,5.601817607879639,38,19,54
231,ALG,SimSenO,2008-08-27 19:30:05,70200,47.5098125,-122.21820833333334,0.0,5.619029998779297,39,19,54
232,ALG,SimSenO,2008-08-27 20:00:05,72000,47.50983333333333,-122.21822222222222,0.0,5.646320819854736,40,19,54
233,ALG,SimSenO,2008-08-27 20:30:05,73800,47.50985416666667,-122.21823611111112,0.0,5.714132785797119,41,19,54
234,ALG,SimSenO,2008-08-27 21:00:05,75600,47.509875,-122.21825,0.0,5.803554058074951,42,19,54
235,ALG,SimSenO,2008-08-27 21:30:05,77400,47.50989583333334,-122.21826388888888,0.0,5.916778087615967,43,19,54
236,ALG,SimSenO,2008-08-27 22:00:05,79200,47.50991666666667,-122.21827777777776,0.0,6.035341739654541,44,19,54
237,ALG,SimSenO,2008-08-27 22:30:05,81000,47.5099375,-122.21829166666669,0.0,6.145901203155518,45,19,54
238,ALG,SimSenO,2008-08-27 23:00:05,82800,47.50995833333334,-122.21830555555556,0.0,5.514023303985596,46,19,54
239,ALG,SimSenO,2008-08-27 23:30:05,84600,47.50997916666667,-122.21831944444445,0.0,4.816845893859863,47,19,54
240,ALG,SimSenO,2008-08-28 00:00:05,0,47.510000000000005,-122.21833333333332,0.0,2.0,0,19,54
241,ALG,SimSenO,2008-08-28 00:30:05,1800,47.510020833333336,-122.21834722222222,0.0,2.4471523761749268,1,19,54
242,ALG,SimSenO,2008-08-28 01:00:05,3600,47.510041666666666,-122.21836111111112,0.0,2.939335584640503,2,19,54
243,ALG,SimSenO,2008-08-28 01:30:05,5400,47.5100625,-122.218375,0.0,3.2066521644592285,3,19,54
244,ALG,SimSenO,2008-08-28 02:00:05,7200,47.51008333333333,-122.2183888888889,0.0,3.4679951667785645,4,19,54
245,ALG,SimSenO,2008-08-28 02:30:05,9000,47.51010416666667,-122.21840277777778,0.0,3.112246036529541,5,19,54
246,ALG,SimSenO,2008-08-28 03:00:05,10800,47.510125,-122.21841666666668,0.0,2.463596820831299,6,19,54
247,ALG,SimSenO,2008-08-28 03:30:05,12600,47.51014583333333,-122.21843055555556,0.0,2.539304494857788,7,19,54
248,ALG,SimSenO,2008-08-28 04:00:05,14400,47.51016666666667,-122.21844444444444,0.0,2.60324764251709,8,19,54
249,ALG,SimSenO,2008-08-28 04:30:05,16200,47.5101875,-122.21845833333332,0.0,2.6947519779205322,9,19,54
250,ALG,SimSenO,2008-08-28 05:00:05,18000,47.51020833333334,-122.21847222222222,0.0,2.7556777000427246,10,19,54
251,ALG,SimSenO,2008-08-28 05:30:05,19800,47.51022916666667,-122.2184861111111,0.0,2.8423373699188232,11,19,54
252,ALG,SimSenO,2008-08-28 06:00:05,21600,47.51025,-122.2185,0.0,2.897784948348999,12,19,54
253,ALG,SimSenO,2008-08-28 06:30:05,23400,47.51027083333334,-122.21851388888888,0.0,2.9789047241210938,13,19,54
254,ALG,SimSenO,2008-08-28 07:00:05,25200,47.51029166666667,-122.21852777777778,0.0,3.030761957168579,14,19,54
255,ALG,SimSenO,2008-08-28 07:30:05,27000,47.510312500000005,-122.21854166666668,0.0,3.125048875808716,15,19,54
256,ALG,SimSenO,2008-08-28 08:00:05,28800,47.510333333333335,-122.21855555555555,0.0,3.379783868789673,16,19,54
257,ALG,SimSenO,2008-08-28 08:30:05,30600,47.51035416666667,-122.21856944444444,0.0,3.823403835296631,17,19,54
258,ALG,SimSenO,2008-08-28 09:00:05,32400,47.510375,-122.21858333333331,0.0,3.8633155822753906,18,19,54
259,ALG,SimSenO,2008-08-28 09:30:05,34200,47.51039583333333,-122.21859722222224,0.0,3.9103550910949707,19,19,54
260,ALG,SimSenO,2008-08-28 10:00:05,36000,47.51041666666667,-122.21861111111112,0.0,3.95931077003479,20,19,54
261,ALG,SimSenO,2008-08-28 10:30:05,37800,47.5104375,-122.218625,0.0,4.041642189025879,21,19,54
262,ALG,SimSenO,2008-08-28 11:00:05,39600,47.51045833333334,-122.21863888888888,0.0,4.150206089019775,22,19,54
263,ALG,SimSenO,2008-08-28 11:30:05,41400,47.51047916666667,-122.21865277777778,0.0,4.264709949493408,23,19,54
264,ALG,SimSenO,2008-08-28 12:00:05,43200,47.5105,-122.21866666666666,0.0,4.3755269050598145,24,19,54
265,ALG,SimSenO,2008-08-28 12:30:05,45000,47.51052083333334,-122.21868055555557,0.0,4.494565010070801,25,19,54
266,ALG,SimSenO,2008-08-28 13:00:05,46800,47.51054166666667,-122.21869444444444,0.0,4.609069347381592,26,19,54
267,ALG,SimSenO,2008-08-28 13:30:05,48600,47.510562500000006,-122.21870833333334,0.0,4.732051849365234,27,19,54
268,ALG,SimSenO,2008-08-28 14:00:05,50400,47.51058333333334,-122.21872222222224,0.0,4.851443290710449,28,19,54
269,ALG,SimSenO,2008-08-28 14:30:05,52200,47.51060416666667,-122.21873611111111,0.0,4.978898525238037,29,19,54
270,ALG,SimSenO,2008-08-28 15:00:05,54000,47.510625000000005,-122.21875,0.0,5.098365783691406,30,19,54
271,ALG,SimSenO,2008-08-28 15:30:05,55800,47.510645833333335,-122.21876388888889,0.0,5.210247993469238,31,19,54
272,ALG,SimSenO,2008-08-28 16:00:05,57600,47.51066666666667,-122.21877777777776,0.0,5.298240661621094,32,19,54
273,ALG,SimSenO,2008-08-28 16:30:05,59400,47.5106875,-122.21879166666666,0.0,5.371129035949707,33,19,54
274,ALG,SimSenO,2008-08-28 17:00:05,61200,47.51070833333333,-122.21880555555556,0.0,5.423574447631836,34,19,54
275,ALG,SimSenO,2008-08-28 17:30:05,63000,47.51072916666667,-122.21881944444443,0.0,5.473911762237549,35,19,54
276,ALG,SimSenO,2008-08-28 18:00:05,64800,47.51075,-122.21883333333334,0.0,5.518645763397217,36,19,54
277,ALG,SimSenO,2008-08-28 18:30:05,66600,47.51077083333334,-122.21884722222222,0.0,5.569966793060303,37,19,54
278,ALG,SimSenO,2008-08-28 19:00:05,68400,47.51079166666667,-122.21886111111112,0.0,5.601817607879639,38,19,54
279,ALG,SimSenO,2008-08-28 19:30:05,70200,47.5108125,-122.218875,0.0,5.619029998779297,39,19,54
280,ALG,SimSenO,2008-08-28 20:00:05,72000,47.51083333333334,-122.21888888888888,0.0,5.646320819854736,40,19,54
281,ALG,SimSenO,2008-08-28 20:30:05,73800,47.51085416666667,-122.21890277777776,0.0,5.714132785797119,41,19,54
282,ALG,SimSenO,2008-08-28 21:00:05,75600,47.510875000000006,-122.21891666666669,0.0,5.803554058074951,42,19,54
283,ALG,SimSenO,2008-08-28 21:30:05,77400,47.510895833333336,-122.21893055555556,0.0,5.916778087615967,43,19,54
284,ALG,SimSenO,2008-08-28 22:00:05,79200,47.51091666666667,-122.21894444444445,0.0,6.035341739654541,44,19,54
285,ALG,SimSenO,2008-08-28 22:30:05,81000,47.5109375,-122.21895833333332,0.0,6.145901203155518,45,19,54
286,ALG,SimSenO,2008-08-28 23:00:05,82800,47.510958333333335,-122.21897222222222,0.0,5.514023303985596,46,19,54
287,ALG,SimSenO,2008-08-28 23:30:05,84600,47.51097916666667,-122.21898611111112,0.0,4.816845893859863,47,19,54
288,ALG,SimSenO,2008-08-29 00:00:05,0,47.511,-122.219,0.0,2.0,0,19,54
289,ALG,SimSenO,2008-08-29 00:30:05,1800,47.51102083333333,-122.2190138888889,0.0,2.4471523761749268,1,19,54
290,ALG,SimSenO,2008-08-29 01:00:05,3600,47.51104166666667,-122.21902777777778,0.0,2.939335584640503,2,19,54
291,ALG,SimSenO,2008-08-29 01:30:05,5400,47.5110625,-122.21904166666668,0.0,3.2066521644592285,3,19,54
292,ALG,SimSenO,2008-08-29 02:00:05,7200,47.51108333333334,-122.21905555555556,0.0,3.4679951667785645,4,19,54
293,ALG,SimSenO,2008-08-29 02:30:05,9000,47.51110416666667,-122.21906944444444,0.0,3.112246036529541,5,19,54
294,ALG,SimSenO,2008-08-29 03:00:05,10800,47.511125,-122.21908333333332,0.0,2.463596820831299,6,19,54
295,ALG,SimSenO,2008-08-29 03:30:05,12600,47.51114583333334,-122.21909722222222,0.0,2.539304494857788,7,19,54
296,ALG,SimSenO,2008-08-29 04:00:05,14400,47.51116666666667,-122.2191111111111,0.0,2.60324764251709,8,19,54
297,ALG,SimSenO,2008-08-29 04:30:05,16200,47.511187500000005,-122.219125,0.0,2.6947519779205322,9,19,54
298,ALG,SimSenO,2008-08-29 05:00:05,18000,47.511208333333336,-122.21913888888888,0.0,2.7556777000427246,10,19,54
299,ALG,SimSenO,2008-08-29 05:30:05,19800,47.511229166666666,-122.21915277777778,0.0,2.8423373699188232,11,19,54
300,ALG,SimSenO,2008-08-29 06:00:05,21600,47.51125,-122.21916666666668,0.0,2.897784948348999,12,19,54
301,ALG,SimSenO,2008-08-29 06:30:05,23400,47.51127083333333,-122.21918055555555,0.0,2.9789047241210938,13,19,54
302,ALG,SimSenO,2008-08-29 07:00:05,25200,47.51129166666667,-122.21919444444444,0.0,3.030761957168579,14,19,54
303,ALG,SimSenO,2008-08-29 07:30:05,27000,47.5113125,-122.21920833333331,0.0,3.125048875808716,15,19,54
304,ALG,SimSenO,2008-08-29 08:00:05,28800,47.51133333333333,-122.21922222222224,0.0,3.379783868789673,16,19,54
305,ALG,SimSenO,2008-08-29 08:30:05,30600,47.51135416666667,-122.21923611111112,0.0,3.823403835296631,17,19,54
306,ALG,SimSenO,2008-08-29 09:00:05,32400,47.511375,-122.21925,0.0,3.8633155822753906,18,19,54
307,ALG,SimSenO,2008-08-29 09:30:05,34200,47.51139583333334,-122.21926388888888,0.0,3.9103550910949707,19,19,54
308,ALG,SimSenO,2008-08-29 10:00:05,36000,47.51141666666667,-122.21927777777778,0.0,3.95931077003479,20,19,54
309,ALG,SimSenO,2008-08-29 10:30:05,37800,47.5114375,-122.21929166666666,0.0,4.041642189025879,21,19,54
310,ALG,SimSenO,2008-08-29 11:00:05,39600,47.51145833333334,-122.21930555555556,0.0,4.150206089019775,22,19,54
311,ALG,SimSenO,2008-08-29 11:30:05,41400,47.51147916666667,-122.21931944444444,0.0,4.264709949493408,23,19,54
312,ALG,SimSenO,2008-08-29 12:00:05,43200,47.511500000000005,-122.21933333333334,0.0,4.3755269050598145,24,19,54
313,ALG,SimSenO,2008-08-29 12:30:05,45000,47.511520833333336,-122.21934722222224,0.0,4.494565010070801,25,19,54
314,ALG,SimSenO,2008-08-29 13:00:05,46800,47.511541666666666,-122.21936111111113,0.0,4.609069347381592,26,19,54
315,ALG,SimSenO,2008-08-29 13:30:05,48600,47.5115625,-122.219375,0.0,4.732051849365234,27,19,54
316,ALG,SimSenO,2008-08-29 14:00:05,50400,47.51158333333333,-122.21938888888889,0.0,4.851443290710449,28,19,54
317,ALG,SimSenO,2008-08-29 14:30:05,52200,47.51160416666667,-122.21940277777776,0.0,4.978898525238037,29,19,54
318,ALG,SimSenO,2008-08-29 15:00:05,54000,47.511625,-122.21941666666666,0.0,5.098365783691406,30,19,54
319,ALG,SimSenO,2008-08-29 15:30:05,55800,47.51164583333333,-122.21943055555556,0.0,5.210247993469238,31,19,54
320,ALG,SimSenO,2008-08-29 16:00:05,57600,47.51166666666667,-122.21944444444443,0.0,5.298240661621094,32,19,54
321,ALG,SimSenO,2008-08-29 16:30:05,59400,47.5116875,-122.21945833333334,0.0,5.371129035949707,33,19,54
322,ALG,SimSenO,2008-08-29 17:00:05,61200,47.51170833333334,-122.21947222222222,0.0,5.423574447631836,34,19,54
323,ALG,SimSenO,2008-08-29 17:30:05,63000,47.51172916666667,-122.21948611111112,0.0,5.473911762237549,35,19,54
324,ALG,SimSenO,2008-08-29 18:00:05,64800,47.511750000000006,-122.2195,0.0,5.518645763397217,36,19,54
325,ALG,SimSenO,2008-08-29 18:30:05,66600,47.51177083333334,-122.21951388888888,0.0,5.569966793060303,37,19,54
326,ALG,SimSenO,2008-08-29 19:00:05,68400,47.51179166666667,-122.21952777777776,0.0,5.601817607879639,38,19,54
327,ALG,SimSenO,2008-08-29 19:30:05,70200,47.511812500000005,-122.21954166666669,0.0,5.619029998779297,39,19,54
328,ALG,SimSenO,2008-08-29 20:00:05,72000,47.511833333333335,-122.21955555555556,0.0,5.646320819854736,40,19,54
329,ALG,SimSenO,2008-08-29 20:30:05,73800,47.51185416666667,-122.21956944444445,0.0,5.714132785797119,41,19,54
330,ALG,SimSenO,2008-08-29 21:00:05,75600,47.511875,-122.21958333333332,0.0,5.803554058074951,42,19,54
331,ALG,SimSenO,2008-08-29 21:30:05,77400,47.51189583333333,-122.21959722222222,0.0,5.916778087615967,43,19,54
332,ALG,SimSenO,2008-08-29 22:00:05,79200,47.51191666666667,-122.2196111111111,0.0,6.035341739654541,44,19,54
333,ALG,SimSenO,2008-08-29 22:30:05,81000,47.5119375,-122.219625,0.0,6.145901203155518,45,19,54
334,ALG,SimSenO,2008-08-29 23:00:05,82800,47.51195833333334,-122.2196388888889,0.0,5.514023303985596,46,19,54
335,ALG,SimSenO,2008-08-29 23:30:05,84600,47.51197916666667,-122.21965277777778,0.0,4.816845893859863,47,19,54
336,ALG,SimSenO,2008-08-30 00:00:05,0,47.512,-122.21966666666668,0.0,2.0,0,19,54
337,ALG,SimSenO,2008-08-30 00:30:05,1800,47.51202083333334,-122.21968055555556,0.0,2.4471523761749268,1,19,54
338,ALG,SimSenO,2008-08-30 01:00:05,3600,47.51204166666667,-122.21969444444444,0.0,2.939335584640503,2,19,54
339,ALG,SimSenO,2008-08-30 01:30:05,5400,47.512062500000006,-122.21970833333332,0.0,3.2066521644592285,3,19,54
340,ALG,SimSenO,2008-08-30 02:00:05,7200,47.51208333333334,-122.21972222222222,0.0,3.4679951667785645,4,19,54
341,ALG,SimSenO,2008-08-30 02:30:05,9000,47.51210416666667,-122.2197361111111,0.0,3.112246036529541,5,19,54
342,ALG,SimSenO,2008-08-30 03:00:05,10800,47.512125000000005,-122.21975,0.0,2.463596820831299,6,19,54
343,ALG,SimSenO,2008-08-30 03:30:05,12600,47.512145833333335,-122.21976388888888,0.0,2.539304494857788,7,19,54
344,ALG,SimSenO,2008-08-30 04:00:05,14400,47.51216666666667,-122.21977777777778,0.0,2.60324764251709,8,19,54
345,ALG,SimSenO,2008-08-30 04:30:05,16200,47.5121875,-122.21979166666668,0.0,2.6947519779205322,9,19,54
346,ALG,SimSenO,2008-08-30 05:00:05,18000,47.51220833333333,-122.21980555555557,0.0,2.7556777000427246,10,19,54
347,ALG,SimSenO,2008-08-30 05:30:05,19800,47.51222916666667,-122.21981944444444,0.0,2.8423373699188232,11,19,54
348,ALG,SimSenO,2008-08-30 06:00:05,21600,47.51225,-122.21983333333333,0.0,2.897784948348999,12,19,54
349,ALG,SimSenO,2008-08-30 06:30:05,23400,47.51227083333334,-122.21984722222224,0.0,2.9789047241210938,13,19,54
350,ALG,SimSenO,2008-08-30 07:00:05,25200,47.51229166666667,-122.21986111111111,0.0,3.030761957168579,14,19,54
351,ALG,SimSenO,2008-08-30 07:30:05,27000,47.5123125,-122.219875,0.0,3.125048875808716,15,19,54
352,ALG,SimSenO,2008-08-30 08:00:05,28800,47.51233333333334,-122.21988888888887,0.0,3.379783868789673,16,19,54
353,ALG,SimSenO,2008-08-30 08:30:05,30600,47.51235416666667,-122.21990277777778,0.0,3.823403835296631,17,19,54
354,ALG,SimSenO,2008-08-30 09:00:05,32400,47.512375000000006,-122.21991666666666,0.0,3.8633155822753906,18,19,54
355,ALG,SimSenO,2008-08-30 09:30:05,34200,47.512395833333336,-122.21993055555556,0.0,3.9103550910949707,19,19,54
356,ALG,SimSenO,2008-08-30 10:00:05,36000,47.51241666666667,-122.21994444444444,0.0,3.95931077003479,20,19,54
357,ALG,SimSenO,2008-08-30 10:30:05,37800,47.5124375,-122.21995833333334,0.0,4.041642189025879,21,19,54
358,ALG,SimSenO,2008-08-30 11:00:05,39600,47.512458333333335,-122.21997222222222,0.0,4.150206089019775,22,19,54
359,ALG,SimSenO,2008-08-30 11:30:05,41400,47.51247916666667,-122.21998611111113,0.0,4.264709949493408,23,19,54
360,ALG,SimSenO,2008-08-30 12:00:05,43200,47.5125,-122.22,0.0,4.3755269050598145,24,19,54
361,ALG,SimSenO,2008-08-30 12:30:05,45000,47.51252083333333,-122.22001388888889,0.0,4.494565010070801,25,19,54
362,ALG,SimSenO,2008-08-30 13:00:05,46800,47.51254166666667,-122.22002777777776,0.0,4.609069347381592,26,19,54
363,ALG,SimSenO,2008-08-30 13:30:05,48600,47.5125625,-122.22004166666666,0.0,4.732051849365234,27,19,54
364,ALG,SimSenO,2008-08-30 14:00:05,50400,47.51258333333334,-122.22005555555556,0.0,4.851443290710449,28,19,54
365,ALG,SimSenO,2008-08-30 14:30:05,52200,47.51260416666667,-122.22006944444443,0.0,4.978898525238037,29,19,54
366,ALG,SimSenO,2008-08-30 15:00:05,54000,47.512625,-122.22008333333332,0.0,5.098365783691406,30,19,54
367,ALG,SimSenO,2008-08-30 15:30:05,55800,47.51264583333334,-122.22009722222222,0.0,5.210247993469238,31,19,54
368,ALG,SimSenO,2008-08-30 16:00:05,57600,47.51266666666667,-122.22011111111112,0.0,5.298240661621094,32,19,54
369,ALG,SimSenO,2008-08-30 16:30:05,59400,47.512687500000006,-122.220125,0.0,5.371129035949707,33,19,54
370,ALG,SimSenO,2008-08-30 17:00:05,61200,47.512708333333336,-122.22013888888888,0.0,5.423574447631836,34,19,54
371,ALG,SimSenO,2008-08-30 17:30:05,63000,47.51272916666667,-122.22015277777776,0.0,5.473911762237549,35,19,54
372,ALG,SimSenO,2008-08-30 18:00:05,64800,47.51275,-122.22016666666669,0.0,5.518645763397217,36,19,54
373,ALG,SimSenO,2008-08-30 18:30:05,66600,47.512770833333335,-122.22018055555556,0.0,5.569966793060303,37,19,54
374,ALG,SimSenO,2008-08-30 19:00:05,68400,47.51279166666667,-122.22019444444445,0.0,5.601817607879639,38,19,54
375,ALG,SimSenO,2008-08-30 19:30:05,70200,47.5128125,-122.22020833333332,0.0,5.619029998779297,39,19,54
376,ALG,SimSenO,2008-08-30 20:00:05,72000,47.51283333333333,-122.22022222222222,0.0,5.646320819854736,40,19,54
377,ALG,SimSenO,2008-08-30 20:30:05,73800,47.51285416666667,-122.2202361111111,0.0,5.714132785797119,41,19,54
378,ALG,SimSenO,2008-08-30 21:00:05,75600,47.512875,-122.22025,0.0,5.803554058074951,42,19,54
379,ALG,SimSenO,2008-08-30 21:30:05,77400,47.51289583333334,-122.2202638888889,0.0,5.916778087615967,43,19,54
380,ALG,SimSenO,2008-08-30 22:00:05,79200,47.51291666666667,-122.22027777777778,0.0,6.035341739654541,44,19,54
381,ALG,SimSenO,2008-08-30 22:30:05,81000,47.5129375,-122.22029166666668,0.0,6.145901203155518,45,19,54
382,ALG,SimSenO,2008-08-30 23:00:05,82800,47.51295833333334,-122.22030555555556,0.0,5.514023303985596,46,19,54
383,ALG,SimSenO,2008-08-30 23:30:05,84600,47.51297916666667,-122.22031944444444,0.0,4.816845893859863,47,19,54
384,ALG,SimSenO,2008-08-31 00:00:05,0,47.513000000000005,-122.22033333333331,0.0,2.0,0,19,54
385,ALG,SimSenO,2008-08-31 00:30:05,1800,47.513020833333336,-122.22034722222222,0.0,2.4471523761749268,1,19,54
386,ALG,SimSenO,2008-08-31 01:00:05,3600,47.513041666666666,-122.2203611111111,0.0,2.939335584640503,2,19,54
387,ALG,SimSenO,2008-08-31 01:30:05,5400,47.5130625,-122.220375,0.0,3.2066521644592285,3,19,54
388,ALG,SimSenO,2008-08-31 02:00:05,7200,47.51308333333333,-122.22038888888888,0.0,3.4679951667785645,4,19,54
389,ALG,SimSenO,2008-08-31 02:30:05,9000,47.51310416666667,-122.22040277777778,0.0,3.112246036529541,5,19,54
390,ALG,SimSenO,2008-08-31 03:00:05,10800,47.513125,-122.22041666666668,0.0,2.463596820831299,6,19,54
391,ALG,SimSenO,2008-08-31 03:30:05,12600,47.51314583333333,-122.22043055555557,0.0,2.539304494857788,7,19,54
392,ALG,SimSenO,2008-08-31 04:00:05,14400,47.51316666666667,-122.22044444444444,0.0,2.60324764251709,8,19,54
393,ALG,SimSenO,2008-08-31 04:30:05,16200,47.5131875,-122.22045833333333,0.0,2.6947519779205322,9,19,54
394,ALG,SimSenO,2008-08-31 05:00:05,18000,47.51320833333334,-122.22047222222224,0.0,2.7556777000427246,10,19,54
395,ALG,SimSenO,2008-08-31 05:30:05,19800,47.51322916666667,-122.22048611111111,0.0,2.8423373699188232,11,19,54
396,ALG,SimSenO,2008-08-31 06:00:05,21600,47.51325,-122.2205,0.0,2.897784948348999,12,19,54
397,ALG,SimSenO,2008-08-31 06:30:05,23400,47.51327083333334,-122.22051388888887,0.0,2.9789047241210938,13,19,54
398,ALG,SimSenO,2008-08-31 07:00:05,25200,47.51329166666667,-122.22052777777778,0.0,3.030761957168579,14,19,54
399,ALG,SimSenO,2008-08-31 07:30:05,27000,47.513312500000005,-122.22054166666666,0.0,3.125048875808716,15,19,54
400,ALG,SimSenO,2008-08-31 08:00:05,28800,47.513333333333335,-122.22055555555556,0.0,3.379783868789673,16,19,54
401,ALG,SimSenO,2008-08-31 08:30:05,30600,47.51335416666667,-122.22056944444444,0.0,3.823403835296631,17,19,54
402,ALG,SimSenO,2008-08-31 09:00:05,32400,47.513375,-122.22058333333334,0.0,3.8633155822753906,18,19,54
403,ALG,SimSenO,2008-08-31 09:30:05,34200,47.51339583333333,-122.22059722222222,0.0,3.8885302543640137,19,29,54
404,ALG,SimSenO,2008-08-31 10:00:05,36000,47.51341666666667,-122.22061111111113,0.0,3.939819812774658,20,29,54
405,ALG,SimSenO,2008-08-31 10:30:05,37800,47.5134375,-122.220625,0.0,4.034627437591553,21,29,54
406,ALG,SimSenO,2008-08-31 11:00:05,39600,47.51345833333334,-122.22063888888889,0.0,4.151936054229736,22,29,54
407,ALG,SimSenO,2008-08-31 11:30:05,41400,47.51347916666667,-122.22065277777776,0.0,4.280635356903076,23,29,54
408,ALG,SimSenO,2008-08-31 12:00:05,43200,47.5135,-122.22066666666666,0.0,4.407227039337158,24,29,54
409,ALG,SimSenO,2008-08-31 12:30:05,45000,47.51352083333334,-122.22068055555556,0.0,4.543685436248779,25,29,54
410,ALG,SimSenO,2008-08-31 13:00:05,46800,47.51354166666667,-122.22069444444443,0.0,4.6757612228393555,26,29,54
411,ALG,SimSenO,2008-08-31 13:30:05,48600,47.513562500000006,-122.22070833333332,0.0,4.810886383056641,27,29,54
412,ALG,SimSenO,2008-08-31 14:00:05,50400,47.51358333333334,-122.22072222222222,0.0,4.936220645904541,28,29,54
413,ALG,SimSenO,2008-08-31 14:30:05,52200,47.51360416666667,-122.22073611111112,0.0,5.063684463500977,29,29,54
414,ALG,SimSenO,2008-08-31 15:00:05,54000,47.513625000000005,-122.22075,0.0,5.181155204772949,30,29,54
415,ALG,SimSenO,2008-08-31 15:30:05,55800,47.513645833333335,-122.22076388888888,0.0,5.297397613525391,31,29,54
416,ALG,SimSenO,2008-08-31 16:00:05,57600,47.51366666666667,-122.22077777777776,0.0,5.398035526275635,32,29,54
417,ALG,SimSenO,2008-08-31 16:30:05,59400,47.5136875,-122.22079166666668,0.0,5.499058246612549,33,29,54
418,ALG,SimSenO,2008-08-31 17:00:05,61200,47.51370833333333,-122.22080555555556,0.0,5.589381694793701,34,29,54
419,ALG,SimSenO,2008-08-31 17:30:05,63000,47.51372916666667,-122.22081944444444,0.0,5.679218769073486,35,29,54
420,ALG,SimSenO,2008-08-31 18:00:05,64800,47.51375,-122.22083333333332,0.0,5.760446071624756,36,29,54
421,ALG,SimSenO,2008-08-31 18:30:05,66600,47.51377083333334,-122.22084722222222,0.0,5.844643592834473,37,29,54
422,ALG,SimSenO,2008-08-31 19:00:05,68400,47.51379166666667,-122.2208611111111,0.0,5.921654224395752,38,29,54
423,ALG,SimSenO,2008-08-31 19:30:05,70200,47.5138125,-122.220875,0.0,5.999384880065918,39,29,54
424,ALG,SimSenO,2008-08-31 20:00:05,72000,47.51383333333334,-122.2208888888889,0.0,6.073919773101807,40,29,54
425,ALG,SimSenO,2008-08-31 20:30:05,73800,47.51385416666667,-122.22090277777778,0.0,6.164958477020264,41,29,54
426,ALG,SimSenO,2008-08-31 21:00:05,75600,47.513875000000006,-122.22091666666668,0.0,6.2606520652771,42,29,54
427,ALG,SimSenO,2008-08-31 21:30:05,77400,47.513895833333336,-122.22093055555555,0.0,6.360406875610352,43,29,54
428,ALG,SimSenO,2008-08-31 22:00:05,79200,47.51391666666667,-122.22094444444444,0.0,6.4268035888671875,44,29,54
429,ALG,SimSenO,2008-08-31 22:30:05,81000,47.5139375,-122.22095833333331,0.0,5.3744282722473145,45,29,54
430,ALG,SimSenO,2008-08-31 23:00:05,82800,47.513958333333335,-122.22097222222222,0.0,4.950556755065918,46,29,54
431,ALG,SimSenO,2008-08-31 23:30:05,84600,47.51397916666667,-122.2209861111111,0.0,4.983396530151367,47,29,54
432,ALG,SimSenO,2008-09-01 00:00:05,0,47.514,-122.221,0.0,2.0,0,29,54
433,ALG,SimSenO,2008-09-01 00:30:05,1800,47.51402083333333,-122.22101388888888,0.0,2.455641984939575,1,29,54
434,ALG,SimSenO,2008-09-01 01:00:05,3600,47.51404166666667,-122.22102777777778,0.0,2.843834638595581,2,29,54
435,ALG,SimSenO,2008-09-01 01:30:05,5400,47.5140625,-122.22104166666666,0.0,3.156402349472046,3,29,54
436,ALG,SimSenO,2008-09-01 02:00:05,7200,47.51408333333334,-122.22105555555557,0.0,3.4919676780700684,4,29,54
437,ALG,SimSenO,2008-09-01 02:30:05,9000,47.51410416666667,-122.22106944444444,0.0,3.6659936904907227,5,29,54
438,ALG,SimSenO,2008-09-01 03:00:05,10800,47.514125,-122.22108333333333,0.0,2.6060914993286133,6,29,54
439,ALG,SimSenO,2008-09-01 03:30:05,12600,47.51414583333334,-122.22109722222224,0.0,2.635791063308716,7,29,54
440,ALG,SimSenO,2008-09-01 04:00:05,14400,47.51416666666667,-122.22111111111111,0.0,2.6877498626708984,8,29,54
441,ALG,SimSenO,2008-09-01 04:30:05,16200,47.514187500000006,-122.221125,0.0,2.7722761631011963,9,29,54
442,ALG,SimSenO,2008-09-01 05:00:05,18000,47.514208333333336,-122.22113888888887,0.0,2.82588791847229,10,29,54
443,ALG,SimSenO,2008-09-01 05:30:05,19800,47.51422916666667,-122.22115277777776,0.0,2.906437873840332,11,29,54
444,ALG,SimSenO,2008-09-01 06:00:05,21600,47.51425,-122.22116666666666,0.0,2.955900192260742,12,29,54
445,ALG,SimSenO,2008-09-01 06:30:05,23400,47.514270833333335,-122.22118055555556,0.0,3.0315377712249756,13,29,54
446,ALG,SimSenO,2008-09-01 07:00:05,25200,47.51429166666667,-122.22119444444444,0.0,3.0767178535461426,14,29,54
447,ALG,SimSenO,2008-09-01 07:30:05,27000,47.5143125,-122.22120833333334,0.0,3.152377128601074,15,29,54
448,ALG,SimSenO,2008-09-01 08:00:05,28800,47.51433333333333,-122.22122222222222,0.0,3.272193193435669,16,29,54
449,ALG,SimSenO,2008-09-01 08:30:05,30600,47.51435416666667,-122.22123611111112,0.0,3.7950499057769775,17,29,54
450,ALG,SimSenO,2008-09-01 09:00:05,32400,47.514375,-122.22125,0.0,3.8413076400756836,18,29,54
451,ALG,SimSenO,2008-09-01 09:30:05,34200,47.51439583333334,-122.22126388888888,0.0,3.8885302543640137,19,29,54
452,ALG,SimSenO,2008-09-01 10:00:05,36000,47.51441666666667,-122.22127777777776,0.0,3.939819812774658,20,29,54
453,ALG,SimSenO,2008-09-01 10:30:05,37800,47.5144375,-122.22129166666666,0.0,4.034627437591553,21,29,54
454,ALG,SimSenO,2008-09-01 11:00:05,39600,47.51445833333334,-122.22130555555556,0.0,4.151936054229736,22,29,54
455,ALG,SimSenO,2008-09-01 11:30:05,41400,47.51447916666667,-122.22131944444445,0.0,4.280635356903076,23,29,54
456,ALG,SimSenO,2008-09-01 12:00:05,43200,47.514500000000005,-122.22133333333332,0.0,4.407227039337158,24,29,54
457,ALG,SimSenO,2008-09-01 12:30:05,45000,47.514520833333336,-122.22134722222222,0.0,4.543685436248779,25,29,54
458,ALG,SimSenO,2008-09-01 13:00:05,46800,47.514541666666666,-122.22136111111112,0.0,4.6757612228393555,26,29,54
459,ALG,SimSenO,2008-09-01 13:30:05,48600,47.5145625,-122.221375,0.0,4.810886383056641,27,29,54
460,ALG,SimSenO,2008-09-01 14:00:05,50400,47.51458333333333,-122.22138888888888,0.0,4.936220645904541,28,29,54
461,ALG,SimSenO,2008-09-01 14:30:05,52200,47.51460416666667,-122.22140277777775,0.0,5.063684463500977,29,29,54
462,ALG,SimSenO,2008-09-01 15:00:05,54000,47.514625,-122.22141666666668,0.0,5.181155204772949,30,29,54
463,ALG,SimSenO,2008-09-01 15:30:05,55800,47.51464583333333,-122.22143055555556,0.0,5.297397613525391,31,29,54
464,ALG,SimSenO,2008-09-01 16:00:05,57600,47.51466666666667,-122.22144444444444,0.0,5.398035526275635,32,29,54
465,ALG,SimSenO,2008-09-01 16:30:05,59400,47.5146875,-122.22145833333332,0.0,5.499058246612549,33,29,54
466,ALG,SimSenO,2008-09-01 17:00:05,61200,47.51470833333334,-122.22147222222222,0.0,5.589381694793701,34,29,54
467,ALG,SimSenO,2008-09-01 17:30:05,63000,47.51472916666667,-122.2214861111111,0.0,5.679218769073486,35,29,54
468,ALG,SimSenO,2008-09-01 18:00:05,64800,47.51475000000001,-122.2215,0.0,5.760446071624756,36,29,54
469,ALG,SimSenO,2008-09-01 18:30:05,66600,47.51477083333334,-122.2215138888889,0.0,5.844643592834473,37,29,54
470,ALG,SimSenO,2008-09-01 19:00:05,68400,47.51479166666667,-122.22152777777778,0.0,5.921654224395752,38,29,54
471,ALG,SimSenO,2008-09-01 19:30:05,70200,47.514812500000005,-122.22154166666668,0.0,5.999384880065918,39,29,54
472,ALG,SimSenO,2008-09-01 20:00:05,72000,47.514833333333335,-122.22155555555555,0.0,6.073919773101807,40,29,54
473,ALG,SimSenO,2008-09-01 20:30:05,73800,47.51485416666667,-122.22156944444444,0.0,6.164958477020264,41,29,54
474,ALG,SimSenO,2008-09-01 21:00:05,75600,47.514875,-122.22158333333331,0.0,6.2606520652771,42,29,54
475,ALG,SimSenO,2008-09-01 21:30:05,77400,47.51489583333333,-122.2215972222222,0.0,6.360406875610352,43,29,54
476,ALG,SimSenO,2008-09-01 22:00:05,79200,47.51491666666667,-122.2216111111111,0.0,6.4268035888671875,44,29,54
477,ALG,SimSenO,2008-09-01 22:30:05,81000,47.5149375,-122.221625,0.0,5.3744282722473145,45,29,54
478,ALG,SimSenO,2008-09-01 23:00:05,82800,47.51495833333334,-122.22163888888888,0.0,4.950556755065918,46,29,54
479,ALG,SimSenO,2008-09-01 23:30:05,84600,47.51497916666667,-122.22165277777778,0.0,4.983396530151367,47,29,54
480,ALG,SimSenO,2008-09-02 00:00:05,0,47.515,-122.22166666666666,0.0,2.0,0,29,54
481,ALG,SimSenO,2008-09-02 00:30:05,1800,47.51502083333334,-122.22168055555557,0.0,2.455641984939575,1,29,54
482,ALG,SimSenO,2008-09-02 01:00:05,3600,47.51504166666667,-122.22169444444444,0.0,2.843834638595581,2,29,54
483,ALG,SimSenO,2008-09-02 01:30:05,5400,47.515062500000006,-122.22170833333332,0.0,3.156402349472046,3,29,54
484,ALG,SimSenO,2008-09-02 02:00:05,7200,47.51508333333334,-122.22172222222224,0.0,3.4919676780700684,4,29,54
485,ALG,SimSenO,2008-09-02 02:30:05,9000,47.51510416666667,-122.22173611111111,0.0,3.6659936904907227,5,29,54
486,ALG,SimSenO,2008-09-02 03:00:05,10800,47.515125000000005,-122.22175,0.0,2.6060914993286133,6,29,54
487,ALG,SimSenO,2008-09-02 03:30:05,12600,47.515145833333335,-122.22176388888889,0.0,2.635791063308716,7,29,54
488,ALG,SimSenO,2008-09-02 04:00:05,14400,47.51516666666667,-122.22177777777776,0.0,2.6877498626708984,8,29,54
489,ALG,SimSenO,2008-09-02 04:30:05,16200,47.5151875,-122.22179166666666,0.0,2.7722761631011963,9,29,54
490,ALG,SimSenO,2008-09-02 05:00:05,18000,47.51520833333333,-122.22180555555556,0.0,2.82588791847229,10,29,54
491,ALG,SimSenO,2008-09-02 05:30:05,19800,47.51522916666667,-122.22181944444444,0.0,2.906437873840332,11,29,54
492,ALG,SimSenO,2008-09-02 06:00:05,21600,47.51525,-122.22183333333334,0.0,2.955900192260742,12,29,54
493,ALG,SimSenO,2008-09-02 06:30:05,23400,47.51527083333334,-122.22184722222222,0.0,3.0315377712249756,13,29,54
494,ALG,SimSenO,2008-09-02 07:00:05,25200,47.51529166666667,-122.22186111111112,0.0,3.0767178535461426,14,29,54
495,ALG,SimSenO,2008-09-02 07:30:05,27000,47.5153125,-122.221875,0.0,3.152377128601074,15,29,54
496,ALG,SimSenO,2008-09-02 08:00:05,28800,47.51533333333334,-122.22188888888888,0.0,3.272193193435669,16,29,54
497,ALG,SimSenO,2008-09-02 08:30:05,30600,47.51535416666667,-122.22190277777776,0.0,3.7950499057769775,17,29,54
498,ALG,SimSenO,2008-09-02 09:00:05,32400,47.515375000000006,-122.22191666666666,0.0,3.8413076400756836,18,29,54
499,ALG,SimSenO,2008-09-02 09:30:05,34200,47.515395833333336,-122.22193055555556,0.0,3.8885302543640137,19,29,54
500,ALG,SimSenO,2008-09-02 10:00:05,36000,47.51541666666667,-122.22194444444445,0.0,3.939819812774658,20,29,54
501,ALG,SimSenO,2008-09-02 10:30:05,37800,47.5154375,-122.22195833333332,0.0,4.034627437591553,21,29,54
502,ALG,SimSenO,2008-09-02 11:00:05,39600,47.515458333333335,-122.22197222222222,0.0,4.151936054229736,22,29,54
503,ALG,SimSenO,2008-09-02 11:30:05,41400,47.51547916666667,-122.22198611111112,0.0,4.280635356903076,23,29,54
504,ALG,SimSenO,2008-09-02 12:00:05,43200,47.5155,-122.222,0.0,4.407227039337158,24,29,54
505,ALG,SimSenO,2008-09-02 12:30:05,45000,47.51552083333333,-122.22201388888888,0.0,4.543685436248779,25,29,54
506,ALG,SimSenO,2008-09-02 13:00:05,46800,47.51554166666667,-122.22202777777775,0.0,4.6757612228393555,26,29,54
507,ALG,SimSenO,2008-09-02 13:30:05,48600,47.5155625,-122.22204166666668,0.0,4.810886383056641,27,29,54
508,ALG,SimSenO,2008-09-02 14:00:05,50400,47.51558333333334,-122.22205555555556,0.0,4.936220645904541,28,29,54
509,ALG,SimSenO,2008-09-02 14:30:05,52200,47.51560416666667,-122.22206944444444,0.0,5.063684463500977,29,29,54
510,ALG,SimSenO,2008-09-02 15:00:05,54000,47.515625,-122.22208333333332,0.0,5.181155204772949,30,29,54
511,ALG,SimSenO,2008-09-02 15:30:05,55800,47.51564583333334,-122.22209722222222,0.0,5.297397613525391,31,29,54
512,ALG,SimSenO,2008-09-02 16:00:05,57600,47.51566666666667,-122.2221111111111,0.0,5.398035526275635,32,29,54
513,ALG,SimSenO,2008-09-02 16:30:05,59400,47.515687500000006,-122.222125,0.0,5.499058246612549,33,29,54
514,ALG,SimSenO,2008-09-02 17:00:05,61200,47.515708333333336,-122.22213888888888,0.0,5.589381694793701,34,29,54
515,ALG,SimSenO,2008-09-02 17:30:05,63000,47.51572916666667,-122.22215277777778,0.0,5.679218769073486,35,29,54
516,ALG,SimSenO,2008-09-02 18:00:05,64800,47.51575,-122.22216666666668,0.0,5.760446071624756,36,29,54
517,ALG,SimSenO,2008-09-02 18:30:05,66600,47.515770833333335,-122.22218055555555,0.0,5.844643592834473,37,29,54
518,ALG,SimSenO,2008-09-02 19:00:05,68400,47.51579166666667,-122.22219444444444,0.0,5.921654224395752,38,29,54
519,ALG,SimSenO,2008-09-02 19:30:05,70200,47.5158125,-122.22220833333331,0.0,5.999384880065918,39,29,54
520,ALG,SimSenO,2008-09-02 20:00:05,72000,47.51583333333333,-122.2222222222222,0.0,6.073919773101807,40,29,54
521,ALG,SimSenO,2008-09-02 20:30:05,73800,47.51585416666667,-122.2222361111111,0.0,6.164958477020264,41,29,54
522,ALG,SimSenO,2008-09-02 21:00:05,75600,47.515875,-122.22225,0.0,6.2606520652771,42,29,54
523,ALG,SimSenO,2008-09-02 21:30:05,77400,47.51589583333334,-122.22226388888888,0.0,6.360406875610352,43,29,54
524,ALG,SimSenO,2008-09-02 22:00:05,79200,47.51591666666667,-122.22227777777778,0.0,6.4268035888671875,44,29,54
525,ALG,SimSenO,2008-09-02 22:30:05,81000,47.5159375,-122.22229166666666,0.0,5.3744282722473145,45,29,54
526,ALG,SimSenO,2008-09-02 23:00:05,82800,47.51595833333334,-122.22230555555556,0.0,4.950556755065918,46,29,54
527,ALG,SimSenO,2008-09-02 23:30:05,84600,47.51597916666667,-122.22231944444444,0.0,4.983396530151367,47,29,54
528,ALG,SimSenO,2008-09-03 00:00:05,0,47.516000000000005,-122.22233333333332,0.0,2.0,0,29,54
529,ALG,SimSenO,2008-09-03 00:30:05,1800,47.516020833333336,-122.22234722222224,0.0,2.455641984939575,1,29,54
530,ALG,SimSenO,2008-09-03 01:00:05,3600,47.516041666666666,-122.22236111111113,0.0,2.843834638595581,2,29,54
531,ALG,SimSenO,2008-09-03 01:30:05,5400,47.5160625,-122.222375,0.0,3.156402349472046,3,29,54
532,ALG,SimSenO,2008-09-03 02:00:05,7200,47.51608333333333,-122.22238888888889,0.0,3.4919676780700684,4,29,54
533,ALG,SimSenO,2008-09-03 02:30:05,9000,47.51610416666667,-122.22240277777776,0.0,3.6659936904907227,5,29,54
534,ALG,SimSenO,2008-09-03 03:00:05,10800,47.516125,-122.22241666666666,0.0,2.6060914993286133,6,29,54
535,ALG,SimSenO,2008-09-03 03:30:05,12600,47.51614583333333,-122.22243055555556,0.0,2.635791063308716,7,29,54
536,ALG,SimSenO,2008-09-03 04:00:05,14400,47.51616666666667,-122.22244444444443,0.0,2.6877498626708984,8,29,54
537,ALG,SimSenO,2008-09-03 04:30:05,16200,47.5161875,-122.22245833333334,0.0,2.7722761631011963,9,29,54
538,ALG,SimSenO,2008-09-03 05:00:05,18000,47.51620833333334,-122.22247222222222,0.0,2.82588791847229,10,29,54
539,ALG,SimSenO,2008-09-03 05:30:05,19800,47.51622916666667,-122.22248611111112,0.0,2.906437873840332,11,29,54
540,ALG,SimSenO,2008-09-03 06:00:05,21600,47.51625,-122.2225,0.0,2.955900192260742,12,29,54
541,ALG,SimSenO,2008-09-03 06:30:05,23400,47.51627083333334,-122.22251388888888,0.0,3.0315377712249756,13,29,54
542,ALG,SimSenO,2008-09-03 07:00:05,25200,47.51629166666667,-122.22252777777776,0.0,3.0767178535461426,14,29,54
543,ALG,SimSenO,2008-09-03 07:30:05,27000,47.516312500000005,-122.22254166666666,0.0,3.152377128601074,15,29,54
544,ALG,SimSenO,2008-09-03 08:00:05,28800,47.516333333333336,-122.22255555555556,0.0,3.272193193435669,16,29,54
545,ALG,SimSenO,2008-09-03 08:30:05,30600,47.51635416666667,-122.22256944444445,0.0,3.7950499057769775,17,29,54
546,ALG,SimSenO,2008-09-03 09:00:05,32400,47.516375,-122.22258333333332,0.0,3.8413076400756836,18,29,54
547,ALG,SimSenO,2008-09-03 09:30:05,34200,47.51639583333333,-122.22259722222222,0.0,3.8885302543640137,19,29,54
548,ALG,SimSenO,2008-09-03 10:00:05,36000,47.51641666666667,-122.2226111111111,0.0,3.939819812774658,20,29,54
549,ALG,SimSenO,2008-09-03 10:30:05,37800,47.5164375,-122.222625,0.0,4.034627437591553,21,29,54
550,ALG,SimSenO,2008-09-03 11:00:05,39600,47.51645833333334,-122.22263888888888,0.0,4.151936054229736,22,29,54
551,ALG,SimSenO,2008-09-03 11:30:05,41400,47.51647916666667,-122.22265277777775,0.0,4.280635356903076,23,29,54
552,ALG,SimSenO,2008-09-03 12:00:05,43200,47.5165,-122.22266666666668,0.0,4.407227039337158,24,29,54
553,ALG,SimSenO,2008-09-03 12:30:05,45000,47.51652083333334,-122.22268055555556,0.0,4.543685436248779,25,29,54
554,ALG,SimSenO,2008-09-03 13:00:05,46800,47.51654166666667,-122.22269444444444,0.0,4.6757612228393555,26,29,54
555,ALG,SimSenO,2008-09-03 13:30:05,48600,47.516562500000006,-122.22270833333332,0.0,4.810886383056641,27,29,54
556,ALG,SimSenO,2008-09-03 14:00:05,50400,47.51658333333334,-122.22272222222222,0.0,4.936220645904541,28,29,54
557,ALG,SimSenO,2008-09-03 14:30:05,52200,47.51660416666667,-122.2227361111111,0.0,5.063684463500977,29,29,54
558,ALG,SimSenO,2008-09-03 15:00:05,54000,47.516625000000005,-122.22275,0.0,5.181155204772949,30,29,54
559,ALG,SimSenO,2008-09-03 15:30:05,55800,47.516645833333335,-122.22276388888888,0.0,5.297397613525391,31,29,54
560,ALG,SimSenO,2008-09-03 16:00:05,57600,47.51666666666667,-122.22277777777778,0.0,5.398035526275635,32,29,54
561,ALG,SimSenO,2008-09-03 16:30:05,59400,47.5166875,-122.22279166666668,0.0,5.499058246612549,33,29,54
562,ALG,SimSenO,2008-09-03 17:00:05,61200,47.51670833333333,-122.22280555555557,0.0,5.589381694793701,34,29,54
563,ALG,SimSenO,2008-09-03 17:30:05,63000,47.51672916666667,-122.22281944444444,0.0,5.679218769073486,35,29,54
564,ALG,SimSenO,2008-09-03 18:00:05,64800,47.51675,-122.22283333333333,0.0,5.760446071624756,36,29,54
565,ALG,SimSenO,2008-09-03 18:30:05,66600,47.51677083333334,-122.2228472222222,0.0,5.844643592834473,37,29,54
566,ALG,SimSenO,2008-09-03 19:00:05,68400,47.51679166666667,-122.2228611111111,0.0,5.921654224395752,38,29,54
567,ALG,SimSenO,2008-09-03 19:30:05,70200,47.5168125,-122.222875,0.0,5.999384880065918,39,29,54
568,ALG,SimSenO,2008-09-03 20:00:05,72000,47.51683333333334,-122.22288888888887,0.0,6.073919773101807,40,29,54
569,ALG,SimSenO,2008-09-03 20:30:05,73800,47.51685416666667,-122.22290277777778,0.0,6.164958477020264,41,29,54
570,ALG,SimSenO,2008-09-03 21:00:05,75600,47.516875000000006,-122.22291666666666,0.0,6.2606520652771,42,29,54
571,ALG,SimSenO,2008-09-03 21:30:05,77400,47.516895833333336,-122.22293055555556,0.0,6.360406875610352,43,29,54
572,ALG,SimSenO,2008-09-03 22:00:05,79200,47.51691666666667,-122.22294444444444,0.0,6.4268035888671875,44,29,54
573,ALG,SimSenO,2008-09-03 22:30:05,81000,47.5169375,-122.22295833333332,0.0,5.3744282722473145,45,29,54
574,ALG,SimSenO,2008-09-03 23:00:05,82800,47.516958333333335,-122.22297222222224,0.0,4.950556755065918,46,29,54
575,ALG,SimSenO,2008-09-03 23:30:05,84600,47.51697916666667,-122.22298611111113,0.0,4.983396530151367,47,29,54
576,ALG,SimSenO,2008-09-04 00:00:05,0,47.517,-122.223,0.0,2.0,0,29,54
577,ALG,SimSenO,2008-09-04 00:30:05,1800,47.51702083333333,-122.22301388888889,0.0,2.455641984939575,1,29,54
578,ALG,SimSenO,2008-09-04 01:00:05,3600,47.51704166666667,-122.22302777777776,0.0,2.843834638595581,2,29,54
579,ALG,SimSenO,2008-09-04 01:30:05,5400,47.5170625,-122.22304166666666,0.0,3.156402349472046,3,29,54
580,ALG,SimSenO,2008-09-04 02:00:05,7200,47.51708333333334,-122.22305555555556,0.0,3.4919676780700684,4,29,54
581,ALG,SimSenO,2008-09-04 02:30:05,9000,47.51710416666667,-122.22306944444443,0.0,3.6659936904907227,5,29,54
582,ALG,SimSenO,2008-09-04 03:00:05,10800,47.517125,-122.22308333333334,0.0,3.057995080947876,6,40,54
583,ALG,SimSenO,2008-09-04 03:30:05,12600,47.51714583333334,-122.22309722222222,0.0,2.8993496894836426,7,40,54
584,ALG,SimSenO,2008-09-04 04:00:05,14400,47.51716666666667,-122.22311111111112,0.0,2.904489517211914,8,40,54
585,ALG,SimSenO,2008-09-04 04:30:05,16200,47.517187500000006,-122.223125,0.0,2.969252109527588,9,40,54
586,ALG,SimSenO,2008-09-04 05:00:05,18000,47.517208333333336,-122.22313888888888,0.0,3.00886869430542,10,40,54
587,ALG,SimSenO,2008-09-04 05:30:05,19800,47.51722916666667,-122.22315277777776,0.0,3.0763509273529053,11,40,54
588,ALG,SimSenO,2008-09-04 06:00:05,21600,47.51725,-122.22316666666666,0.0,3.113534450531006,12,40,54
589,ALG,SimSenO,2008-09-04 06:30:05,23400,47.517270833333335,-122.22318055555556,0.0,3.1773674488067627,13,40,54
590,ALG,SimSenO,2008-09-04 07:00:05,25200,47.51729166666667,-122.22319444444445,0.0,3.210817813873291,14,40,54
591,ALG,SimSenO,2008-09-04 07:30:05,27000,47.5173125,-122.22320833333332,0.0,3.2713680267333984,15,40,54
592,ALG,SimSenO,2008-09-04 08:00:05,28800,47.51733333333333,-122.22322222222222,0.0,3.3100666999816895,16,40,54
593,ALG,SimSenO,2008-09-04 08:30:05,30600,47.51735416666667,-122.2232361111111,0.0,3.523113489151001,17,40,54
594,ALG,SimSenO,2008-09-04 09:00:05,32400,47.517375,-122.22325,0.0,3.805243492126465,18,40,54
595,ALG,SimSenO,2008-09-04 09:30:05,34200,47.51739583333334,-122.22326388888888,0.0,3.8705906867980957,19,40,54
596,ALG,SimSenO,2008-09-04 10:00:05,36000,47.51741666666667,-122.22327777777777,0.0,3.9322240352630615,20,40,54
597,ALG,SimSenO,2008-09-04 10:30:05,37800,47.5174375,-122.22329166666668,0.0,3.997309684753418,21,40,54
598,ALG,SimSenO,2008-09-04 11:00:05,39600,47.51745833333334,-122.22330555555556,0.0,4.057960033416748,22,40,54
599,ALG,SimSenO,2008-09-04 11:30:05,41400,47.51747916666667,-122.22331944444444,0.0,4.123663425445557,23,40,54
600,ALG,SimSenO,2008-09-04 12:00:05,43200,47.517500000000005,-122.22333333333331,0.0,4.209583759307861,24,40,54
601,ALG,SimSenO,2008-09-04 12:30:05,45000,47.517520833333336,-122.22334722222222,0.0,4.299057483673096,25,40,54
602,ALG,SimSenO,2008-09-04 13:00:05,46800,47.517541666666666,-122.2233611111111,0.0,4.425049781799316,26,40,54
603,ALG,SimSenO,2008-09-04 13:30:05,48600,47.5175625,-122.223375,0.0,4.574286460876465,27,40,54
604,ALG,SimSenO,2008-09-04 14:00:05,50400,47.51758333333333,-122.22338888888888,0.0,4.727182865142822,28,40,54
605,ALG,SimSenO,2008-09-04 14:30:05,52200,47.51760416666667,-122.22340277777778,0.0,4.887065887451172,29,40,54
606,ALG,SimSenO,2008-09-04 15:00:05,54000,47.517625,-122.22341666666668,0.0,5.040658950805664,30,40,54
607,ALG,SimSenO,2008-09-04 15:30:05,55800,47.51764583333333,-122.22343055555557,0.0,5.196539878845215,31,40,54
608,ALG,SimSenO,2008-09-04 16:00:05,57600,47.51766666666667,-122.22344444444444,0.0,5.333989143371582,32,40,54
609,ALG,SimSenO,2008-09-04 16:30:05,59400,47.5176875,-122.22345833333333,0.0,5.463230609893799,33,40,54
610,ALG,SimSenO,2008-09-04 17:00:05,61200,47.51770833333334,-122.2234722222222,0.0,5.577756881713867,34,40,54
611,ALG,SimSenO,2008-09-04 17:30:05,63000,47.51772916666667,-122.2234861111111,0.0,5.690971374511719,35,40,54
612,ALG,SimSenO,2008-09-04 18:00:05,64800,47.51775000000001,-122.2235,0.0,5.7947587966918945,36,40,54
613,ALG,SimSenO,2008-09-04 18:30:05,66600,47.51777083333334,-122.22351388888887,0.0,5.904156684875488,37,40,54
614,ALG,SimSenO,2008-09-04 19:00:05,68400,47.51779166666667,-122.22352777777778,0.0,6.007200241088867,38,40,54
615,ALG,SimSenO,2008-09-04 19:30:05,70200,47.517812500000005,-122.22354166666666,0.0,6.110079288482666,39,40,54
616,ALG,SimSenO,2008-09-04 20:00:05,72000,47.517833333333336,-122.22355555555556,0.0,6.2055511474609375,40,40,54
617,ALG,SimSenO,2008-09-04 20:30:05,73800,47.51785416666667,-122.22356944444444,0.0,6.313877105712891,41,40,54
618,ALG,SimSenO,2008-09-04 21:00:05,75600,47.517875,-122.22358333333332,0.0,6.354623794555664,42,40,54
619,ALG,SimSenO,2008-09-04 21:30:05,77400,47.51789583333333,-122.22359722222222,0.0,5.667191982269287,43,40,54
620,ALG,SimSenO,2008-09-04 22:00:05,79200,47.51791666666667,-122.22361111111113,0.0,5.439794540405273,44,40,54
621,ALG,SimSenO,2008-09-04 22:30:05,81000,47.5179375,-122.223625,0.0,5.456877708435059,45,40,54
622,ALG,SimSenO,2008-09-04 23:00:05,82800,47.51795833333334,-122.22363888888889,0.0,5.472282409667969,46,40,54
623,ALG,SimSenO,2008-09-04 23:30:05,84600,47.51797916666667,-122.22365277777776,0.0,5.489661693572998,47,40,54
624,ALG,SimSenO,2008-09-05 00:00:05,0,47.518,-122.22366666666666,0.0,2.0,0,40,54
625,ALG,SimSenO,2008-09-05 00:30:05,1800,47.51802083333334,-122.22368055555556,0.0,2.455648422241211,1,40,54
626,ALG,SimSenO,2008-09-05 01:00:05,3600,47.51804166666667,-122.22369444444443,0.0,2.9440865516662598,2,40,54
627,ALG,SimSenO,2008-09-05 01:30:05,5400,47.518062500000006,-122.22370833333332,0.0,3.195171356201172,3,40,54
628,ALG,SimSenO,2008-09-05 02:00:05,7200,47.51808333333334,-122.22372222222222,0.0,3.4473378658294678,4,40,54
629,ALG,SimSenO,2008-09-05 02:30:05,9000,47.51810416666667,-122.22373611111112,0.0,3.6199429035186768,5,40,54
630,ALG,SimSenO,2008-09-05 03:00:05,10800,47.518125000000005,-122.22375,0.0,3.057995080947876,6,40,54
631,ALG,SimSenO,2008-09-05 03:30:05,12600,47.518145833333335,-122.22376388888888,0.0,2.8993496894836426,7,40,54
632,ALG,SimSenO,2008-09-05 04:00:05,14400,47.51816666666667,-122.22377777777776,0.0,2.904489517211914,8,40,54
633,ALG,SimSenO,2008-09-05 04:30:05,16200,47.5181875,-122.22379166666666,0.0,2.969252109527588,9,40,54
634,ALG,SimSenO,2008-09-05 05:00:05,18000,47.51820833333333,-122.22380555555556,0.0,3.00886869430542,10,40,54
635,ALG,SimSenO,2008-09-05 05:30:05,19800,47.51822916666667,-122.22381944444444,0.0,3.0763509273529053,11,40,54
636,ALG,SimSenO,2008-09-05 06:00:05,21600,47.51825,-122.22383333333332,0.0,3.113534450531006,12,40,54
637,ALG,SimSenO,2008-09-05 06:30:05,23400,47.51827083333334,-122.22384722222222,0.0,3.1773674488067627,13,40,54
638,ALG,SimSenO,2008-09-05 07:00:05,25200,47.51829166666667,-122.2238611111111,0.0,3.210817813873291,14,40,54
639,ALG,SimSenO,2008-09-05 07:30:05,27000,47.5183125,-122.223875,0.0,3.2713680267333984,15,40,54
640,ALG,SimSenO,2008-09-05 08:00:05,28800,47.51833333333334,-122.22388888888888,0.0,3.3100666999816895,16,40,54
641,ALG,SimSenO,2008-09-05 08:30:05,30600,47.51835416666667,-122.22390277777777,0.0,3.523113489151001,17,40,54
642,ALG,SimSenO,2008-09-05 09:00:05,32400,47.518375000000006,-122.22391666666668,0.0,3.805243492126465,18,40,54
643,ALG,SimSenO,2008-09-05 09:30:05,34200,47.51839583333334,-122.22393055555555,0.0,3.8705906867980957,19,40,54
644,ALG,SimSenO,2008-09-05 10:00:05,36000,47.51841666666667,-122.22394444444444,0.0,3.9322240352630615,20,40,54
645,ALG,SimSenO,2008-09-05 10:30:05,37800,47.518437500000005,-122.22395833333331,0.0,3.997309684753418,21,40,54
646,ALG,SimSenO,2008-09-05 11:00:05,39600,47.518458333333335,-122.22397222222222,0.0,4.057960033416748,22,40,54
647,ALG,SimSenO,2008-09-05 11:30:05,41400,47.51847916666667,-122.2239861111111,0.0,4.123663425445557,23,40,54
648,ALG,SimSenO,2008-09-05 12:00:05,43200,47.5185,-122.224,0.0,4.209583759307861,24,40,54
649,ALG,SimSenO,2008-09-05 12:30:05,45000,47.51852083333333,-122.22401388888888,0.0,4.299057483673096,25,40,54
650,ALG,SimSenO,2008-09-05 13:00:05,46800,47.51854166666667,-122.22402777777778,0.0,4.425049781799316,26,40,54
651,ALG,SimSenO,2008-09-05 13:30:05,48600,47.5185625,-122.22404166666666,0.0,4.574286460876465,27,40,54
652,ALG,SimSenO,2008-09-05 14:00:05,50400,47.51858333333334,-122.22405555555557,0.0,4.727182865142822,28,40,54
653,ALG,SimSenO,2008-09-05 14:30:05,52200,47.51860416666667,-122.22406944444444,0.0,4.887065887451172,29,40,54
654,ALG,SimSenO,2008-09-05 15:00:05,54000,47.518625,-122.22408333333333,0.0,5.040658950805664,30,40,54
655,ALG,SimSenO,2008-09-05 15:30:05,55800,47.51864583333334,-122.2240972222222,0.0,5.196539878845215,31,40,54
656,ALG,SimSenO,2008-09-05 16:00:05,57600,47.51866666666667,-122.2241111111111,0.0,5.333989143371582,32,40,54
657,ALG,SimSenO,2008-09-05 16:30:05,59400,47.518687500000006,-122.224125,0.0,5.463230609893799,33,40,54
658,ALG,SimSenO,2008-09-05 17:00:05,61200,47.518708333333336,-122.22413888888887,0.0,5.577756881713867,34,40,54
659,ALG,SimSenO,2008-09-05 17:30:05,63000,47.51872916666667,-122.22415277777776,0.0,5.690971374511719,35,40,54
660,ALG,SimSenO,2008-09-05 18:00:05,64800,47.51875,-122.22416666666666,0.0,5.7947587966918945,36,40,54
661,ALG,SimSenO,2008-09-05 18:30:05,66600,47.518770833333335,-122.22418055555556,0.0,5.904156684875488,37,40,54
662,ALG,SimSenO,2008-09-05 19:00:05,68400,47.51879166666667,-122.22419444444444,0.0,6.007200241088867,38,40,54
663,ALG,SimSenO,2008-09-05 19:30:05,70200,47.5188125,-122.22420833333332,0.0,6.110079288482666,39,40,54
664,ALG,SimSenO,2008-09-05 20:00:05,72000,47.51883333333333,-122.22422222222222,0.0,6.2055511474609375,40,40,54
665,ALG,SimSenO,2008-09-05 20:30:05,73800,47.51885416666667,-122.22423611111113,0.0,6.313877105712891,41,40,54
666,ALG,SimSenO,2008-09-05 21:00:05,75600,47.518875,-122.22425,0.0,6.354623794555664,42,40,54
667,ALG,SimSenO,2008-09-05 21:30:05,77400,47.51889583333334,-122.22426388888888,0.0,5.667191982269287,43,40,54
668,ALG,SimSenO,2008-09-05 22:00:05,79200,47.51891666666667,-122.22427777777776,0.0,5.439794540405273,44,40,54
669,ALG,SimSenO,2008-09-05 22:30:05,81000,47.5189375,-122.22429166666666,0.0,5.456877708435059,45,40,54
670,ALG,SimSenO,2008-09-05 23:00:05,82800,47.51895833333334,-122.22430555555556,0.0,5.472282409667969,46,40,54
671,ALG,SimSenO,2008-09-05 23:30:05,84600,47.51897916666667,-122.22431944444445,0.0,5.489661693572998,47,40,54
672,ALG,SimSenO,2008-09-06 00:00:05,0,47.519000000000005,-122.22433333333332,0.0,2.0,0,40,54
673,ALG,SimSenO,2008-09-06 00:30:05,1800,47.519020833333336,-122.22434722222222,0.0,2.455648422241211,1,40,54
674,ALG,SimSenO,2008-09-06 01:00:05,3600,47.519041666666666,-122.22436111111112,0.0,2.9440865516662598,2,40,54
675,ALG,SimSenO,2008-09-06 01:30:05,5400,47.5190625,-122.224375,0.0,3.195171356201172,3,40,54
676,ALG,SimSenO,2008-09-06 02:00:05,7200,47.51908333333333,-122.22438888888888,0.0,3.4473378658294678,4,40,54
677,ALG,SimSenO,2008-09-06 02:30:05,9000,47.51910416666667,-122.22440277777775,0.0,3.6199429035186768,5,40,54
678,ALG,SimSenO,2008-09-06 03:00:05,10800,47.519125,-122.22441666666666,0.0,3.057995080947876,6,40,54
679,ALG,SimSenO,2008-09-06 03:30:05,12600,47.51914583333333,-122.22443055555556,0.0,2.8993496894836426,7,40,54
680,ALG,SimSenO,2008-09-06 04:00:05,14400,47.51916666666667,-122.22444444444444,0.0,2.904489517211914,8,40,54
681,ALG,SimSenO,2008-09-06 04:30:05,16200,47.5191875,-122.22445833333332,0.0,2.969252109527588,9,40,54
682,ALG,SimSenO,2008-09-06 05:00:05,18000,47.51920833333334,-122.22447222222222,0.0,3.00886869430542,10,40,54
683,ALG,SimSenO,2008-09-06 05:30:05,19800,47.51922916666667,-122.2244861111111,0.0,3.0763509273529053,11,40,54
684,ALG,SimSenO,2008-09-06 06:00:05,21600,47.51925,-122.2245,0.0,3.113534450531006,12,40,54
685,ALG,SimSenO,2008-09-06 06:30:05,23400,47.51927083333334,-122.22451388888888,0.0,3.1773674488067627,13,40,54
686,ALG,SimSenO,2008-09-06 07:00:05,25200,47.51929166666667,-122.22452777777777,0.0,3.210817813873291,14,40,54
687,ALG,SimSenO,2008-09-06 07:30:05,27000,47.519312500000005,-122.22454166666668,0.0,3.2713680267333984,15,40,54
688,ALG,SimSenO,2008-09-06 08:00:05,28800,47.519333333333336,-122.22455555555555,0.0,3.3100666999816895,16,40,54
689,ALG,SimSenO,2008-09-06 08:30:05,30600,47.51935416666667,-122.22456944444444,0.0,3.523113489151001,17,40,54
690,ALG,SimSenO,2008-09-06 09:00:05,32400,47.519375,-122.22458333333331,0.0,3.805243492126465,18,40,54
691,ALG,SimSenO,2008-09-06 09:30:05,34200,47.51939583333333,-122.22459722222222,0.0,3.8705906867980957,19,40,54
692,ALG,SimSenO,2008-09-06 10:00:05,36000,47.51941666666667,-122.2246111111111,0.0,3.9322240352630615,20,40,54
693,ALG,SimSenO,2008-09-06 10:30:05,37800,47.5194375,-122.224625,0.0,3.997309684753418,21,40,54
694,ALG,SimSenO,2008-09-06 11:00:05,39600,47.51945833333334,-122.22463888888888,0.0,4.057960033416748,22,40,54
695,ALG,SimSenO,2008-09-06 11:30:05,41400,47.51947916666667,-122.22465277777778,0.0,4.123663425445557,23,40,54
696,ALG,SimSenO,2008-09-06 12:00:05,43200,47.5195,-122.22466666666666,0.0,4.209583759307861,24,40,54
697,ALG,SimSenO,2008-09-06 12:30:05,45000,47.51952083333334,-122.22468055555557,0.0,4.299057483673096,25,40,54
698,ALG,SimSenO,2008-09-06 13:00:05,46800,47.51954166666667,-122.22469444444444,0.0,4.425049781799316,26,40,54
699,ALG,SimSenO,2008-09-06 13:30:05,48600,47.519562500000006,-122.22470833333333,0.0,4.574286460876465,27,40,54
700,ALG,SimSenO,2008-09-06 14:00:05,50400,47.51958333333334,-122.2247222222222,0.0,4.727182865142822,28,40,54
701,ALG,SimSenO,2008-09-06 14:30:05,52200,47.51960416666667,-122.2247361111111,0.0,4.887065887451172,29,40,54
702,ALG,SimSenO,2008-09-06 15:00:05,54000,47.519625000000005,-122.22475,0.0,5.040658950805664,30,40,54
703,ALG,SimSenO,2008-09-06 15:30:05,55800,47.519645833333335,-122.22476388888887,0.0,5.196539878845215,31,40,54
704,ALG,SimSenO,2008-09-06 16:00:05,57600,47.51966666666667,-122.22477777777776,0.0,5.333989143371582,32,40,54
705,ALG,SimSenO,2008-09-06 16:30:05,59400,47.5196875,-122.22479166666666,0.0,5.463230609893799,33,40,54
706,ALG,SimSenO,2008-09-06 17:00:05,61200,47.51970833333333,-122.22480555555556,0.0,5.577756881713867,34,40,54
707,ALG,SimSenO,2008-09-06 17:30:05,63000,47.51972916666667,-122.22481944444444,0.0,5.690971374511719,35,40,54
708,ALG,SimSenO,2008-09-06 18:00:05,64800,47.51975,-122.22483333333332,0.0,5.7947587966918945,36,40,54
709,ALG,SimSenO,2008-09-06 18:30:05,66600,47.51977083333334,-122.22484722222222,0.0,5.904156684875488,37,40,54
710,ALG,SimSenO,2008-09-06 19:00:05,68400,47.51979166666667,-122.22486111111112,0.0,6.007200241088867,38,40,54
711,ALG,SimSenO,2008-09-06 19:30:05,70200,47.5198125,-122.224875,0.0,6.110079288482666,39,40,54
712,ALG,SimSenO,2008-09-06 20:00:05,72000,47.51983333333334,-122.22488888888888,0.0,6.2055511474609375,40,40,54
713,ALG,SimSenO,2008-09-06 20:30:05,73800,47.51985416666667,-122.22490277777776,0.0,6.313877105712891,41,40,54
714,ALG,SimSenO,2008-09-06 21:00:05,75600,47.519875000000006,-122.22491666666666,0.0,6.354623794555664,42,40,54
715,ALG,SimSenO,2008-09-06 21:30:05,77400,47.51989583333334,-122.22493055555556,0.0,5.667191982269287,43,40,54
716,ALG,SimSenO,2008-09-06 22:00:05,79200,47.51991666666667,-122.22494444444445,0.0,5.439794540405273,44,40,54
717,ALG,SimSenO,2008-09-06 22:30:05,81000,47.519937500000005,-122.22495833333332,0.0,5.456877708435059,45,40,54
718,ALG,SimSenO,2008-09-06 23:00:05,82800,47.519958333333335,-122.22497222222222,0.0,5.472282409667969,46,40,54
719,ALG,SimSenO,2008-09-06 23:30:05,84600,47.51997916666667,-122.22498611111112,0.0,5.489661693572998,47,40,54
720,ALG,SimSenO,2008-09-07 00:00:05,0,47.52,-122.225,0.0,2.0,0,40,54
