,id,source,timestamp,Time,Lat,Lon,Depth,sun,Bt,Bij,Bl
0,sun,SimSenS,2008-08-23 00:00:02,0,,,,0.0,0,,
1,sun,SimSenS,2008-08-23 00:30:02,1800,,,,0.0,1,,
2,sun,SimSenS,2008-08-23 01:00:02,3600,,,,0.0,2,,
3,sun,SimSenS,2008-08-23 01:30:02,5400,,,,0.0,3,,
4,sun,SimSenS,2008-08-23 02:00:02,7200,,,,0.0,4,,
5,sun,SimSenS,2008-08-23 02:30:02,9000,,,,0.0,5,,
6,sun,SimSenS,2008-08-23 03:00:02,10800,,,,0.0,6,,
7,sun,SimSenS,2008-08-23 03:30:02,12600,,,,0.0,7,,
8,sun,SimSenS,2008-08-23 04:00:02,14400,,,,0.0,8,,
9,sun,SimSenS,2008-08-23 04:30:02,16200,,,,0.0,9,,
10,sun,SimSenS,2008-08-23 05:00:02,18000,,,,0.0,10,,
11,sun,SimSenS,2008-08-23 05:30:02,19800,,,,0.0,11,,
12,sun,SimSenS,2008-08-23 06:00:02,21600,,,,0.0,12,,
13,sun,SimSenS,2008-08-23 06:30:02,23400,,,,0.13052619221957926,13,,
14,sun,SimSenS,2008-08-23 07:00:02,25200,,,,0.25881904510298015,14,,
15,sun,SimSenS,2008-08-23 07:30:02,27000,,,,0.38268343236509,15,,
16,sun,SimSenS,2008-08-23 08:00:02,28800,,,,0.4999999999995878,16,,
17,sun,SimSenS,2008-08-23 08:30:02,30600,,,,0.6087614290090982,17,,
18,sun,SimSenS,2008-08-23 09:00:02,32400,,,,0.7071067811865474,18,,
19,sun,SimSenS,2008-08-23 09:30:02,34200,,,,0.7933533402909452,19,,
20,sun,SimSenS,2008-08-23 10:00:02,36000,,,,0.8660254037846764,20,,
21,sun,SimSenS,2008-08-23 10:30:02,37800,,,,0.9238795325112865,21,,
22,sun,SimSenS,2008-08-23 11:00:02,39600,,,,0.9659258262889451,22,,
23,sun,SimSenS,2008-08-23 11:30:02,41400,,,,0.9914448613738726,23,,
24,sun,SimSenS,2008-08-23 12:00:02,43200,,,,1.0,24,,
25,sun,SimSenS,2008-08-23 12:30:02,45000,,,,0.9914448613738726,25,,
26,sun,SimSenS,2008-08-23 13:00:02,46800,,,,0.9659258262889452,26,,
27,sun,SimSenS,2008-08-23 13:30:02,48600,,,,0.9238795325112867,27,,
28,sun,SimSenS,2008-08-23 14:00:02,50400,,,,0.8660254037846766,28,,
29,sun,SimSenS,2008-08-23 14:30:02,52200,,,,0.7933533402909454,29,,
30,sun,SimSenS,2008-08-23 15:00:02,54000,,,,0.7071067811865477,30,,
31,sun,SimSenS,2008-08-23 15:30:02,55800,,,,0.6087614290090987,31,,
32,sun,SimSenS,2008-08-23 16:00:02,57600,,,,0.4999999999995882,32,,
33,sun,SimSenS,2008-08-23 16:30:02,59400,,,,0.38268343236509045,33,,
34,sun,SimSenS,2008-08-23 17:00:02,61200,,,,0.2588190451029806,34,,
35,sun,SimSenS,2008-08-23 17:30:02,63000,,,,0.13052619221957976,35,,
36,sun,SimSenS,2008-08-23 18:00:02,64800,,,,3.061616997868383e-16,36,,
37,sun,SimSenS,2008-08-23 18:30:02,66600,,,,0.0,37,,
38,sun,SimSenS,2008-08-23 19:00:02,68400,,,,0.0,38,,
39,sun,SimSenS,2008-08-23 19:30:02,70200,,,,0.0,39,,
40,sun,SimSenS,2008-08-23 20:00:02,72000,,,,0.0,40,,
41,sun,SimSenS,2008-08-23 20:30:02,73800,,,,0.0,41,,
42,sun,SimSenS,2008-08-23 21:00:02,75600,,,,0.0,42,,
43,sun,SimSenS,2008-08-23 21:30:02,77400,,,,0.0,43,,
44,sun,SimSenS,2008-08-23 22:00:02,79200,,,,0.0,44,,
45,sun,SimSenS,2008-08-23 22:30:02,81000,,,,0.0,45,,
46,sun,SimSenS,2008-08-23 23:00:02,82800,,,,0.0,46,,
47,sun,SimSenS,2008-08-23 23:30:02,84600,,,,0.0,47,,
48,sun,SimSenS,2008-08-24 00:00:02,0,,,,0.0,0,,
49,sun,SimSenS,2008-08-24 00:30:02,1800,,,,0.0,1,,
50,sun,SimSenS,2008-08-24 01:00:02,3600,,,,0.0,2,,
51,sun,SimSenS,2008-08-24 01:30:02,5400,,,,0.0,3,,
52,sun,SimSenS,2008-08-24 02:00:02,7200,,,,0.0,4,,
53,sun,SimSenS,2008-08-24 02:30:02,9000,,,,0.0,5,,
54,sun,SimSenS,2008-08-24 03:00:02,10800,,,,0.0,6,,
55,sun,SimSenS,2008-08-24 03:30:02,12600,,,,0.0,7,,
56,sun,SimSenS,2008-08-24 04:00:02,14400,,,,0.0,8,,
57,sun,SimSenS,2008-08-24 04:30:02,16200,,,,0.0,9,,
58,sun,SimSenS,2008-08-24 05:00:02,18000,,,,0.0,10,,
59,sun,SimSenS,2008-08-24 05:30:02,19800,,,,0.0,11,,
60,sun,SimSenS,2008-08-24 06:00:02,21600,,,,0.0,12,,
61,sun,SimSenS,2008-08-24 06:30:02,23400,,,,0.13052619221957926,13,,
62,sun,SimSenS,2008-08-24 07:00:02,25200,,,,0.25881904510298015,14,,
63,sun,SimSenS,2008-08-24 07:30:02,27000,,,,0.38268343236509,15,,
64,sun,SimSenS,2008-08-24 08:00:02,28800,,,,0.4999999999995878,16,,
65,sun,SimSenS,2008-08-24 08:30:02,30600,,,,0.6087614290090982,17,,
66,sun,SimSenS,2008-08-24 09:00:02,32400,,,,0.7071067811865474,18,,
67,sun,SimSenS,2008-08-24 09:30:02,34200,,,,0.7933533402909452,19,,
68,sun,SimSenS,2008-08-24 10:00:02,36000,,,,0.8660254037846764,20,,
69,sun,SimSenS,2008-08-24 10:30:02,37800,,,,0.9238795325112865,21,,
70,sun,SimSenS,2008-08-24 11:00:02,39600,,,,0.9659258262889451,22,,
71,sun,SimSenS,2008-08-24 11:30:02,41400,,,,0.9914448613738726,23,,
72,sun,SimSenS,2008-08-24 12:00:02,43200,,,,1.0,24,,
73,sun,SimSenS,2008-08-24 12:30:02,45000,,,,0.9914448613738726,25,,
74,sun,SimSenS,2008-08-24 13:00:02,46800,,,,0.9659258262889452,26,,
75,sun,SimSenS,2008-08-24 13:30:02,48600,,,,0.9238795325112867,27,,
76,sun,SimSenS,2008-08-24 14:00:02,50400,,,,0.8660254037846766,28,,
77,sun,SimSenS,2008-08-24 14:30:02,52200,,,,0.7933533402909454,29,,
78,sun,SimSenS,2008-08-24 15:00:02,54000,,,,0.7071067811865477,30,,
79,sun,SimSenS,2008-08-24 15:30:02,55800,,,,0.6087614290090987,31,,
80,sun,SimSenS,2008-08-24 16:00:02,57600,,,,0.4999999999995882,32,,
81,sun,SimSenS,2008-08-24 16:30:02,59400,,,,0.38268343236509045,33,,
82,sun,SimSenS,2008-08-24 17:00:02,61200,,,,0.2588190451029806,34,,
83,sun,SimSenS,2008-08-24 17:30:02,63000,,,,0.13052619221957976,35,,
84,sun,SimSenS,2008-08-24 18:00:02,64800,,,,3.061616997868383e-16,36,,
85,sun,SimSenS,2008-08-24 18:30:02,66600,,,,0.0,37,,
86,sun,SimSenS,2008-08-24 19:00:02,68400,,,,0.0,38,,
87,sun,SimSenS,2008-08-24 19:30:02,70200,,,,0.0,39,,
88,sun,SimSenS,2008-08-24 20:00:02,72000,,,,0.0,40,,
89,sun,SimSenS,2008-08-24 20:30:02,73800,,,,0.0,41,,
90,sun,SimSenS,2008-08-24 21:00:02,75600,,,,0.0,42,,
91,sun,SimSenS,2008-08-24 21:30:02,77400,,,,0.0,43,,
92,sun,SimSenS,2008-08-24 22:00:02,79200,,,,0.0,44,,
93,sun,SimSenS,2008-08-24 22:30:02,81000,,,,0.0,45,,
94,sun,SimSenS,2008-08-24 23:00:02,82800,,,,0.0,46,,
95,sun,SimSenS,2008-08-24 23:30:02,84600,,,,0.0,47,,
96,sun,SimSenS,2008-08-25 00:00:02,0,,,,0.0,0,,
97,sun,SimSenS,2008-08-25 00:30:02,1800,,,,0.0,1,,
98,sun,SimSenS,2008-08-25 01:00:02,3600,,,,0.0,2,,
99,sun,SimSenS,2008-08-25 01:30:02,5400,,,,0.0,3,,
100,sun,SimSenS,2008-08-25 02:00:02,7200,,,,0.0,4,,
101,sun,SimSenS,2008-08-25 02:30:02,9000,,,,0.0,5,,
102,sun,SimSenS,2008-08-25 03:00:02,10800,,,,0.0,6,,
103,sun,SimSenS,2008-08-25 03:30:02,12600,,,,0.0,7,,
104,sun,SimSenS,2008-08-25 04:00:02,14400,,,,0.0,8,,
105,sun,SimSenS,2008-08-25 04:30:02,16200,,,,0.0,9,,
106,sun,SimSenS,2008-08-25 05:00:02,18000,,,,0.0,10,,
107,sun,SimSenS,2008-08-25 05:30:02,19800,,,,0.0,11,,
108,sun,SimSenS,2008-08-25 06:00:02,21600,,,,0.0,12,,
109,sun,SimSenS,2008-08-25 06:30:02,23400,,,,0.13052619221957926,13,,
110,sun,SimSenS,2008-08-25 07:00:02,25200,,,,0.25881904510298015,14,,
111,sun,SimSenS,2008-08-25 07:30:02,27000,,,,0.38268343236509,15,,
112,sun,SimSenS,2008-08-25 08:00:02,28800,,,,0.4999999999995878,16,,
113,sun,SimSenS,2008-08-25 08:30:02,30600,,,,0.6087614290090982,17,,
114,sun,SimSenS,2008-08-25 09:00:02,32400,,,,0.7071067811865474,18,,
115,sun,SimSenS,2008-08-25 09:30:02,34200,,,,0.7933533402909452,19,,
116,sun,SimSenS,2008-08-25 10:00:02,36000,,,,0.8660254037846764,20,,
117,sun,SimSenS,2008-08-25 10:30:02,37800,,,,0.9238795325112865,21,,
118,sun,SimSenS,2008-08-25 11:00:02,39600,,,,0.9659258262889451,22,,
119,sun,SimSenS,2008-08-25 11:30:02,41400,,,,0.9914448613738726,23,,
120,sun,SimSenS,2008-08-25 12:00:02,43200,,,,1.0,24,,
121,sun,SimSenS,2008-08-25 12:30:02,45000,,,,0.9914448613738726,25,,
122,sun,SimSenS,2008-08-25 13:00:02,46800,,,,0.9659258262889452,26,,
123,sun,SimSenS,2008-08-25 13:30:02,48600,,,,0.9238795325112867,27,,
124,sun,SimSenS,2008-08-25 14:00:02,50400,,,,0.8660254037846766,28,,
125,sun,SimSenS,2008-08-25 14:30:02,52200,,,,0.7933533402909454,29,,
126,sun,SimSenS,2008-08-25 15:00:02,54000,,,,0.7071067811865477,30,,
127,sun,SimSenS,2008-08-25 15:30:02,55800,,,,0.6087614290090987,31,,
128,sun,SimSenS,2008-08-25 16:00:02,57600,,,,0.4999999999995882,32,,
129,sun,SimSenS,2008-08-25 16:30:02,59400,,,,0.38268343236509045,33,,
130,sun,SimSenS,2008-08-25 17:00:02,61200,,,,0.2588190451029806,34,,
131,sun,SimSenS,2008-08-25 17:30:02,63000,,,,0.13052619221957976,35,,
132,sun,SimSenS,2008-08-25 18:00:02,64800,,,,3.061616997868383e-16,36,,
133,sun,SimSenS,2008-08-25 18:30:02,66600,,,,0.0,37,,
134,sun,SimSenS,2008-08-25 19:00:02,68400,,,,0.0,38,,
135,sun,SimSenS,2008-08-25 19:30:02,70200,,,,0.0,39,,
136,sun,SimSenS,2008-08-25 20:00:02,72000,,,,0.0,40,,
137,sun,SimSenS,2008-08-25 20:30:02,73800,,,,0.0,41,,
138,sun,SimSenS,2008-08-25 21:00:02,75600,,,,0.0,42,,
139,sun,SimSenS,2008-08-25 21:30:02,77400,,,,0.0,43,,
140,sun,SimSenS,2008-08-25 22:00:02,79200,,,,0.0,44,,
141,sun,SimSenS,2008-08-25 22:30:02,81000,,,,0.0,45,,
142,sun,SimSenS,2008-08-25 23:00:02,82800,,,,0.0,46,,
143,sun,SimSenS,2008-08-25 23:30:02,84600,,,,0.0,47,,
144,sun,SimSenS,2008-08-26 00:00:02,0,,,,0.0,0,,
145,sun,SimSenS,2008-08-26 00:30:02,1800,,,,0.0,1,,
146,sun,SimSenS,2008-08-26 01:00:02,3600,,,,0.0,2,,
147,sun,SimSenS,2008-08-26 01:30:02,5400,,,,0.0,3,,
148,sun,SimSenS,2008-08-26 02:00:02,7200,,,,0.0,4,,
149,sun,SimSenS,2008-08-26 02:30:02,9000,,,,0.0,5,,
150,sun,SimSenS,2008-08-26 03:00:02,10800,,,,0.0,6,,
151,sun,SimSenS,2008-08-26 03:30:02,12600,,,,0.0,7,,
152,sun,SimSenS,2008-08-26 04:00:02,14400,,,,0.0,8,,
153,sun,SimSenS,2008-08-26 04:30:02,16200,,,,0.0,9,,
154,sun,SimSenS,2008-08-26 05:00:02,18000,,,,0.0,10,,
155,sun,SimSenS,2008-08-26 05:30:02,19800,,,,0.0,11,,
156,sun,SimSenS,2008-08-26 06:00:02,21600,,,,0.0,12,,
157,sun,SimSenS,2008-08-26 06:30:02,23400,,,,0.13052619221957926,13,,
158,sun,SimSenS,2008-08-26 07:00:02,25200,,,,0.25881904510298015,14,,
159,sun,SimSenS,2008-08-26 07:30:02,27000,,,,0.38268343236509,15,,
160,sun,SimSenS,2008-08-26 08:00:02,28800,,,,0.4999999999995878,16,,
161,sun,SimSenS,2008-08-26 08:30:02,30600,,,,0.6087614290090982,17,,
162,sun,SimSenS,2008-08-26 09:00:02,32400,,,,0.7071067811865474,18,,
163,sun,SimSenS,2008-08-26 09:30:02,34200,,,,0.7933533402909452,19,,
164,sun,SimSenS,2008-08-26 10:00:02,36000,,,,0.8660254037846764,20,,
165,sun,SimSenS,2008-08-26 10:30:02,37800,,,,0.9238795325112865,21,,
166,sun,SimSenS,2008-08-26 11:00:02,39600,,,,0.9659258262889451,22,,
167,sun,SimSenS,2008-08-26 11:30:02,41400,,,,0.9914448613738726,23,,
168,sun,SimSenS,2008-08-26 12:00:02,43200,,,,1.0,24,,
169,sun,SimSenS,2008-08-26 12:30:02,45000,,,,0.9914448613738726,25,,
170,sun,SimSenS,2008-08-26 13:00:02,46800,,,,0.9659258262889452,26,,
171,sun,SimSenS,2008-08-26 13:30:02,48600,,,,0.9238795325112867,27,,
172,sun,SimSenS,2008-08-26 14:00:02,50400,,,,0.8660254037846766,28,,
173,sun,SimSenS,2008-08-26 14:30:02,52200,,,,0.7933533402909454,29,,
174,sun,SimSenS,2008-08-26 15:00:02,54000,,,,0.7071067811865477,30,,
175,sun,SimSenS,2008-08-26 15:30:02,55800,,,,0.6087614290090987,31,,
176,sun,SimSenS,2008-08-26 16:00:02,57600,,,,0.4999999999995882,32,,
177,sun,SimSenS,2008-08-26 16:30:02,59400,,,,0.38268343236509045,33,,
178,sun,SimSenS,2008-08-26 17:00:02,61200,,,,0.2588190451029806,34,,
179,sun,SimSenS,2008-08-26 17:30:02,63000,,,,0.13052619221957976,35,,
180,sun,SimSenS,2008-08-26 18:00:02,64800,,,,3.061616997868383e-16,36,,
181,sun,SimSenS,2008-08-26 18:30:02,66600,,,,0.0,37,,
182,sun,SimSenS,2008-08-26 19:00:02,68400,,,,0.0,38,,
183,sun,SimSenS,2008-08-26 19:30:02,70200,,,,0.0,39,,
184,sun,SimSenS,2008-08-26 20:00:02,72000,,,,0.0,40,,
185,sun,SimSenS,2008-08-26 20:30:02,73800,,,,0.0,41,,
186,sun,SimSenS,2008-08-26 21:00:02,75600,,,,0.0,42,,
187,sun,SimSenS,2008-08-26 21:30:02,77400,,,,0.0,43,,
188,sun,SimSenS,2008-08-26 22:00:02,79200,,,,0.0,44,,
189,sun,SimSenS,2008-08-26 22:30:02,81000,,,,0.0,45,,
190,sun,SimSenS,2008-08-26 23:00:02,82800,,,,0.0,46,,
191,sun,SimSenS,2008-08-26 23:30:02,84600,,,,0.0,47,,
192,sun,SimSenS,2008-08-27 00:00:02,0,,,,0.0,0,,
193,sun,SimSenS,2008-08-27 00:30:02,1800,,,,0.0,1,,
194,sun,SimSenS,2008-08-27 01:00:02,3600,,,,0.0,2,,
195,sun,SimSenS,2008-08-27 01:30:02,5400,,,,0.0,3,,
196,sun,SimSenS,2008-08-27 02:00:02,7200,,,,0.0,4,,
197,sun,SimSenS,2008-08-27 02:30:02,9000,,,,0.0,5,,
198,sun,SimSenS,2008-08-27 03:00:02,10800,,,,0.0,6,,
199,sun,SimSenS,2008-08-27 03:30:02,12600,,,,0.0,7,,
200,sun,SimSenS,2008-08-27 04:00:02,14400,,,,0.0,8,,
201,sun,SimSenS,2008-08-27 04:30:02,16200,,,,0.0,9,,
202,sun,SimSenS,2008-08-27 05:00:02,18000,,,,0.0,10,,
203,sun,SimSenS,2008-08-27 05:30:02,19800,,,,0.0,11,,
204,sun,SimSenS,2008-08-27 06:00:02,21600,,,,0.0,12,,
205,sun,SimSenS,2008-08-27 06:30:02,23400,,,,0.13052619221957926,13,,
206,sun,SimSenS,2008-08-27 07:00:02,25200,,,,0.25881904510298015,14,,
207,sun,SimSenS,2008-08-27 07:30:02,27000,,,,0.38268343236509,15,,
208,sun,SimSenS,2008-08-27 08:00:02,28800,,,,0.4999999999995878,16,,
209,sun,SimSenS,2008-08-27 08:30:02,30600,,,,0.6087614290090982,17,,
210,sun,SimSenS,2008-08-27 09:00:02,32400,,,,0.7071067811865474,18,,
211,sun,SimSenS,2008-08-27 09:30:02,34200,,,,0.7933533402909452,19,,
212,sun,SimSenS,2008-08-27 10:00:02,36000,,,,0.8660254037846764,20,,
213,sun,SimSenS,2008-08-27 10:30:02,37800,,,,0.9238795325112865,21,,
214,sun,SimSenS,2008-08-27 11:00:02,39600,,,,0.9659258262889451,22,,
215,sun,SimSenS,2008-08-27 11:30:02,41400,,,,0.9914448613738726,23,,
216,sun,SimSenS,2008-08-27 12:00:02,43200,,,,1.0,24,,
217,sun,SimSenS,2008-08-27 12:30:02,45000,,,,0.9914448613738726,25,,
218,sun,SimSenS,2008-08-27 13:00:02,46800,,,,0.9659258262889452,26,,
219,sun,SimSenS,2008-08-27 13:30:02,48600,,,,0.9238795325112867,27,,
220,sun,SimSenS,2008-08-27 14:00:02,50400,,,,0.8660254037846766,28,,
221,sun,SimSenS,2008-08-27 14:30:02,52200,,,,0.7933533402909454,29,,
222,sun,SimSenS,2008-08-27 15:00:02,54000,,,,0.7071067811865477,30,,
223,sun,SimSenS,2008-08-27 15:30:02,55800,,,,0.6087614290090987,31,,
224,sun,SimSenS,2008-08-27 16:00:02,57600,,,,0.4999999999995882,32,,
225,sun,SimSenS,2008-08-27 16:30:02,59400,,,,0.38268343236509045,33,,
226,sun,SimSenS,2008-08-27 17:00:02,61200,,,,0.2588190451029806,34,,
227,sun,SimSenS,2008-08-27 17:30:02,63000,,,,0.13052619221957976,35,,
228,sun,SimSenS,2008-08-27 18:00:02,64800,,,,3.061616997868383e-16,36,,
229,sun,SimSenS,2008-08-27 18:30:02,66600,,,,0.0,37,,
230,sun,SimSenS,2008-08-27 19:00:02,68400,,,,0.0,38,,
231,sun,SimSenS,2008-08-27 19:30:02,70200,,,,0.0,39,,
232,sun,SimSenS,2008-08-27 20:00:02,72000,,,,0.0,40,,
233,sun,SimSenS,2008-08-27 20:30:02,73800,,,,0.0,41,,
234,sun,SimSenS,2008-08-27 21:00:02,75600,,,,0.0,42,,
235,sun,SimSenS,2008-08-27 21:30:02,77400,,,,0.0,43,,
236,sun,SimSenS,2008-08-27 22:00:02,79200,,,,0.0,44,,
237,sun,SimSenS,2008-08-27 22:30:02,81000,,,,0.0,45,,
238,sun,SimSenS,2008-08-27 23:00:02,82800,,,,0.0,46,,
239,sun,SimSenS,2008-08-27 23:30:02,84600,,,,0.0,47,,
240,sun,SimSenS,2008-08-28 00:00:02,0,,,,0.0,0,,
241,sun,SimSenS,2008-08-28 00:30:02,1800,,,,0.0,1,,
242,sun,SimSenS,2008-08-28 01:00:02,3600,,,,0.0,2,,
243,sun,SimSenS,2008-08-28 01:30:02,5400,,,,0.0,3,,
244,sun,SimSenS,2008-08-28 02:00:02,7200,,,,0.0,4,,
245,sun,SimSenS,2008-08-28 02:30:02,9000,,,,0.0,5,,
246,sun,SimSenS,2008-08-28 03:00:02,10800,,,,0.0,6,,
247,sun,SimSenS,2008-08-28 03:30:02,12600,,,,0.0,7,,
248,sun,SimSenS,2008-08-28 04:00:02,14400,,,,0.0,8,,
249,sun,SimSenS,2008-08-28 04:30:02,16200,,,,0.0,9,,
250,sun,SimSenS,2008-08-28 05:00:02,18000,,,,0.0,10,,
251,sun,SimSenS,2008-08-28 05:30:02,19800,,,,0.0,11,,
252,sun,SimSenS,2008-08-28 06:00:02,21600,,,,0.0,12,,
253,sun,SimSenS,2008-08-28 06:30:02,23400,,,,0.13052619221957926,13,,
254,sun,SimSenS,2008-08-28 07:00:02,25200,,,,0.25881904510298015,14,,
255,sun,SimSenS,2008-08-28 07:30:02,27000,,,,0.38268343236509,15,,
256,sun,SimSenS,2008-08-28 08:00:02,28800,,,,0.4999999999995878,16,,
257,sun,SimSenS,2008-08-28 08:30:02,30600,,,,0.6087614290090982,17,,
258,sun,SimSenS,2008-08-28 09:00:02,32400,,,,0.7071067811865474,18,,
259,sun,SimSenS,2008-08-28 09:30:02,34200,,,,0.7933533402909452,19,,
260,sun,SimSenS,2008-08-28 10:00:02,36000,,,,0.8660254037846764,20,,
261,sun,SimSenS,2008-08-28 10:30:02,37800,,,,0.9238795325112865,21,,
262,sun,SimSenS,2008-08-28 11:00:02,39600,,,,0.9659258262889451,22,,
263,sun,SimSenS,2008-08-28 11:30:02,41400,,,,0.9914448613738726,23,,
264,sun,SimSenS,2008-08-28 12:00:02,43200,,,,1.0,24,,
265,sun,SimSenS,2008-08-28 12:30:02,45000,,,,0.9914448613738726,25,,
266,sun,SimSenS,2008-08-28 13:00:02,46800,,,,0.9659258262889452,26,,
267,sun,SimSenS,2008-08-28 13:30:02,48600,,,,0.9238795325112867,27,,
268,sun,SimSenS,2008-08-28 14:00:02,50400,,,,0.8660254037846766,28,,
269,sun,SimSenS,2008-08-28 14:30:02,52200,,,,0.7933533402909454,29,,
270,sun,SimSenS,2008-08-28 15:00:02,54000,,,,0.7071067811865477,30,,
271,sun,SimSenS,2008-08-28 15:30:02,55800,,,,0.6087614290090987,31,,
272,sun,SimSenS,2008-08-28 16:00:02,57600,,,,0.4999999999995882,32,,
273,sun,SimSenS,2008-08-28 16:30:02,59400,,,,0.38268343236509045,33,,
274,sun,SimSenS,2008-08-28 17:00:02,61200,,,,0.2588190451029806,34,,
275,sun,SimSenS,2008-08-28 17:30:02,63000,,,,0.13052619221957976,35,,
276,sun,SimSenS,2008-08-28 18:00:02,64800,,,,3.061616997868383e-16,36,,
277,sun,SimSenS,2008-08-28 18:30:02,66600,,,,0.0,37,,
278,sun,SimSenS,2008-08-28 19:00:02,68400,,,,0.0,38,,
279,sun,SimSenS,2008-08-28 19:30:02,70200,,,,0.0,39,,
280,sun,SimSenS,2008-08-28 20:00:02,72000,,,,0.0,40,,
281,sun,SimSenS,2008-08-28 20:30:02,73800,,,,0.0,41,,
282,sun,SimSenS,2008-08-28 21:00:02,75600,,,,0.0,42,,
283,sun,SimSenS,2008-08-28 21:30:02,77400,,,,0.0,43,,
284,sun,SimSenS,2008-08-28 22:00:02,79200,,,,0.0,44,,
285,sun,SimSenS,2008-08-28 22:30:02,81000,,,,0.0,45,,
286,sun,SimSenS,2008-08-28 23:00:02,82800,,,,0.0,46,,
287,sun,SimSenS,2008-08-28 23:30:02,84600,,,,0.0,47,,
288,sun,SimSenS,2008-08-29 00:00:02,0,,,,0.0,0,,
289,sun,SimSenS,2008-08-29 00:30:02,1800,,,,0.0,1,,
290,sun,SimSenS,2008-08-29 01:00:02,3600,,,,0.0,2,,
291,sun,SimSenS,2008-08-29 01:30:02,5400,,,,0.0,3,,
292,sun,SimSenS,2008-08-29 02:00:02,7200,,,,0.0,4,,
293,sun,SimSenS,2008-08-29 02:30:02,9000,,,,0.0,5,,
294,sun,SimSenS,2008-08-29 03:00:02,10800,,,,0.0,6,,
295,sun,SimSenS,2008-08-29 03:30:02,12600,,,,0.0,7,,
296,sun,SimSenS,2008-08-29 04:00:02,14400,,,,0.0,8,,
297,sun,SimSenS,2008-08-29 04:30:02,16200,,,,0.0,9,,
298,sun,SimSenS,2008-08-29 05:00:02,18000,,,,0.0,10,,
299,sun,SimSenS,2008-08-29 05:30:02,19800,,,,0.0,11,,
300,sun,SimSenS,2008-08-29 06:00:02,21600,,,,0.0,12,,
301,sun,SimSenS,2008-08-29 06:30:02,23400,,,,0.13052619221957926,13,,
302,sun,SimSenS,2008-08-29 07:00:02,25200,,,,0.25881904510298015,14,,
303,sun,SimSenS,2008-08-29 07:30:02,27000,,,,0.38268343236509,15,,
304,sun,SimSenS,2008-08-29 08:00:02,28800,,,,0.4999999999995878,16,,
305,sun,SimSenS,2008-08-29 08:30:02,30600,,,,0.6087614290090982,17,,
306,sun,SimSenS,2008-08-29 09:00:02,32400,,,,0.7071067811865474,18,,
307,sun,SimSenS,2008-08-29 09:30:02,34200,,,,0.7933533402909452,19,,
308,sun,SimSenS,2008-08-29 10:00:02,36000,,,,0.8660254037846764,20,,
309,sun,SimSenS,2008-08-29 10:30:02,37800,,,,0.9238795325112865,21,,
310,sun,SimSenS,2008-08-29 11:00:02,39600,,,,0.9659258262889451,22,,
311,sun,SimSenS,2008-08-29 11:30:02,41400,,,,0.9914448613738726,23,,
312,sun,SimSenS,2008-08-29 12:00:02,43200,,,,1.0,24,,
313,sun,SimSenS,2008-08-29 12:30:02,45000,,,,0.9914448613738726,25,,
314,sun,SimSenS,2008-08-29 13:00:02,46800,,,,0.9659258262889452,26,,
315,sun,SimSenS,2008-08-29 13:30:02,48600,,,,0.9238795325112867,27,,
316,sun,SimSenS,2008-08-29 14:00:02,50400,,,,0.8660254037846766,28,,
317,sun,SimSenS,2008-08-29 14:30:02,52200,,,,0.7933533402909454,29,,
318,sun,SimSenS,2008-08-29 15:00:02,54000,,,,0.7071067811865477,30,,
319,sun,SimSenS,2008-08-29 15:30:02,55800,,,,0.6087614290090987,31,,
320,sun,SimSenS,2008-08-29 16:00:02,57600,,,,0.4999999999995882,32,,
321,sun,SimSenS,2008-08-29 16:30:02,59400,,,,0.38268343236509045,33,,
322,sun,SimSenS,2008-08-29 17:00:02,61200,,,,0.2588190451029806,34,,
323,sun,SimSenS,2008-08-29 17:30:02,63000,,,,0.13052619221957976,35,,
324,sun,SimSenS,2008-08-29 18:00:02,64800,,,,3.061616997868383e-16,36,,
325,sun,SimSenS,2008-08-29 18:30:02,66600,,,,0.0,37,,
326,sun,SimSenS,2008-08-29 19:00:02,68400,,,,0.0,38,,
327,sun,SimSenS,2008-08-29 19:30:02,70200,,,,0.0,39,,
328,sun,SimSenS,2008-08-29 20:00:02,72000,,,,0.0,40,,
329,sun,SimSenS,2008-08-29 20:30:02,73800,,,,0.0,41,,
330,sun,SimSenS,2008-08-29 21:00:02,75600,,,,0.0,42,,
331,sun,SimSenS,2008-08-29 21:30:02,77400,,,,0.0,43,,
332,sun,SimSenS,2008-08-29 22:00:02,79200,,,,0.0,44,,
333,sun,SimSenS,2008-08-29 22:30:02,81000,,,,0.0,45,,
334,sun,SimSenS,2008-08-29 23:00:02,82800,,,,0.0,46,,
335,sun,SimSenS,2008-08-29 23:30:02,84600,,,,0.0,47,,
336,sun,SimSenS,2008-08-30 00:00:02,0,,,,0.0,0,,
337,sun,SimSenS,2008-08-30 00:30:02,1800,,,,0.0,1,,
338,sun,SimSenS,2008-08-30 01:00:02,3600,,,,0.0,2,,
339,sun,SimSenS,2008-08-30 01:30:02,5400,,,,0.0,3,,
340,sun,SimSenS,2008-08-30 02:00:02,7200,,,,0.0,4,,
341,sun,SimSenS,2008-08-30 02:30:02,9000,,,,0.0,5,,
342,sun,SimSenS,2008-08-30 03:00:02,10800,,,,0.0,6,,
343,sun,SimSenS,2008-08-30 03:30:02,12600,,,,0.0,7,,
344,sun,SimSenS,2008-08-30 04:00:02,14400,,,,0.0,8,,
345,sun,SimSenS,2008-08-30 04:30:02,16200,,,,0.0,9,,
346,sun,SimSenS,2008-08-30 05:00:02,18000,,,,0.0,10,,
347,sun,SimSenS,2008-08-30 05:30:02,19800,,,,0.0,11,,
348,sun,SimSenS,2008-08-30 06:00:02,21600,,,,0.0,12,,
349,sun,SimSenS,2008-08-30 06:30:02,23400,,,,0.13052619221957926,13,,
350,sun,SimSenS,2008-08-30 07:00:02,25200,,,,0.25881904510298015,14,,
351,sun,SimSenS,2008-08-30 07:30:02,27000,,,,0.38268343236509,15,,
352,sun,SimSenS,2008-08-30 08:00:02,28800,,,,0.4999999999995878,16,,
353,sun,SimSenS,2008-08-30 08:30:02,30600,,,,0.6087614290090982,17,,
354,sun,SimSenS,2008-08-30 09:00:02,32400,,,,0.7071067811865474,18,,
355,sun,SimSenS,2008-08-30 09:30:02,34200,,,,0.7933533402909452,19,,
356,sun,SimSenS,2008-08-30 10:00:02,36000,,,,0.8660254037846764,20,,
357,sun,SimSenS,2008-08-30 10:30:02,37800,,,,0.9238795325112865,21,,
358,sun,SimSenS,2008-08-30 11:00:02,39600,,,,0.9659258262889451,22,,
359,sun,SimSenS,2008-08-30 11:30:02,41400,,,,0.9914448613738726,23,,
360,sun,SimSenS,2008-08-30 12:00:02,43200,,,,1.0,24,,
361,sun,SimSenS,2008-08-30 12:30:02,45000,,,,0.9914448613738726,25,,
362,sun,SimSenS,2008-08-30 13:00:02,46800,,,,0.9659258262889452,26,,
363,sun,SimSenS,2008-08-30 13:30:02,48600,,,,0.9238795325112867,27,,
364,sun,SimSenS,2008-08-30 14:00:02,50400,,,,0.8660254037846766,28,,
365,sun,SimSenS,2008-08-30 14:30:02,52200,,,,0.7933533402909454,29,,
366,sun,SimSenS,2008-08-30 15:00:02,54000,,,,0.7071067811865477,30,,
367,sun,SimSenS,2008-08-30 15:30:02,55800,,,,0.6087614290090987,31,,
368,sun,SimSenS,2008-08-30 16:00:02,57600,,,,0.4999999999995882,32,,
369,sun,SimSenS,2008-08-30 16:30:02,59400,,,,0.38268343236509045,33,,
370,sun,SimSenS,2008-08-30 17:00:02,61200,,,,0.2588190451029806,34,,
371,sun,SimSenS,2008-08-30 17:30:02,63000,,,,0.13052619221957976,35,,
372,sun,SimSenS,2008-08-30 18:00:02,64800,,,,3.061616997868383e-16,36,,
373,sun,SimSenS,2008-08-30 18:30:02,66600,,,,0.0,37,,
374,sun,SimSenS,2008-08-30 19:00:02,68400,,,,0.0,38,,
375,sun,SimSenS,2008-08-30 19:30:02,70200,,,,0.0,39,,
376,sun,SimSenS,2008-08-30 20:00:02,72000,,,,0.0,40,,
377,sun,SimSenS,2008-08-30 20:30:02,73800,,,,0.0,41,,
378,sun,SimSenS,2008-08-30 21:00:02,75600,,,,0.0,42,,
379,sun,SimSenS,2008-08-30 21:30:02,77400,,,,0.0,43,,
380,sun,SimSenS,2008-08-30 22:00:02,79200,,,,0.0,44,,
381,sun,SimSenS,2008-08-30 22:30:02,81000,,,,0.0,45,,
382,sun,SimSenS,2008-08-30 23:00:02,82800,,,,0.0,46,,
383,sun,SimSenS,2008-08-30 23:30:02,84600,,,,0.0,47,,
384,sun,SimSenS,2008-08-31 00:00:02,0,,,,0.0,0,,
385,sun,SimSenS,2008-08-31 00:30:02,1800,,,,0.0,1,,
386,sun,SimSenS,2008-08-31 01:00:02,3600,,,,0.0,2,,
387,sun,SimSenS,2008-08-31 01:30:02,5400,,,,0.0,3,,
388,sun,SimSenS,2008-08-31 02:00:02,7200,,,,0.0,4,,
389,sun,SimSenS,2008-08-31 02:30:02,9000,,,,0.0,5,,
390,sun,SimSenS,2008-08-31 03:00:02,10800,,,,0.0,6,,
391,sun,SimSenS,2008-08-31 03:30:02,12600,,,,0.0,7,,
392,sun,SimSenS,2008-08-31 04:00:02,14400,,,,0.0,8,,
393,sun,SimSenS,2008-08-31 04:30:02,16200,,,,0.0,9,,
394,sun,SimSenS,2008-08-31 05:00:02,18000,,,,0.0,10,,
395,sun,SimSenS,2008-08-31 05:30:02,19800,,,,0.0,11,,
396,sun,SimSenS,2008-08-31 06:00:02,21600,,,,0.0,12,,
397,sun,SimSenS,2008-08-31 06:30:02,23400,,,,0.13052619221957926,13,,
398,sun,SimSenS,2008-08-31 07:00:02,25200,,,,0.25881904510298015,14,,
399,sun,SimSenS,2008-08-31 07:30:02,27000,,,,0.38268343236509,15,,
400,sun,SimSenS,2008-08-31 08:00:02,28800,,,,0.4999999999995878,16,,
401,sun,SimSenS,2008-08-31 08:30:02,30600,,,,0.6087614290090982,17,,
402,sun,SimSenS,2008-08-31 09:00:02,32400,,,,0.7071067811865474,18,,
403,sun,SimSenS,2008-08-31 09:30:02,34200,,,,0.7933533402909452,19,,
404,sun,SimSenS,2008-08-31 10:00:02,36000,,,,0.8660254037846764,20,,
405,sun,SimSenS,2008-08-31 10:30:02,37800,,,,0.9238795325112865,21,,
406,sun,SimSenS,2008-08-31 11:00:02,39600,,,,0.9659258262889451,22,,
407,sun,SimSenS,2008-08-31 11:30:02,41400,,,,0.9914448613738726,23,,
408,sun,SimSenS,2008-08-31 12:00:02,43200,,,,1.0,24,,
409,sun,SimSenS,2008-08-31 12:30:02,45000,,,,0.9914448613738726,25,,
410,sun,SimSenS,2008-08-31 13:00:02,46800,,,,0.9659258262889452,26,,
411,sun,SimSenS,2008-08-31 13:30:02,48600,,,,0.9238795325112867,27,,
412,sun,SimSenS,2008-08-31 14:00:02,50400,,,,0.8660254037846766,28,,
413,sun,SimSenS,2008-08-31 14:30:02,52200,,,,0.7933533402909454,29,,
414,sun,SimSenS,2008-08-31 15:00:02,54000,,,,0.7071067811865477,30,,
415,sun,SimSenS,2008-08-31 15:30:02,55800,,,,0.6087614290090987,31,,
416,sun,SimSenS,2008-08-31 16:00:02,57600,,,,0.4999999999995882,32,,
417,sun,SimSenS,2008-08-31 16:30:02,59400,,,,0.38268343236509045,33,,
418,sun,SimSenS,2008-08-31 17:00:02,61200,,,,0.2588190451029806,34,,
419,sun,SimSenS,2008-08-31 17:30:02,63000,,,,0.13052619221957976,35,,
420,sun,SimSenS,2008-08-31 18:00:02,64800,,,,3.061616997868383e-16,36,,
421,sun,SimSenS,2008-08-31 18:30:02,66600,,,,0.0,37,,
422,sun,SimSenS,2008-08-31 19:00:02,68400,,,,0.0,38,,
423,sun,SimSenS,2008-08-31 19:30:02,70200,,,,0.0,39,,
424,sun,SimSenS,2008-08-31 20:00:02,72000,,,,0.0,40,,
425,sun,SimSenS,2008-08-31 20:30:02,73800,,,,0.0,41,,
426,sun,SimSenS,2008-08-31 21:00:02,75600,,,,0.0,42,,
427,sun,SimSenS,2008-08-31 21:30:02,77400,,,,0.0,43,,
428,sun,SimSenS,2008-08-31 22:00:02,79200,,,,0.0,44,,
429,sun,SimSenS,2008-08-31 22:30:02,81000,,,,0.0,45,,
430,sun,SimSenS,2008-08-31 23:00:02,82800,,,,0.0,46,,
431,sun,SimSenS,2008-08-31 23:30:02,84600,,,,0.0,47,,
432,sun,SimSenS,2008-09-01 00:00:02,0,,,,0.0,0,,
433,sun,SimSenS,2008-09-01 00:30:02,1800,,,,0.0,1,,
434,sun,SimSenS,2008-09-01 01:00:02,3600,,,,0.0,2,,
435,sun,SimSenS,2008-09-01 01:30:02,5400,,,,0.0,3,,
436,sun,SimSenS,2008-09-01 02:00:02,7200,,,,0.0,4,,
437,sun,SimSenS,2008-09-01 02:30:02,9000,,,,0.0,5,,
438,sun,SimSenS,2008-09-01 03:00:02,10800,,,,0.0,6,,
439,sun,SimSenS,2008-09-01 03:30:02,12600,,,,0.0,7,,
440,sun,SimSenS,2008-09-01 04:00:02,14400,,,,0.0,8,,
441,sun,SimSenS,2008-09-01 04:30:02,16200,,,,0.0,9,,
442,sun,SimSenS,2008-09-01 05:00:02,18000,,,,0.0,10,,
443,sun,SimSenS,2008-09-01 05:30:02,19800,,,,0.0,11,,
444,sun,SimSenS,2008-09-01 06:00:02,21600,,,,0.0,12,,
445,sun,SimSenS,2008-09-01 06:30:02,23400,,,,0.13052619221957926,13,,
446,sun,SimSenS,2008-09-01 07:00:02,25200,,,,0.25881904510298015,14,,
447,sun,SimSenS,2008-09-01 07:30:02,27000,,,,0.38268343236509,15,,
448,sun,SimSenS,2008-09-01 08:00:02,28800,,,,0.4999999999995878,16,,
449,sun,SimSenS,2008-09-01 08:30:02,30600,,,,0.6087614290090982,17,,
450,sun,SimSenS,2008-09-01 09:00:02,32400,,,,0.7071067811865474,18,,
451,sun,SimSenS,2008-09-01 09:30:02,34200,,,,0.7933533402909452,19,,
452,sun,SimSenS,2008-09-01 10:00:02,36000,,,,0.8660254037846764,20,,
453,sun,SimSenS,2008-09-01 10:30:02,37800,,,,0.9238795325112865,21,,
454,sun,SimSenS,2008-09-01 11:00:02,39600,,,,0.9659258262889451,22,,
455,sun,SimSenS,2008-09-01 11:30:02,41400,,,,0.9914448613738726,23,,
456,sun,SimSenS,2008-09-01 12:00:02,43200,,,,1.0,24,,
457,sun,SimSenS,2008-09-01 12:30:02,45000,,,,0.9914448613738726,25,,
458,sun,SimSenS,2008-09-01 13:00:02,46800,,,,0.9659258262889452,26,,
459,sun,SimSenS,2008-09-01 13:30:02,48600,,,,0.9238795325112867,27,,
460,sun,SimSenS,2008-09-01 14:00:02,50400,,,,0.8660254037846766,28,,
461,sun,SimSenS,2008-09-01 14:30:02,52200,,,,0.7933533402909454,29,,
462,sun,SimSenS,2008-09-01 15:00:02,54000,,,,0.7071067811865477,30,,
463,sun,SimSenS,2008-09-01 15:30:02,55800,,,,0.6087614290090987,31,,
464,sun,SimSenS,2008-09-01 16:00:02,57600,,,,0.4999999999995882,32,,
465,sun,SimSenS,2008-09-01 16:30:02,59400,,,,0.38268343236509045,33,,
466,sun,SimSenS,2008-09-01 17:00:02,61200,,,,0.2588190451029806,34,,
467,sun,SimSenS,2008-09-01 17:30:02,63000,,,,0.13052619221957976,35,,
468,sun,SimSenS,2008-09-01 18:00:02,64800,,,,3.061616997868383e-16,36,,
469,sun,SimSenS,2008-09-01 18:30:02,66600,,,,0.0,37,,
470,sun,SimSenS,2008-09-01 19:00:02,68400,,,,0.0,38,,
471,sun,SimSenS,2008-09-01 19:30:02,70200,,,,0.0,39,,
472,sun,SimSenS,2008-09-01 20:00:02,72000,,,,0.0,40,,
473,sun,SimSenS,2008-09-01 20:30:02,73800,,,,0.0,41,,
474,sun,SimSenS,2008-09-01 21:00:02,75600,,,,0.0,42,,
475,sun,SimSenS,2008-09-01 21:30:02,77400,,,,0.0,43,,
476,sun,SimSenS,2008-09-01 22:00:02,79200,,,,0.0,44,,
477,sun,SimSenS,2008-09-01 22:30:02,81000,,,,0.0,45,,
478,sun,SimSenS,2008-09-01 23:00:02,82800,,,,0.0,46,,
479,sun,SimSenS,2008-09-01 23:30:02,84600,,,,0.0,47,,
480,sun,SimSenS,2008-09-02 00:00:02,0,,,,0.0,0,,
481,sun,SimSenS,2008-09-02 00:30:02,1800,,,,0.0,1,,
482,sun,SimSenS,2008-09-02 01:00:02,3600,,,,0.0,2,,
483,sun,SimSenS,2008-09-02 01:30:02,5400,,,,0.0,3,,
484,sun,SimSenS,2008-09-02 02:00:02,7200,,,,0.0,4,,
485,sun,SimSenS,2008-09-02 02:30:02,9000,,,,0.0,5,,
486,sun,SimSenS,2008-09-02 03:00:02,10800,,,,0.0,6,,
487,sun,SimSenS,2008-09-02 03:30:02,12600,,,,0.0,7,,
488,sun,SimSenS,2008-09-02 04:00:02,14400,,,,0.0,8,,
489,sun,SimSenS,2008-09-02 04:30:02,16200,,,,0.0,9,,
490,sun,SimSenS,2008-09-02 05:00:02,18000,,,,0.0,10,,
491,sun,SimSenS,2008-09-02 05:30:02,19800,,,,0.0,11,,
492,sun,SimSenS,2008-09-02 06:00:02,21600,,,,0.0,12,,
493,sun,SimSenS,2008-09-02 06:30:02,23400,,,,0.13052619221957926,13,,
494,sun,SimSenS,2008-09-02 07:00:02,25200,,,,0.25881904510298015,14,,
495,sun,SimSenS,2008-09-02 07:30:02,27000,,,,0.38268343236509,15,,
496,sun,SimSenS,2008-09-02 08:00:02,28800,,,,0.4999999999995878,16,,
497,sun,SimSenS,2008-09-02 08:30:02,30600,,,,0.6087614290090982,17,,
498,sun,SimSenS,2008-09-02 09:00:02,32400,,,,0.7071067811865474,18,,
499,sun,SimSenS,2008-09-02 09:30:02,34200,,,,0.7933533402909452,19,,
500,sun,SimSenS,2008-09-02 10:00:02,36000,,,,0.8660254037846764,20,,
501,sun,SimSenS,2008-09-02 10:30:02,37800,,,,0.9238795325112865,21,,
502,sun,SimSenS,2008-09-02 11:00:02,39600,,,,0.9659258262889451,22,,
503,sun,SimSenS,2008-09-02 11:30:02,41400,,,,0.9914448613738726,23,,
504,sun,SimSenS,2008-09-02 12:00:02,43200,,,,1.0,24,,
505,sun,SimSenS,2008-09-02 12:30:02,45000,,,,0.9914448613738726,25,,
506,sun,SimSenS,2008-09-02 13:00:02,46800,,,,0.9659258262889452,26,,
507,sun,SimSenS,2008-09-02 13:30:02,48600,,,,0.9238795325112867,27,,
508,sun,SimSenS,2008-09-02 14:00:02,50400,,,,0.8660254037846766,28,,
509,sun,SimSenS,2008-09-02 14:30:02,52200,,,,0.7933533402909454,29,,
510,sun,SimSenS,2008-09-02 15:00:02,54000,,,,0.7071067811865477,30,,
511,sun,SimSenS,2008-09-02 15:30:02,55800,,,,0.6087614290090987,31,,
512,sun,SimSenS,2008-09-02 16:00:02,57600,,,,0.4999999999995882,32,,
513,sun,SimSenS,2008-09-02 16:30:02,59400,,,,0.38268343236509045,33,,
514,sun,SimSenS,2008-09-02 17:00:02,61200,,,,0.2588190451029806,34,,
515,sun,SimSenS,2008-09-02 17:30:02,63000,,,,0.13052619221957976,35,,
516,sun,SimSenS,2008-09-02 18:00:02,64800,,,,3.061616997868383e-16,36,,
517,sun,SimSenS,2008-09-02 18:30:02,66600,,,,0.0,37,,
518,sun,SimSenS,2008-09-02 19:00:02,68400,,,,0.0,38,,
519,sun,SimSenS,2008-09-02 19:30:02,70200,,,,0.0,39,,
520,sun,SimSenS,2008-09-02 20:00:02,72000,,,,0.0,40,,
521,sun,SimSenS,2008-09-02 20:30:02,73800,,,,0.0,41,,
522,sun,SimSenS,2008-09-02 21:00:02,75600,,,,0.0,42,,
523,sun,SimSenS,2008-09-02 21:30:02,77400,,,,0.0,43,,
524,sun,SimSenS,2008-09-02 22:00:02,79200,,,,0.0,44,,
525,sun,SimSenS,2008-09-02 22:30:02,81000,,,,0.0,45,,
526,sun,SimSenS,2008-09-02 23:00:02,82800,,,,0.0,46,,
527,sun,SimSenS,2008-09-02 23:30:02,84600,,,,0.0,47,,
528,sun,SimSenS,2008-09-03 00:00:02,0,,,,0.0,0,,
529,sun,SimSenS,2008-09-03 00:30:02,1800,,,,0.0,1,,
530,sun,SimSenS,2008-09-03 01:00:02,3600,,,,0.0,2,,
531,sun,SimSenS,2008-09-03 01:30:02,5400,,,,0.0,3,,
532,sun,SimSenS,2008-09-03 02:00:02,7200,,,,0.0,4,,
533,sun,SimSenS,2008-09-03 02:30:02,9000,,,,0.0,5,,
534,sun,SimSenS,2008-09-03 03:00:02,10800,,,,0.0,6,,
535,sun,SimSenS,2008-09-03 03:30:02,12600,,,,0.0,7,,
536,sun,SimSenS,2008-09-03 04:00:02,14400,,,,0.0,8,,
537,sun,SimSenS,2008-09-03 04:30:02,16200,,,,0.0,9,,
538,sun,SimSenS,2008-09-03 05:00:02,18000,,,,0.0,10,,
539,sun,SimSenS,2008-09-03 05:30:02,19800,,,,0.0,11,,
540,sun,SimSenS,2008-09-03 06:00:02,21600,,,,0.0,12,,
541,sun,SimSenS,2008-09-03 06:30:02,23400,,,,0.13052619221957926,13,,
542,sun,SimSenS,2008-09-03 07:00:02,25200,,,,0.25881904510298015,14,,
543,sun,SimSenS,2008-09-03 07:30:02,27000,,,,0.38268343236509,15,,
544,sun,SimSenS,2008-09-03 08:00:02,28800,,,,0.4999999999995878,16,,
545,sun,SimSenS,2008-09-03 08:30:02,30600,,,,0.6087614290090982,17,,
546,sun,SimSenS,2008-09-03 09:00:02,32400,,,,0.7071067811865474,18,,
547,sun,SimSenS,2008-09-03 09:30:02,34200,,,,0.7933533402909452,19,,
548,sun,SimSenS,2008-09-03 10:00:02,36000,,,,0.8660254037846764,20,,
549,sun,SimSenS,2008-09-03 10:30:02,37800,,,,0.9238795325112865,21,,
550,sun,SimSenS,2008-09-03 11:00:02,39600,,,,0.9659258262889451,22,,
551,sun,SimSenS,2008-09-03 11:30:02,41400,,,,0.9914448613738726,23,,
552,sun,SimSenS,2008-09-03 12:00:02,43200,,,,1.0,24,,
553,sun,SimSenS,2008-09-03 12:30:02,45000,,,,0.9914448613738726,25,,
554,sun,SimSenS,2008-09-03 13:00:02,46800,,,,0.9659258262889452,26,,
555,sun,SimSenS,2008-09-03 13:30:02,48600,,,,0.9238795325112867,27,,
556,sun,SimSenS,2008-09-03 14:00:02,50400,,,,0.8660254037846766,28,,
557,sun,SimSenS,2008-09-03 14:30:02,52200,,,,0.7933533402909454,29,,
558,sun,SimSenS,2008-09-03 15:00:02,54000,,,,0.7071067811865477,30,,
559,sun,SimSenS,2008-09-03 15:30:02,55800,,,,0.6087614290090987,31,,
560,sun,SimSenS,2008-09-03 16:00:02,57600,,,,0.4999999999995882,32,,
561,sun,SimSenS,2008-09-03 16:30:02,59400,,,,0.38268343236509045,33,,
562,sun,SimSenS,2008-09-03 17:00:02,61200,,,,0.2588190451029806,34,,
563,sun,SimSenS,2008-09-03 17:30:02,63000,,,,0.13052619221957976,35,,
564,sun,SimSenS,2008-09-03 18:00:02,64800,,,,3.061616997868383e-16,36,,
565,sun,SimSenS,2008-09-03 18:30:02,66600,,,,0.0,37,,
566,sun,SimSenS,2008-09-03 19:00:02,68400,,,,0.0,38,,
567,sun,SimSenS,2008-09-03 19:30:02,70200,,,,0.0,39,,
568,sun,SimSenS,2008-09-03 20:00:02,72000,,,,0.0,40,,
569,sun,SimSenS,2008-09-03 20:30:02,73800,,,,0.0,41,,
570,sun,SimSenS,2008-09-03 21:00:02,75600,,,,0.0,42,,
571,sun,SimSenS,2008-09-03 21:30:02,77400,,,,0.0,43,,
572,sun,SimSenS,2008-09-03 22:00:02,79200,,,,0.0,44,,
573,sun,SimSenS,2008-09-03 22:30:02,81000,,,,0.0,45,,
574,sun,SimSenS,2008-09-03 23:00:02,82800,,,,0.0,46,,
575,sun,SimSenS,2008-09-03 23:30:02,84600,,,,0.0,47,,
576,sun,SimSenS,2008-09-04 00:00:02,0,,,,0.0,0,,
577,sun,SimSenS,2008-09-04 00:30:02,1800,,,,0.0,1,,
578,sun,SimSenS,2008-09-04 01:00:02,3600,,,,0.0,2,,
579,sun,SimSenS,2008-09-04 01:30:02,5400,,,,0.0,3,,
580,sun,SimSenS,2008-09-04 02:00:02,7200,,,,0.0,4,,
581,sun,SimSenS,2008-09-04 02:30:02,9000,,,,0.0,5,,
582,sun,SimSenS,2008-09-04 03:00:02,10800,,,,0.0,6,,
583,sun,SimSenS,2008-09-04 03:30:02,12600,,,,0.0,7,,
584,sun,SimSenS,2008-09-04 04:00:02,14400,,,,0.0,8,,
585,sun,SimSenS,2008-09-04 04:30:02,16200,,,,0.0,9,,
586,sun,SimSenS,2008-09-04 05:00:02,18000,,,,0.0,10,,
587,sun,SimSenS,2008-09-04 05:30:02,19800,,,,0.0,11,,
588,sun,SimSenS,2008-09-04 06:00:02,21600,,,,0.0,12,,
589,sun,SimSenS,2008-09-04 06:30:02,23400,,,,0.13052619221957926,13,,
590,sun,SimSenS,2008-09-04 07:00:02,25200,,,,0.25881904510298015,14,,
591,sun,SimSenS,2008-09-04 07:30:02,27000,,,,0.38268343236509,15,,
592,sun,SimSenS,2008-09-04 08:00:02,28800,,,,0.4999999999995878,16,,
593,sun,SimSenS,2008-09-04 08:30:02,30600,,,,0.6087614290090982,17,,
594,sun,SimSenS,2008-09-04 09:00:02,32400,,,,0.7071067811865474,18,,
595,sun,SimSenS,2008-09-04 09:30:02,34200,,,,0.7933533402909452,19,,
596,sun,SimSenS,2008-09-04 10:00:02,36000,,,,0.8660254037846764,20,,
597,sun,SimSenS,2008-09-04 10:30:02,37800,,,,0.9238795325112865,21,,
598,sun,SimSenS,2008-09-04 11:00:02,39600,,,,0.9659258262889451,22,,
599,sun,SimSenS,2008-09-04 11:30:02,41400,,,,0.9914448613738726,23,,
600,sun,SimSenS,2008-09-04 12:00:02,43200,,,,1.0,24,,
601,sun,SimSenS,2008-09-04 12:30:02,45000,,,,0.9914448613738726,25,,
602,sun,SimSenS,2008-09-04 13:00:02,46800,,,,0.9659258262889452,26,,
603,sun,SimSenS,2008-09-04 13:30:02,48600,,,,0.9238795325112867,27,,
604,sun,SimSenS,2008-09-04 14:00:02,50400,,,,0.8660254037846766,28,,
605,sun,SimSenS,2008-09-04 14:30:02,52200,,,,0.7933533402909454,29,,
606,sun,SimSenS,2008-09-04 15:00:02,54000,,,,0.7071067811865477,30,,
607,sun,SimSenS,2008-09-04 15:30:02,55800,,,,0.6087614290090987,31,,
608,sun,SimSenS,2008-09-04 16:00:02,57600,,,,0.4999999999995882,32,,
609,sun,SimSenS,2008-09-04 16:30:02,59400,,,,0.38268343236509045,33,,
610,sun,SimSenS,2008-09-04 17:00:02,61200,,,,0.2588190451029806,34,,
611,sun,SimSenS,2008-09-04 17:30:02,63000,,,,0.13052619221957976,35,,
612,sun,SimSenS,2008-09-04 18:00:02,64800,,,,3.061616997868383e-16,36,,
613,sun,SimSenS,2008-09-04 18:30:02,66600,,,,0.0,37,,
614,sun,SimSenS,2008-09-04 19:00:02,68400,,,,0.0,38,,
615,sun,SimSenS,2008-09-04 19:30:02,70200,,,,0.0,39,,
616,sun,SimSenS,2008-09-04 20:00:02,72000,,,,0.0,40,,
617,sun,SimSenS,2008-09-04 20:30:02,73800,,,,0.0,41,,
618,sun,SimSenS,2008-09-04 21:00:02,75600,,,,0.0,42,,
619,sun,SimSenS,2008-09-04 21:30:02,77400,,,,0.0,43,,
620,sun,SimSenS,2008-09-04 22:00:02,79200,,,,0.0,44,,
621,sun,SimSenS,2008-09-04 22:30:02,81000,,,,0.0,45,,
622,sun,SimSenS,2008-09-04 23:00:02,82800,,,,0.0,46,,
623,sun,SimSenS,2008-09-04 23:30:02,84600,,,,0.0,47,,
624,sun,SimSenS,2008-09-05 00:00:02,0,,,,0.0,0,,
625,sun,SimSenS,2008-09-05 00:30:02,1800,,,,0.0,1,,
626,sun,SimSenS,2008-09-05 01:00:02,3600,,,,0.0,2,,
627,sun,SimSenS,2008-09-05 01:30:02,5400,,,,0.0,3,,
628,sun,SimSenS,2008-09-05 02:00:02,7200,,,,0.0,4,,
629,sun,SimSenS,2008-09-05 02:30:02,9000,,,,0.0,5,,
630,sun,SimSenS,2008-09-05 03:00:02,10800,,,,0.0,6,,
631,sun,SimSenS,2008-09-05 03:30:02,12600,,,,0.0,7,,
632,sun,SimSenS,2008-09-05 04:00:02,14400,,,,0.0,8,,
633,sun,SimSenS,2008-09-05 04:30:02,16200,,,,0.0,9,,
634,sun,SimSenS,2008-09-05 05:00:02,18000,,,,0.0,10,,
635,sun,SimSenS,2008-09-05 05:30:02,19800,,,,0.0,11,,
636,sun,SimSenS,2008-09-05 06:00:02,21600,,,,0.0,12,,
637,sun,SimSenS,2008-09-05 06:30:02,23400,,,,0.13052619221957926,13,,
638,sun,SimSenS,2008-09-05 07:00:02,25200,,,,0.25881904510298015,14,,
639,sun,SimSenS,2008-09-05 07:30:02,27000,,,,0.38268343236509,15,,
640,sun,SimSenS,2008-09-05 08:00:02,28800,,,,0.4999999999995878,16,,
641,sun,SimSenS,2008-09-05 08:30:02,30600,,,,0.6087614290090982,17,,
642,sun,SimSenS,2008-09-05 09:00:02,32400,,,,0.7071067811865474,18,,
643,sun,SimSenS,2008-09-05 09:30:02,34200,,,,0.7933533402909452,19,,
644,sun,SimSenS,2008-09-05 10:00:02,36000,,,,0.8660254037846764,20,,
645,sun,SimSenS,2008-09-05 10:30:02,37800,,,,0.9238795325112865,21,,
646,sun,SimSenS,2008-09-05 11:00:02,39600,,,,0.9659258262889451,22,,
647,sun,SimSenS,2008-09-05 11:30:02,41400,,,,0.9914448613738726,23,,
648,sun,SimSenS,2008-09-05 12:00:02,43200,,,,1.0,24,,
649,sun,SimSenS,2008-09-05 12:30:02,45000,,,,0.9914448613738726,25,,
650,sun,SimSenS,2008-09-05 13:00:02,46800,,,,0.9659258262889452,26,,
651,sun,SimSenS,2008-09-05 13:30:02,48600,,,,0.9238795325112867,27,,
652,sun,SimSenS,2008-09-05 14:00:02,50400,,,,0.8660254037846766,28,,
653,sun,SimSenS,2008-09-05 14:30:02,52200,,,,0.7933533402909454,29,,
654,sun,SimSenS,2008-09-05 15:00:02,54000,,,,0.7071067811865477,30,,
655,sun,SimSenS,2008-09-05 15:30:02,55800,,,,0.6087614290090987,31,,
656,sun,SimSenS,2008-09-05 16:00:02,57600,,,,0.4999999999995882,32,,
657,sun,SimSenS,2008-09-05 16:30:02,59400,,,,0.38268343236509045,33,,
658,sun,SimSenS,2008-09-05 17:00:02,61200,,,,0.2588190451029806,34,,
659,sun,SimSenS,2008-09-05 17:30:02,63000,,,,0.13052619221957976,35,,
660,sun,SimSenS,2008-09-05 18:00:02,64800,,,,3.061616997868383e-16,36,,
661,sun,SimSenS,2008-09-05 18:30:02,66600,,,,0.0,37,,
662,sun,SimSenS,2008-09-05 19:00:02,68400,,,,0.0,38,,
663,sun,SimSenS,2008-09-05 19:30:02,70200,,,,0.0,39,,
664,sun,SimSenS,2008-09-05 20:00:02,72000,,,,0.0,40,,
665,sun,SimSenS,2008-09-05 20:30:02,73800,,,,0.0,41,,
666,sun,SimSenS,2008-09-05 21:00:02,75600,,,,0.0,42,,
667,sun,SimSenS,2008-09-05 21:30:02,77400,,,,0.0,43,,
668,sun,SimSenS,2008-09-05 22:00:02,79200,,,,0.0,44,,
669,sun,SimSenS,2008-09-05 22:30:02,81000,,,,0.0,45,,
670,sun,SimSenS,2008-09-05 23:00:02,82800,,,,0.0,46,,
671,sun,SimSenS,2008-09-05 23:30:02,84600,,,,0.0,47,,
672,sun,SimSenS,2008-09-06 00:00:02,0,,,,0.0,0,,
673,sun,SimSenS,2008-09-06 00:30:02,1800,,,,0.0,1,,
674,sun,SimSenS,2008-09-06 01:00:02,3600,,,,0.0,2,,
675,sun,SimSenS,2008-09-06 01:30:02,5400,,,,0.0,3,,
676,sun,SimSenS,2008-09-06 02:00:02,7200,,,,0.0,4,,
677,sun,SimSenS,2008-09-06 02:30:02,9000,,,,0.0,5,,
678,sun,SimSenS,2008-09-06 03:00:02,10800,,,,0.0,6,,
679,sun,SimSenS,2008-09-06 03:30:02,12600,,,,0.0,7,,
680,sun,SimSenS,2008-09-06 04:00:02,14400,,,,0.0,8,,
681,sun,SimSenS,2008-09-06 04:30:02,16200,,,,0.0,9,,
682,sun,SimSenS,2008-09-06 05:00:02,18000,,,,0.0,10,,
683,sun,SimSenS,2008-09-06 05:30:02,19800,,,,0.0,11,,
684,sun,SimSenS,2008-09-06 06:00:02,21600,,,,0.0,12,,
685,sun,SimSenS,2008-09-06 06:30:02,23400,,,,0.13052619221957926,13,,
686,sun,SimSenS,2008-09-06 07:00:02,25200,,,,0.25881904510298015,14,,
687,sun,SimSenS,2008-09-06 07:30:02,27000,,,,0.38268343236509,15,,
688,sun,SimSenS,2008-09-06 08:00:02,28800,,,,0.4999999999995878,16,,
689,sun,SimSenS,2008-09-06 08:30:02,30600,,,,0.6087614290090982,17,,
690,sun,SimSenS,2008-09-06 09:00:02,32400,,,,0.7071067811865474,18,,
691,sun,SimSenS,2008-09-06 09:30:02,34200,,,,0.7933533402909452,19,,
692,sun,SimSenS,2008-09-06 10:00:02,36000,,,,0.8660254037846764,20,,
693,sun,SimSenS,2008-09-06 10:30:02,37800,,,,0.9238795325112865,21,,
694,sun,SimSenS,2008-09-06 11:00:02,39600,,,,0.9659258262889451,22,,
695,sun,SimSenS,2008-09-06 11:30:02,41400,,,,0.9914448613738726,23,,
696,sun,SimSenS,2008-09-06 12:00:02,43200,,,,1.0,24,,
697,sun,SimSenS,2008-09-06 12:30:02,45000,,,,0.9914448613738726,25,,
698,sun,SimSenS,2008-09-06 13:00:02,46800,,,,0.9659258262889452,26,,
699,sun,SimSenS,2008-09-06 13:30:02,48600,,,,0.9238795325112867,27,,
700,sun,SimSenS,2008-09-06 14:00:02,50400,,,,0.8660254037846766,28,,
701,sun,SimSenS,2008-09-06 14:30:02,52200,,,,0.7933533402909454,29,,
702,sun,SimSenS,2008-09-06 15:00:02,54000,,,,0.7071067811865477,30,,
703,sun,SimSenS,2008-09-06 15:30:02,55800,,,,0.6087614290090987,31,,
704,sun,SimSenS,2008-09-06 16:00:02,57600,,,,0.4999999999995882,32,,
705,sun,SimSenS,2008-09-06 16:30:02,59400,,,,0.38268343236509045,33,,
706,sun,SimSenS,2008-09-06 17:00:02,61200,,,,0.2588190451029806,34,,
707,sun,SimSenS,2008-09-06 17:30:02,63000,,,,0.13052619221957976,35,,
708,sun,SimSenS,2008-09-06 18:00:02,64800,,,,3.061616997868383e-16,36,,
709,sun,SimSenS,2008-09-06 18:30:02,66600,,,,0.0,37,,
710,sun,SimSenS,2008-09-06 19:00:02,68400,,,,0.0,38,,
711,sun,SimSenS,2008-09-06 19:30:02,70200,,,,0.0,39,,
712,sun,SimSenS,2008-09-06 20:00:02,72000,,,,0.0,40,,
713,sun,SimSenS,2008-09-06 20:30:02,73800,,,,0.0,41,,
714,sun,SimSenS,2008-09-06 21:00:02,75600,,,,0.0,42,,
715,sun,SimSenS,2008-09-06 21:30:02,77400,,,,0.0,43,,
716,sun,SimSenS,2008-09-06 22:00:02,79200,,,,0.0,44,,
717,sun,SimSenS,2008-09-06 22:30:02,81000,,,,0.0,45,,
718,sun,SimSenS,2008-09-06 23:00:02,82800,,,,0.0,46,,
719,sun,SimSenS,2008-09-06 23:30:02,84600,,,,0.0,47,,
720,sun,SimSenS,2008-09-07 00:00:02,0,,,,0.0,0,,
