time (s), x (m), y (m), z (m), rho
0,300,-750,-1,2.6915e-116
6.6016,299.98,-749.79,-1.0016,3.1614e-116
13.203,299.93,-749.16,-1.0062,5.0835e-116
19.805,299.85,-748.14,-1.0136,1.1057e-115
26.406,299.73,-746.73,-1.0239,3.212e-115
33.008,299.57,-744.96,-1.0367,1.2301e-114
39.609,299.38,-742.84,-1.0519,6.1287e-114
46.211,299.14,-740.39,-1.0695,3.9183e-113
52.813,298.87,-737.62,-1.0893,3.1709e-112
59.414,298.56,-734.55,-1.111,3.2035e-111
66.016,298.2,-731.2,-1.1347,5.2253e-110
72.617,297.81,-727.57,-1.16,7.7795e-109
79.219,297.37,-723.7,-1.187,1.3813e-107
85.82,296.88,-719.59,-1.2154,2.885e-106
92.422,296.35,-715.27,-1.2451,6.9927e-105
99.024,295.78,-710.74,-1.2759,1.941e-103
105.63,295.16,-706.02,-1.3078,6.089e-102
112.23,294.48,-701.13,-1.3405,2.1308e-100
118.83,293.77,-696.09,-1.3739,8.2082e-99
125.43,293,-690.91,-1.4079,3.4345e-97
132.03,292.18,-685.61,-1.4424,1.5398e-95
138.63,291.3,-680.21,-1.4771,7.2968e-94
145.23,290.38,-674.72,-1.512,3.6048e-92
151.84,289.4,-669.15,-1.5468,1.8317e-90
158.44,288.36,-663.53,-1.5815,9.4485e-89
165.04,287.27,-657.86,-1.616,4.8862e-87
171.64,286.13,-652.18,-1.65,2.5034e-85
178.24,284.92,-646.48,-1.6834,1.2567e-83
184.84,283.66,-640.79,-1.716,6.5928e-82
191.45,282.34,-635.13,-1.7479,3.1288e-80
198.05,280.96,-629.51,-1.7786,1.4183e-78
204.65,279.51,-623.95,-1.8083,6.0874e-77
211.25,278.01,-618.46,-1.8366,2.4542e-75
217.85,276.44,-613.06,-1.8635,9.2269e-74
224.45,274.8,-607.76,-1.8888,3.2141e-72
231.06,273.1,-602.59,-1.9124,1.0313e-70
237.66,271.34,-597.56,-1.934,3.0318e-69
244.26,269.5,-592.68,-1.9537,8.1283e-68
250.86,267.6,-587.97,-1.9712,1.9788e-66
257.46,265.63,-583.45,-1.9863,4.357e-65
264.06,263.59,-579.14,-1.999,8.6459e-64
270.66,261.48,-575.04,-2.0091,1.5409e-62
277.27,259.3,-571.18,-2.0165,2.4587e-61
283.87,257.04,-567.57,-2.021,3.5011e-60
290.47,254.71,-564.23,-2.0224,4.4351e-59
297.07,252.31,-561.16,-2.0208,5.0243e-58
303.67,249.84,-558.13,-2.0182,6.6043e-57
310.27,247.3,-555.08,-2.015,7.3877e-56
316.88,244.71,-552.02,-2.0114,8.3168e-55
323.48,242.06,-548.95,-2.0073,9.4052e-54
330.08,239.36,-545.86,-2.0027,1.0665e-52
336.68,236.59,-542.75,-1.9977,1.2105e-51
343.28,233.78,-539.63,-1.9922,1.3728e-50
349.88,230.91,-536.5,-1.9863,1.5529e-49
356.49,227.99,-533.36,-1.98,1.7491e-48
363.09,225.02,-530.21,-1.9732,1.9585e-47
369.69,222,-527.04,-1.966,2.1765e-46
376.29,218.93,-523.87,-1.9585,2.3966e-45
382.89,215.82,-520.69,-1.9505,2.6108e-44
389.49,212.66,-517.5,-1.9421,2.8095e-43
396.09,209.46,-514.3,-1.9334,2.982e-42
402.7,206.22,-511.09,-1.9243,3.1173e-41
409.3,202.93,-507.88,-1.9148,3.2052e-40
415.9,199.61,-504.66,-1.9049,3.2369e-39
422.5,196.25,-501.44,-1.8948,3.3856e-38
429.1,192.86,-498.21,-1.8843,3.298e-37
435.7,189.43,-494.97,-1.8734,3.1466e-36
442.31,185.97,-491.74,-1.8623,2.9371e-35
448.91,182.47,-488.5,-1.8508,2.6794e-34
455.51,178.95,-485.26,-1.839,2.3863e-33
462.11,175.39,-482.02,-1.827,2.0728e-32
468.71,171.81,-478.78,-1.8146,1.7542e-31
475.31,168.21,-475.53,-1.802,1.445e-30
481.92,164.57,-472.29,-1.7891,1.1576e-29
488.52,160.92,-469.05,-1.776,9.0101e-29
495.12,157.24,-465.82,-1.7626,6.8073e-28
501.72,153.54,-462.58,-1.749,4.988e-27
508.32,149.83,-459.35,-1.7351,3.5417e-26
514.92,146.09,-456.12,-1.7211,2.4347e-25
521.52,142.34,-452.9,-1.7068,1.6192e-24
528.13,138.58,-449.68,-1.6923,1.0409e-23
534.73,134.8,-446.47,-1.6776,6.4627e-23
541.33,131.01,-443.27,-1.6627,4.9188e-22
547.93,127.21,-440.07,-1.6477,2.8299e-21
554.53,123.39,-436.88,-1.6325,1.5675e-20
561.13,119.58,-433.7,-1.6171,8.3538e-20
567.74,115.75,-430.53,-1.6015,4.2815e-19
574.34,111.92,-427.37,-1.5859,2.1093e-18
580.94,108.09,-424.22,-1.57,9.985e-18
587.54,104.25,-421.08,-1.5541,4.54e-17
594.14,100.42,-417.95,-1.5381,1.9821e-16
600.74,96.581,-414.84,-1.5219,8.3074e-16
607.34,92.747,-411.74,-1.5056,3.3419e-15
613.95,88.917,-408.65,-1.4893,1.2901e-14
620.55,85.092,-405.58,-1.4728,4.7793e-14
627.15,81.273,-402.52,-1.4563,1.6989e-13
633.75,77.462,-399.48,-1.4398,5.7952e-13
640.35,73.66,-396.45,-1.4231,1.897e-12
646.95,69.868,-393.45,-1.4065,5.9596e-12
653.56,66.089,-390.46,-1.3898,1.7972e-11
660.16,62.322,-387.49,-1.373,5.1584e-11
666.76,58.571,-384.54,-1.3563,1.4238e-10
673.36,54.836,-381.61,-1.3395,3.7765e-10
679.96,51.118,-378.7,-1.3227,9.6278e-10
686.56,47.419,-375.81,-1.3059,2.36e-09
693.17,43.741,-372.94,-1.2892,5.5639e-09
699.77,40.084,-370.1,-1.2724,1.2621e-08
706.37,36.451,-367.28,-1.2557,2.7557e-08
712.97,32.842,-364.48,-1.2391,5.7939e-08
719.57,29.26,-361.71,-1.2225,1.1736e-07
726.17,25.705,-358.96,-1.2059,2.2912e-07
732.77,22.178,-356.24,-1.1894,4.3138e-07
739.38,18.682,-353.55,-1.173,7.8364e-07
745.98,15.218,-350.88,-1.1567,1.3743e-06
752.58,11.787,-348.24,-1.1405,2.3284e-06
759.18,8.3901,-345.63,-1.1243,3.8131e-06
765.78,5.0293,-343.05,-1.1083,6.0403e-06
772.38,1.7058,-340.5,-1.0924,9.2617e-06
778.99,-1.579,-337.98,-1.0766,1.3756e-05
785.59,-4.8236,-335.49,-1.061,1.6206e-05
792.19,-8.0267,-333.04,-1.0455,2.2397e-05
798.79,-11.187,-330.61,-1.0301,3.0049e-05
805.39,-14.303,-328.22,-1.015,3.917e-05
811.99,-17.372,-325.86,-0.99997,4.9654e-05
818.6,-20.395,-323.54,-0.98514,6.1272e-05
825.2,-23.369,-321.25,-0.97051,7.3669e-05
831.8,-26.294,-319,-0.95607,8.6389e-05
838.4,-29.166,-316.79,-0.94184,9.8907e-05
845,-31.986,-314.61,-0.92783,0.00011067
851.6,-34.752,-312.47,-0.91404,0.00012116
858.2,-37.462,-310.37,-0.90048,0.00012992
864.81,-40.115,-308.31,-0.88716,0.00013659
871.41,-42.709,-306.29,-0.8741,0.00014096
878.01,-45.244,-304.31,-0.86129,0.00014296
884.61,-47.717,-302.37,-0.84875,0.00014264
891.21,-50.128,-300.47,-0.83649,0.00014017
897.81,-52.474,-298.62,-0.82451,0.00013583
904.42,-54.755,-296.8,-0.81283,7.6617e-05
911.02,-56.969,-295.04,-0.80145,7.1696e-05
917.62,-59.115,-293.31,-0.79038,6.6423e-05
924.22,-61.191,-291.63,-0.77963,6.1e-05
930.82,-63.195,-290,-0.76921,5.5596e-05
937.42,-65.127,-288.42,-0.75913,5.0346e-05
944.03,-66.986,-286.88,-0.74939,4.5354e-05
950.63,-68.769,-285.39,-0.74001,4.0689e-05
957.23,-70.475,-283.95,-0.731,3.6396e-05
963.83,-72.102,-282.55,-0.72236,3.2496e-05
970.43,-73.65,-281.21,-0.71409,2.8992e-05
977.03,-75.118,-279.92,-0.70622,2.5873e-05
983.63,-76.502,-278.68,-0.69875,2.3121e-05
990.24,-77.803,-277.49,-0.69168,2.071e-05
996.84,-79.019,-276.35,-0.68504,1.8612e-05
1003.4,-80.148,-275.27,-0.67881,1.6799e-05
1010,-81.189,-274.24,-0.67302,1.5242e-05
1016.6,-82.14,-273.26,-0.66768,1.3913e-05
1023.2,-83,-272.35,-0.66278,7.9723e-06
1029.8,-83.768,-271.48,-0.65835,7.4917e-06
1036.4,-84.443,-270.67,-0.65438,7.0877e-06
1043,-85.022,-269.92,-0.65089,6.7514e-06
1049.7,-85.505,-269.23,-0.64789,6.4749e-06
1056.3,-85.895,-268.6,-0.64535,6.2493e-06
1062.9,-86.261,-267.97,-0.64294,6.0464e-06
1069.5,-86.624,-267.35,-0.64054,5.8588e-06
1076.1,-86.985,-266.74,-0.63814,5.6869e-06
1082.7,-87.343,-266.12,-0.63576,5.5314e-06
1089.3,-87.699,-265.51,-0.63338,5.3927e-06
1095.9,-88.052,-264.89,-0.63101,5.2713e-06
1102.5,-88.403,-264.28,-0.62865,5.1679e-06
1109.1,-88.751,-263.67,-0.62631,5.083e-06
1115.7,-89.098,-263.07,-0.62397,5.0172e-06
1122.3,-89.441,-262.46,-0.62163,4.9713e-06
1128.9,-89.782,-261.86,-0.61931,4.946e-06
1135.5,-90.121,-261.26,-0.617,4.9421e-06
1142.1,-90.457,-260.66,-0.6147,5.6412e-06
1148.7,-90.791,-260.06,-0.6124,5.688e-06
1155.3,-91.123,-259.47,-0.61011,5.7613e-06
1161.9,-91.452,-258.88,-0.60784,5.8621e-06
1168.5,-91.779,-258.28,-0.60557,5.9918e-06
1175.1,-92.103,-257.69,-0.60331,6.1514e-06
1181.7,-92.425,-257.11,-0.60106,6.3423e-06
1188.3,-92.745,-256.52,-0.59882,6.5657e-06
1194.9,-93.062,-255.94,-0.59659,6.8231e-06
1201.5,-93.377,-255.35,-0.59436,7.1159e-06
1208.1,-93.689,-254.77,-0.59215,7.4457e-06
1214.7,-93.999,-254.19,-0.58994,7.8141e-06
1221.3,-94.307,-253.62,-0.58775,8.2226e-06
1227.9,-94.612,-253.04,-0.58556,8.6731e-06
1234.5,-94.915,-252.47,-0.58338,9.1674e-06
1241.1,-95.216,-251.9,-0.58121,9.7072e-06
1247.7,-95.514,-251.33,-0.57905,1.0295e-05
1254.3,-95.81,-250.76,-0.57689,1.0931e-05
1260.9,-96.104,-250.19,-0.57475,1.3859e-05
1267.5,-96.396,-249.63,-0.57261,1.4637e-05
1274.1,-96.685,-249.07,-0.57048,1.548e-05
1280.7,-96.971,-248.51,-0.56837,1.6389e-05
1287.3,-97.256,-247.95,-0.56626,1.7367e-05
1293.9,-97.538,-247.39,-0.56415,1.8416e-05
1300.5,-97.818,-246.84,-0.56206,1.9539e-05
1307.1,-98.096,-246.28,-0.55998,2.0739e-05
1313.7,-98.371,-245.73,-0.5579,2.2017e-05
1320.3,-98.644,-245.18,-0.55583,2.3377e-05
1326.9,-98.915,-244.63,-0.55377,2.4821e-05
1333.5,-99.183,-244.08,-0.55172,2.6352e-05
1340.1,-99.449,-243.54,-0.54968,2.7973e-05
1346.7,-99.713,-243,-0.54765,2.9686e-05
1353.3,-99.975,-242.46,-0.54562,3.1494e-05
1359.9,-100.23,-241.92,-0.5436,3.34e-05
1366.5,-100.49,-241.38,-0.54159,3.5407e-05
1373.1,-100.75,-240.84,-0.53959,3.7518e-05
1379.7,-101,-240.31,-0.5376,3.9735e-05
1386.3,-101.25,-239.77,-0.53562,4.7286e-05
1392.9,-101.5,-239.24,-0.53364,4.9932e-05
1399.5,-101.74,-238.71,-0.53168,5.2703e-05
1406.1,-101.99,-238.19,-0.52972,5.5604e-05
1412.7,-102.23,-237.66,-0.52777,5.8636e-05
1419.3,-102.47,-237.14,-0.52582,6.1803e-05
1425.9,-102.71,-236.61,-0.52389,6.5107e-05
1432.5,-102.94,-236.09,-0.52196,6.855e-05
1439.1,-103.18,-235.57,-0.52004,7.2135e-05
1445.7,-103.41,-235.06,-0.51813,7.5865e-05
1452.3,-103.63,-234.54,-0.51623,7.9741e-05
1458.9,-103.86,-234.03,-0.51434,8.3767e-05
1465.5,-104.09,-233.51,-0.51245,8.7943e-05
1472.2,-104.31,-233,-0.51057,9.2274e-05
1478.8,-104.53,-232.5,-0.5087,9.676e-05
1485.4,-104.75,-231.99,-0.50684,0.0001014
1492,-104.96,-231.48,-0.50499,0.0001062
1498.6,-105.18,-230.98,-0.50314,0.00011117
1505.2,-105.39,-230.48,-0.5013,0.00012823
1511.8,-105.6,-229.97,-0.49947,0.00013395
1518.4,-105.8,-229.47,-0.49765,0.00013985
1525,-106.01,-228.98,-0.49584,0.00014592
1531.6,-106.21,-228.48,-0.49403,0.00015217
1538.2,-106.41,-227.99,-0.49223,0.0001586
1544.8,-106.61,-227.49,-0.49044,0.00016521
1551.4,-106.81,-227,-0.48866,0.000172
1558,-107,-226.51,-0.48688,0.00017896
1564.6,-107.19,-226.03,-0.48512,0.00018611
1571.2,-107.39,-225.54,-0.48336,0.00019343
1577.8,-107.57,-225.05,-0.4816,0.00020094
1584.4,-107.76,-224.57,-0.47986,0.00020862
1591,-107.94,-224.09,-0.47812,0.00021648
1597.6,-108.13,-223.61,-0.47639,0.00022452
1604.2,-108.31,-223.13,-0.47467,0.00023273
1610.8,-108.48,-222.65,-0.47296,0.00024112
1617.4,-108.66,-222.18,-0.47125,0.00024968
1624,-108.84,-221.71,-0.46955,0.0002817
1630.6,-109.01,-221.23,-0.46786,0.00029123
1637.2,-109.18,-220.76,-0.46618,0.00030093
1643.8,-109.35,-220.29,-0.4645,0.0003108
1650.4,-109.51,-219.83,-0.46283,0.00032085
1657,-109.68,-219.36,-0.46117,0.00033106
1663.6,-109.84,-218.9,-0.45952,0.00034143
1670.2,-110,-218.43,-0.45787,0.00035197
1676.8,-110.16,-217.97,-0.45623,0.00036266
1683.4,-110.31,-217.51,-0.4546,0.00037351
1690,-110.47,-217.05,-0.45298,0.00038451
1696.6,-110.62,-216.6,-0.45136,0.00039566
1703.2,-110.77,-216.14,-0.44975,0.00040695
1709.8,-110.92,-215.69,-0.44815,0.00041839
1716.4,-111.06,-215.23,-0.44656,0.00042996
1723,-111.21,-214.78,-0.44497,0.00044167
1729.6,-111.35,-214.33,-0.44339,0.0004535
1736.2,-111.49,-213.89,-0.44182,0.00046547
1742.8,-111.63,-213.44,-0.44025,0.0005156
1749.4,-111.76,-213,-0.43869,0.00052848
1756,-111.9,-212.55,-0.43714,0.00054147
1762.6,-112.03,-212.11,-0.4356,0.00055457
1769.2,-112.16,-211.67,-0.43406,0.00056776
1775.8,-112.29,-211.23,-0.43253,0.00058105
1782.4,-112.42,-210.79,-0.43101,0.00059444
1789,-112.54,-210.36,-0.42949,0.0006079
1795.6,-112.66,-209.92,-0.42798,0.00062145
1802.2,-112.79,-209.49,-0.42648,0.00063508
1808.8,-112.91,-209.06,-0.42498,0.00064878
1815.4,-113.02,-208.63,-0.4235,0.00066254
1822,-113.14,-208.2,-0.42202,0.00067637
1828.6,-113.25,-207.77,-0.42054,0.00069025
1835.2,-113.36,-207.34,-0.41908,0.00070419
1841.8,-113.47,-206.92,-0.41762,0.00071818
1848.4,-113.58,-206.5,-0.41616,0.00073221
1855,-113.69,-206.08,-0.41472,0.00074627
1861.6,-113.79,-205.66,-0.41328,0.00081377
1868.2,-113.89,-205.24,-0.41184,0.00082847
1874.8,-114,-204.82,-0.41042,0.00084318
1881.4,-114.09,-204.4,-0.409,0.00085791
1888.1,-114.19,-203.99,-0.40759,0.00087264
1894.7,-114.29,-203.57,-0.40618,0.00088737
1901.3,-114.38,-203.16,-0.40478,0.00090209
1907.9,-114.47,-202.75,-0.40339,0.00091681
1914.5,-114.56,-202.34,-0.40201,0.00093152
1921.1,-114.65,-201.94,-0.40063,0.00094621
1927.7,-114.74,-201.53,-0.39926,0.00096089
1934.3,-114.82,-201.12,-0.39789,0.00097554
1940.9,-114.9,-200.72,-0.39653,0.00099017
1947.5,-114.98,-200.32,-0.39518,0.0010048
1954.1,-115.06,-199.92,-0.39384,0.0010193
1960.7,-115.14,-199.52,-0.3925,0.0010339
1967.3,-115.22,-199.12,-0.39116,0.0010483
1973.9,-115.29,-198.72,-0.38984,0.0010628
1980.5,-115.36,-198.33,-0.38852,0.0011435
1987.1,-115.43,-197.93,-0.38721,0.0011582
1993.7,-115.5,-197.54,-0.3859,0.0011728
2000.3,-115.57,-197.15,-0.3846,0.0011874
2006.9,-115.63,-196.76,-0.38331,0.0012019
2013.5,-115.7,-196.37,-0.38202,0.0012163
2020.1,-115.76,-195.98,-0.38074,0.0012306
2026.7,-115.82,-195.59,-0.37946,0.0012449
2033.3,-115.88,-195.21,-0.3782,0.0012591
2039.9,-115.93,-194.82,-0.37693,0.0012732
2046.5,-115.99,-194.44,-0.37568,0.0012872
2053.1,-116.04,-194.06,-0.37443,0.0013012
2059.7,-116.09,-193.68,-0.37319,0.0013151
2066.3,-116.14,-193.3,-0.37195,0.0013289
2072.9,-116.19,-192.92,-0.37072,0.0013426
2079.5,-116.24,-192.55,-0.36949,0.0013562
2086.1,-116.28,-192.17,-0.36828,0.0013698
2092.7,-116.33,-191.8,-0.36707,0.0013832
2099.3,-116.37,-191.43,-0.36586,0.0013966
2105.9,-116.41,-191.06,-0.36466,0.0014849
2112.5,-116.45,-190.69,-0.36347,0.0014982
2119.1,-116.48,-190.32,-0.36228,0.0015113
2125.7,-116.52,-189.95,-0.3611,0.0015244
2132.3,-116.55,-189.58,-0.35992,0.0015374
2138.9,-116.58,-189.22,-0.35875,0.0015503
2145.5,-116.61,-188.86,-0.35759,0.0015631
2152.1,-116.64,-188.49,-0.35643,0.0015758
2158.7,-116.67,-188.13,-0.35528,0.0015884
2165.3,-116.69,-187.77,-0.35413,0.0016009
2171.9,-116.72,-187.41,-0.353,0.0016133
2178.5,-116.74,-187.05,-0.35186,0.0016257
2185.1,-116.76,-186.7,-0.35073,0.0016379
2191.7,-116.78,-186.34,-0.34961,0.0016501
2198.3,-116.8,-185.99,-0.3485,0.0016622
2204.9,-116.81,-185.64,-0.34739,0.0016742
2211.5,-116.83,-185.28,-0.34628,0.0016861
2218.1,-116.84,-184.93,-0.34518,0.0016979
2224.7,-116.85,-184.58,-0.34409,0.0017886
2231.3,-116.86,-184.24,-0.343,0.0018001
2237.9,-116.87,-183.89,-0.34192,0.0018116
2244.5,-116.87,-183.54,-0.34084,0.0018229
2251.1,-116.88,-183.2,-0.33977,0.0018342
2257.7,-116.88,-182.86,-0.33871,0.0018454
2264.3,-116.89,-182.51,-0.33765,0.0018566
2270.9,-116.89,-182.17,-0.3366,0.0018677
2277.5,-116.88,-181.83,-0.33555,0.0018787
2284.1,-116.88,-181.49,-0.33451,0.0018896
2290.7,-116.88,-181.16,-0.33347,0.0019005
2297.3,-116.87,-180.82,-0.33244,0.0019113
2303.9,-116.87,-180.48,-0.33142,0.001922
2310.6,-116.86,-180.15,-0.3304,0.0019327
2317.2,-116.85,-179.82,-0.32938,0.0019434
2323.8,-116.84,-179.48,-0.32837,0.001954
2330.4,-116.82,-179.15,-0.32737,0.0019645
2337,-116.81,-178.82,-0.32637,0.001975
2343.6,-116.79,-178.49,-0.32538,0.0020651
2350.2,-116.78,-178.17,-0.32439,0.0020752
2356.8,-116.76,-177.84,-0.32341,0.0020853
2363.4,-116.74,-177.51,-0.32243,0.0020953
2370,-116.71,-177.19,-0.32146,0.0021054
2376.6,-116.69,-176.87,-0.3205,0.0021153
2383.2,-116.67,-176.54,-0.31954,0.0021253
2389.8,-116.64,-176.22,-0.31858,0.0021352
2396.4,-116.61,-175.9,-0.31763,0.002145
2403,-116.58,-175.58,-0.31668,0.0021549
2409.6,-116.55,-175.26,-0.31575,0.0021647
2416.2,-116.52,-174.95,-0.31481,0.0021745
2422.8,-116.49,-174.63,-0.31388,0.0021843
2429.4,-116.46,-174.32,-0.31296,0.002194
2436,-116.42,-174,-0.31204,0.0022038
2442.6,-116.38,-173.69,-0.31112,0.0022135
2449.2,-116.34,-173.38,-0.31021,0.0022232
2455.8,-116.3,-173.07,-0.30931,0.0022329
2462.4,-116.26,-172.76,-0.30841,0.0023213
2469,-116.22,-172.45,-0.30752,0.0023307
2475.6,-116.18,-172.14,-0.30663,0.00234
2482.2,-116.13,-171.83,-0.30575,0.0023494
2488.8,-116.09,-171.53,-0.30487,0.0023587
2495.4,-116.04,-171.22,-0.30399,0.0023681
2502,-115.99,-170.92,-0.30312,0.0023774
2508.6,-115.94,-170.62,-0.30226,0.0023868
2515.2,-115.89,-170.31,-0.3014,0.0023961
2521.8,-115.83,-170.01,-0.30055,0.0024054
2528.4,-115.78,-169.71,-0.2997,0.0024148
2535,-115.72,-169.41,-0.29885,0.0024241
2541.6,-115.67,-169.12,-0.29801,0.0024335
2548.2,-115.61,-168.82,-0.29718,0.0024428
2554.8,-115.55,-168.52,-0.29635,0.0024522
2561.4,-115.49,-168.23,-0.29552,0.0024616
2568,-115.42,-167.93,-0.2947,0.0024709
2574.6,-115.36,-167.64,-0.29388,0.0024803
2581.2,-115.3,-167.35,-0.29307,0.0025647
2587.8,-115.23,-167.06,-0.29227,0.0025738
2594.4,-115.16,-166.77,-0.29146,0.0025828
2601,-115.09,-166.48,-0.29067,0.0025918
2607.6,-115.02,-166.19,-0.28987,0.0026009
2614.2,-114.95,-165.9,-0.28909,0.0026099
2620.8,-114.88,-165.62,-0.2883,0.002619
2627.4,-114.81,-165.33,-0.28752,0.002628
2634,-114.73,-165.05,-0.28675,0.0026371
2640.6,-114.66,-164.76,-0.28598,0.0026461
2647.2,-114.58,-164.48,-0.28521,0.0026552
2653.8,-114.5,-164.2,-0.28445,0.0026643
2660.4,-114.42,-163.92,-0.28369,0.0026733
2667,-114.34,-163.64,-0.28294,0.0026824
2673.6,-114.26,-163.36,-0.28219,0.0026915
2680.2,-114.17,-163.08,-0.28145,0.0027006
2686.8,-114.09,-162.8,-0.28071,0.0027096
2693.4,-114,-162.52,-0.27998,0.0027187
2700,-113.92,-162.25,-0.27924,0.0028042
2706.6,-113.83,-161.97,-0.27852,0.002813
2713.2,-113.74,-161.7,-0.2778,0.0028218
2719.8,-113.65,-161.43,-0.27708,0.0028306
2726.5,-113.56,-161.15,-0.27637,0.0028394
2733.1,-113.47,-160.88,-0.27566,0.0028482
2739.7,-113.37,-160.61,-0.27495,0.002857
2746.3,-113.28,-160.34,-0.27425,0.0028657
2752.9,-113.18,-160.07,-0.27355,0.0028745
2759.5,-113.09,-159.8,-0.27286,0.0028832
2766.1,-112.99,-159.54,-0.27217,0.0028919
2772.7,-112.89,-159.27,-0.27149,0.0029006
2779.3,-112.79,-159,-0.27081,0.0029093
2785.9,-112.69,-158.74,-0.27013,0.0029179
2792.5,-112.58,-158.47,-0.26946,0.0029265
2799.1,-112.48,-158.21,-0.26879,0.0029351
2805.7,-112.38,-157.95,-0.26813,0.0029436
2812.3,-112.27,-157.69,-0.26747,0.0029521
2818.9,-112.16,-157.43,-0.26681,0.0029606
2825.5,-112.05,-157.17,-0.26616,0.0030448
2832.1,-111.95,-156.91,-0.26551,0.003053
2838.7,-111.84,-156.65,-0.26487,0.0030612
2845.3,-111.72,-156.39,-0.26423,0.0030693
2851.9,-111.61,-156.13,-0.26359,0.0030774
2858.5,-111.5,-155.88,-0.26296,0.0030854
2865.1,-111.38,-155.62,-0.26233,0.0030933
2871.7,-111.27,-155.37,-0.2617,0.0031012
2878.3,-111.15,-155.11,-0.26108,0.0031091
2884.9,-111.04,-154.86,-0.26047,0.0031169
2891.5,-110.92,-154.61,-0.25985,0.0031246
2898.1,-110.8,-154.35,-0.25924,0.0031322
2904.7,-110.68,-154.1,-0.25864,0.0031398
2911.3,-110.56,-153.85,-0.25803,0.0031473
2917.9,-110.43,-153.6,-0.25743,0.0031547
2924.5,-110.31,-153.36,-0.25684,0.0031621
2931.1,-110.19,-153.11,-0.25625,0.0031694
2937.7,-110.06,-152.86,-0.25566,0.0031766
2944.3,-109.93,-152.61,-0.25507,0.0032191
2950.9,-109.81,-152.37,-0.25449,0.0032261
2957.5,-109.68,-152.12,-0.25392,0.003233
2964.1,-109.55,-151.88,-0.25334,0.0032399
2970.7,-109.42,-151.63,-0.25277,0.0032466
2977.3,-109.29,-151.39,-0.2522,0.0032532
2983.9,-109.16,-151.15,-0.25164,0.0032598
2990.5,-109.02,-150.91,-0.25108,0.0032662
2997.1,-108.89,-150.66,-0.25052,0.0032725
3003.7,-108.75,-150.42,-0.24997,0.0032788
3010.3,-108.62,-150.18,-0.24942,0.0032849
3016.9,-108.48,-149.95,-0.24888,0.0032909
3023.5,-108.34,-149.71,-0.24833,0.0032968
3030.1,-108.2,-149.47,-0.24779,0.0033026
3036.7,-108.06,-149.23,-0.24726,0.0033083
3043.3,-107.92,-149,-0.24672,0.0033138
3049.9,-107.78,-148.76,-0.24619,0.0033192
3056.5,-107.64,-148.52,-0.24567,0.0033245
3063.1,-107.5,-148.29,-0.24514,0.0034043
3069.7,-107.35,-148.06,-0.24462,0.0034092
3076.3,-107.21,-147.82,-0.24411,0.003414
3082.9,-107.06,-147.59,-0.24359,0.0034186
3089.5,-106.92,-147.36,-0.24308,0.0034231
3096.1,-106.77,-147.13,-0.24258,0.0034274
3102.7,-106.62,-146.9,-0.24207,0.0034316
3109.3,-106.47,-146.66,-0.24157,0.0034357
3115.9,-106.32,-146.44,-0.24107,0.0034396
3122.5,-106.17,-146.21,-0.24058,0.0034434
3129.1,-106.02,-145.98,-0.24008,0.003447
3135.7,-105.87,-145.75,-0.2396,0.0034505
3142.3,-105.71,-145.52,-0.23911,0.0034538
3149,-105.56,-145.3,-0.23863,0.0034569
3155.6,-105.41,-145.07,-0.23815,0.0034599
3162.2,-105.25,-144.84,-0.23767,0.0034627
3168.8,-105.09,-144.62,-0.23719,0.0034654
3175.4,-104.94,-144.39,-0.23672,0.0034679
3182,-104.78,-144.17,-0.23625,0.0035447
3188.6,-104.62,-143.95,-0.23579,0.0035467
3195.2,-104.46,-143.72,-0.23533,0.0035485
3201.8,-104.3,-143.5,-0.23487,0.0035502
3208.4,-104.14,-143.28,-0.23441,0.0035518
3215,-103.98,-143.06,-0.23395,0.0035531
3221.6,-103.81,-142.84,-0.2335,0.0035543
3228.2,-103.65,-142.62,-0.23305,0.0035553
3234.8,-103.49,-142.4,-0.23261,0.0035562
3241.4,-103.32,-142.18,-0.23216,0.0035568
3248,-103.16,-141.96,-0.23172,0.0035573
3254.6,-102.99,-141.74,-0.23128,0.0035576
3261.2,-102.82,-141.53,-0.23085,0.0035578
3267.8,-102.65,-141.31,-0.23042,0.0035577
3274.4,-102.49,-141.09,-0.22999,0.0035575
3281,-102.32,-140.88,-0.22956,0.0035571
3287.6,-102.15,-140.66,-0.22913,0.0035566
3294.2,-101.98,-140.45,-0.22871,0.0035558
3300.8,-101.81,-140.23,-0.22829,0.0036284
3307.4,-101.63,-140.02,-0.22787,0.0036272
3314,-101.46,-139.8,-0.22746,0.0036257
3320.6,-101.29,-139.59,-0.22704,0.0036241
3327.2,-101.11,-139.38,-0.22663,0.0036223
3333.8,-100.94,-139.17,-0.22623,0.0036203
3340.4,-100.76,-138.95,-0.22582,0.0036181
3347,-100.59,-138.74,-0.22542,0.0036158
3353.6,-100.41,-138.53,-0.22502,0.0036133
3360.2,-100.23,-138.32,-0.22462,0.0036106
3366.8,-100.06,-138.11,-0.22422,0.0036077
3373.4,-99.877,-137.9,-0.22383,0.0036047
3380,-99.698,-137.69,-0.22344,0.0036015
3386.6,-99.518,-137.48,-0.22305,0.0035981
3393.2,-99.338,-137.28,-0.22266,0.0035946
3399.8,-99.157,-137.07,-0.22227,0.0035908
3406.4,-98.975,-136.86,-0.22189,0.0035869
3413,-98.793,-136.65,-0.22151,0.0035829
3419.6,-98.61,-136.45,-0.22113,0.0035787
3426.2,-98.426,-136.24,-0.22076,0.0036463
3432.8,-98.242,-136.03,-0.22038,0.0036415
3439.4,-98.058,-135.83,-0.22001,0.0036366
3446,-97.873,-135.62,-0.21964,0.0036316
3452.6,-97.687,-135.42,-0.21927,0.0036263
3459.2,-97.501,-135.21,-0.21891,0.003621
3465.8,-97.314,-135.01,-0.21854,0.0036154
3472.4,-97.126,-134.81,-0.21818,0.0036097
3479,-96.938,-134.6,-0.21782,0.0036039
3485.6,-96.75,-134.4,-0.21746,0.0035979
3492.2,-96.561,-134.2,-0.21711,0.0035918
3498.8,-96.371,-134,-0.21675,0.0035855
3505.4,-96.181,-133.8,-0.2164,0.0035791
3512,-95.991,-133.59,-0.21605,0.0035725
3518.6,-95.799,-133.39,-0.2157,0.0035658
3525.2,-95.608,-133.19,-0.21535,0.0035589
3531.8,-95.416,-132.99,-0.21501,0.003552
3538.4,-95.223,-132.79,-0.21467,0.0035449
3545,-95.03,-132.59,-0.21433,0.0036228
3551.6,-94.836,-132.39,-0.21399,0.0036148
3558.2,-94.642,-132.19,-0.21365,0.0036068
3564.9,-94.447,-131.99,-0.21331,0.0035986
3571.5,-94.252,-131.8,-0.21298,0.0035903
3578.1,-94.057,-131.6,-0.21264,0.0035819
3584.7,-93.861,-131.4,-0.21231,0.0035734
3591.3,-93.664,-131.2,-0.21198,0.0035648
3597.9,-93.467,-131.01,-0.21166,0.0035561
3604.5,-93.27,-130.81,-0.21133,0.0035473
3611.1,-93.072,-130.61,-0.21101,0.0035384
3617.7,-92.874,-130.41,-0.21068,0.0035294
3624.3,-92.675,-130.22,-0.21036,0.0035203
3630.9,-92.476,-130.02,-0.21004,0.0035111
3637.5,-92.276,-129.83,-0.20972,0.0035018
3644.1,-92.076,-129.63,-0.20941,0.0034925
3650.7,-91.876,-129.44,-0.20909,0.003483
3657.3,-91.675,-129.24,-0.20878,0.0034735
3663.9,-91.474,-129.05,-0.20846,0.0035323
3670.5,-91.272,-128.85,-0.20815,0.0035224
3677.1,-91.07,-128.66,-0.20784,0.0035125
3683.7,-90.868,-128.46,-0.20753,0.0035024
3690.3,-90.665,-128.27,-0.20723,0.0034924
3696.9,-90.462,-128.08,-0.20692,0.0034822
3703.5,-90.259,-127.88,-0.20662,0.0034721
3710.1,-90.055,-127.69,-0.20631,0.0034618
3716.7,-89.851,-127.5,-0.20601,0.0034515
3723.3,-89.646,-127.31,-0.20571,0.0034412
3729.9,-89.441,-127.11,-0.20541,0.0034308
3736.5,-89.236,-126.92,-0.20511,0.0034204
3743.1,-89.03,-126.73,-0.20481,0.0034099
3749.7,-88.824,-126.54,-0.20452,0.0033994
3756.3,-88.618,-126.35,-0.20422,0.0033889
3762.9,-88.411,-126.15,-0.20393,0.0033783
3769.5,-88.205,-125.96,-0.20364,0.0033677
3776.1,-87.997,-125.77,-0.20335,0.0033571
3782.7,-87.79,-125.58,-0.20306,0.0034123
3789.3,-87.582,-125.39,-0.20277,0.0034014
3795.9,-87.374,-125.2,-0.20248,0.0033905
3802.5,-87.165,-125.01,-0.20219,0.0033796
3809.1,-86.957,-124.82,-0.2019,0.0033687
3815.7,-86.748,-124.63,-0.20162,0.0033577
3822.3,-86.539,-124.44,-0.20133,0.0033468
3828.9,-86.329,-124.25,-0.20105,0.0033358
3835.5,-86.119,-124.06,-0.20077,0.0033249
3842.1,-85.909,-123.87,-0.20048,0.003314
3848.7,-85.699,-123.68,-0.2002,0.003303
3855.3,-85.488,-123.49,-0.19992,0.0032921
3861.9,-85.278,-123.3,-0.19964,0.0032812
3868.5,-85.067,-123.11,-0.19937,0.0032703
3875.1,-84.855,-122.92,-0.19909,0.0032594
3881.7,-84.644,-122.74,-0.19881,0.0032485
3888.3,-84.432,-122.55,-0.19853,0.0032377
3894.9,-84.22,-122.36,-0.19826,0.0032268
3901.5,-84.008,-122.17,-0.19798,0.0032793
3908.1,-83.796,-121.98,-0.19771,0.0032683
3914.7,-83.583,-121.79,-0.19744,0.0032573
3921.3,-83.371,-121.6,-0.19716,0.0032464
3927.9,-83.158,-121.42,-0.19689,0.0032354
3934.5,-82.945,-121.23,-0.19662,0.0032246
3941.1,-82.731,-121.04,-0.19635,0.0032137
3947.7,-82.518,-120.85,-0.19608,0.003203
3954.3,-82.304,-120.66,-0.19581,0.0031922
3960.9,-82.09,-120.48,-0.19554,0.0031815
3967.5,-81.877,-120.29,-0.19527,0.0031708
3974.1,-81.662,-120.1,-0.195,0.0031602
3980.8,-81.448,-119.91,-0.19473,0.0031497
3987.4,-81.234,-119.73,-0.19446,0.0031392
3994,-81.019,-119.54,-0.1942,0.0031287
4000.6,-80.805,-119.35,-0.19393,0.0031183
4007.2,-80.59,-119.16,-0.19366,0.003108
4013.8,-80.375,-118.98,-0.1934,0.0030977
4020.4,-80.16,-118.79,-0.19313,0.003144
4027,-79.945,-118.6,-0.19287,0.0031336
4033.6,-79.729,-118.41,-0.1926,0.0031232
4040.2,-79.514,-118.22,-0.19234,0.003113
4046.8,-79.299,-118.04,-0.19207,0.0031027
4053.4,-79.083,-117.85,-0.19181,0.0030926
4060,-78.868,-117.66,-0.19154,0.0030825
4066.6,-78.652,-117.47,-0.19128,0.0030725
4073.2,-78.436,-117.29,-0.19102,0.0030625
4079.8,-78.22,-117.1,-0.19075,0.0030526
4086.4,-78.004,-116.91,-0.19049,0.0030428
4093,-77.788,-116.72,-0.19023,0.0030331
4099.6,-77.572,-116.54,-0.18996,0.0030234
4106.2,-77.356,-116.35,-0.1897,0.0030139
4112.8,-77.14,-116.16,-0.18944,0.0030044
4119.4,-76.924,-115.97,-0.18917,0.002995
4126,-76.708,-115.79,-0.18891,0.0029856
4132.6,-76.492,-115.6,-0.18865,0.0029764
4139.2,-76.276,-115.41,-0.18839,0.0029672
4145.8,-76.059,-115.22,-0.18812,0.003015
4152.4,-75.843,-115.03,-0.18786,0.0030057
4159,-75.627,-114.85,-0.1876,0.0029966
4165.6,-75.411,-114.66,-0.18733,0.0029875
4172.2,-75.194,-114.47,-0.18707,0.0029785
4178.8,-74.978,-114.28,-0.18681,0.0029696
4185.4,-74.762,-114.09,-0.18654,0.0029607
4192,-74.546,-113.9,-0.18628,0.002952
4198.6,-74.33,-113.71,-0.18602,0.0029433
4205.2,-74.114,-113.53,-0.18575,0.0029348
4211.8,-73.897,-113.34,-0.18549,0.0029263
4218.4,-73.681,-113.15,-0.18522,0.0029179
4225,-73.465,-112.96,-0.18496,0.0029096
4231.6,-73.249,-112.77,-0.18469,0.0029014
4238.2,-73.034,-112.58,-0.18443,0.0028933
4244.8,-72.818,-112.39,-0.18416,0.0028852
4251.4,-72.602,-112.2,-0.18389,0.0028773
4258,-72.386,-112.01,-0.18363,0.0028694
4264.6,-72.171,-111.82,-0.18336,0.002915
4271.2,-71.955,-111.63,-0.18309,0.002907
4277.8,-71.74,-111.44,-0.18283,0.0028992
4284.4,-71.524,-111.25,-0.18256,0.0028914
4291,-71.309,-111.06,-0.18229,0.0028837
4297.6,-71.094,-110.87,-0.18202,0.0028761
4304.2,-70.879,-110.68,-0.18175,0.0028687
4310.8,-70.664,-110.49,-0.18148,0.0028612
4317.4,-70.449,-110.3,-0.18121,0.0028539
4324,-70.235,-110.11,-0.18094,0.0028467
4330.6,-70.02,-109.91,-0.18066,0.0028396
4337.2,-69.806,-109.72,-0.18039,0.0028325
4343.8,-69.591,-109.53,-0.18012,0.0028255
4350.4,-69.377,-109.34,-0.17984,0.0028187
4357,-69.163,-109.15,-0.17957,0.0028119
4363.6,-68.95,-108.95,-0.17929,0.0028052
4370.2,-68.736,-108.76,-0.17902,0.0027986
4376.8,-68.523,-108.57,-0.17874,0.002792
4383.4,-68.309,-108.37,-0.17846,0.0028348
4390,-68.096,-108.18,-0.17819,0.0028281
4396.6,-67.883,-107.99,-0.17791,0.0028216
4403.3,-67.671,-107.79,-0.17763,0.0028151
4409.9,-67.458,-107.6,-0.17735,0.0028088
4416.5,-67.246,-107.41,-0.17706,0.0028025
4423.1,-67.034,-107.21,-0.17678,0.0027963
4429.7,-66.822,-107.02,-0.1765,0.0027901
4436.3,-66.61,-106.82,-0.17621,0.0027841
4442.9,-66.399,-106.63,-0.17593,0.0027781
4449.5,-66.187,-106.43,-0.17564,0.0027723
4456.1,-65.976,-106.23,-0.17536,0.0027665
4462.7,-65.765,-106.04,-0.17507,0.0027608
4469.3,-65.555,-105.84,-0.17478,0.0027551
4475.9,-65.345,-105.65,-0.17449,0.0027496
4482.5,-65.135,-105.45,-0.1742,0.0027441
4489.1,-64.925,-105.25,-0.17391,0.0027388
4495.7,-64.715,-105.05,-0.17361,0.0027335
4502.3,-64.506,-104.86,-0.17332,0.0027727
4508.9,-64.297,-104.66,-0.17302,0.0027672
4515.5,-64.088,-104.46,-0.17273,0.0027619
4522.1,-63.88,-104.26,-0.17243,0.0027566
4528.7,-63.672,-104.06,-0.17213,0.0027514
4535.3,-63.464,-103.86,-0.17183,0.0027463
4541.9,-63.257,-103.66,-0.17153,0.0027412
4548.5,-63.049,-103.46,-0.17122,0.0027362
4555.1,-62.843,-103.26,-0.17092,0.0027314
4561.7,-62.636,-103.06,-0.17061,0.0027265
4568.3,-62.43,-102.86,-0.17031,0.0027218
4574.9,-62.224,-102.66,-0.17,0.0027172
4581.5,-62.018,-102.46,-0.16969,0.0027126
4588.1,-61.813,-102.26,-0.16938,0.0027081
4594.7,-61.608,-102.05,-0.16907,0.0027036
4601.3,-61.403,-101.85,-0.16875,0.0026993
4607.9,-61.199,-101.65,-0.16844,0.002695
4614.5,-60.995,-101.45,-0.16812,0.0026908
4621.1,-60.792,-101.24,-0.1678,0.0027258
4627.7,-60.589,-101.04,-0.16748,0.0027215
4634.3,-60.386,-100.83,-0.16716,0.0027172
4640.9,-60.184,-100.63,-0.16684,0.002713
4647.5,-59.982,-100.42,-0.16652,0.0027089
4654.1,-59.78,-100.22,-0.16619,0.0027048
4660.7,-59.579,-100.01,-0.16586,0.0027008
4667.3,-59.378,-99.805,-0.16554,0.0026969
4673.9,-59.178,-99.598,-0.16521,0.0026931
4680.5,-58.978,-99.391,-0.16487,0.0026894
4687.1,-58.778,-99.183,-0.16454,0.0026857
4693.7,-58.579,-98.975,-0.1642,0.0026821
4700.3,-58.38,-98.767,-0.16387,0.0026786
4706.9,-58.182,-98.558,-0.16353,0.0026751
4713.5,-57.984,-98.348,-0.16319,0.0026718
4720.1,-57.787,-98.139,-0.16285,0.0026685
4726.7,-57.59,-97.928,-0.1625,0.0026653
4733.3,-57.393,-97.718,-0.16216,0.0026621
4739.9,-57.197,-97.507,-0.16181,0.0026591
4746.5,-57.002,-97.295,-0.16146,0.0026894
4753.1,-56.807,-97.083,-0.16111,0.0026862
4759.7,-56.612,-96.87,-0.16075,0.0026831
4766.3,-56.418,-96.657,-0.1604,0.0026801
4772.9,-56.224,-96.444,-0.16004,0.0026771
4779.5,-56.031,-96.23,-0.15968,0.0026742
4786.1,-55.839,-96.016,-0.15932,0.0026715
4792.7,-55.646,-95.801,-0.15896,0.0026687
4799.3,-55.455,-95.586,-0.15859,0.0026661
4805.9,-55.264,-95.37,-0.15823,0.0026636
4812.5,-55.073,-95.154,-0.15786,0.0026611
4819.2,-54.883,-94.937,-0.15748,0.0026588
4825.8,-54.693,-94.719,-0.15711,0.0026565
4832.4,-54.504,-94.502,-0.15674,0.0026543
4839,-54.316,-94.283,-0.15636,0.0026522
4845.6,-54.128,-94.064,-0.15598,0.0026502
4852.2,-53.94,-93.845,-0.1556,0.0026483
4858.8,-53.754,-93.625,-0.15521,0.0026464
4865.4,-53.567,-93.405,-0.15483,0.0026727
4872,-53.382,-93.184,-0.15444,0.0026708
4878.6,-53.196,-92.962,-0.15405,0.002669
4885.2,-53.012,-92.74,-0.15365,0.0026673
4891.8,-52.828,-92.518,-0.15326,0.0026657
4898.4,-52.644,-92.295,-0.15286,0.0026641
4905,-52.462,-92.071,-0.15246,0.0026627
4911.6,-52.279,-91.847,-0.15206,0.0026614
4918.2,-52.098,-91.622,-0.15165,0.0026602
4924.8,-51.917,-91.397,-0.15125,0.0026591
4931.4,-51.736,-91.171,-0.15084,0.0026581
4938,-51.556,-90.944,-0.15043,0.0026573
4944.6,-51.377,-90.717,-0.15001,0.0026565
4951.2,-51.199,-90.49,-0.14959,0.0026559
4957.8,-51.021,-90.261,-0.14918,0.0026553
4964.4,-50.844,-90.032,-0.14875,0.0026549
4971,-50.667,-89.803,-0.14833,0.0026546
4977.6,-50.491,-89.573,-0.1479,0.0026544
4984.2,-50.316,-89.342,-0.14747,0.0026815
4990.8,-50.141,-89.111,-0.14704,0.0026814
4997.4,-49.967,-88.879,-0.14661,0.0026815
5004,-49.794,-88.647,-0.14617,0.0026817
5010.6,-49.621,-88.414,-0.14573,0.0026821
5017.2,-49.449,-88.18,-0.14529,0.0026826
5023.8,-49.278,-87.946,-0.14484,0.0026832
5030.4,-49.107,-87.711,-0.14439,0.002684
5037,-48.937,-87.475,-0.14394,0.0026849
5043.6,-48.768,-87.239,-0.14349,0.002686
5050.2,-48.6,-87.002,-0.14303,0.0026873
5056.8,-48.432,-86.765,-0.14257,0.0026887
5063.4,-48.265,-86.526,-0.14211,0.0026902
5070,-48.099,-86.287,-0.14165,0.0026919
5076.6,-47.933,-86.048,-0.14118,0.0026938
5083.2,-47.768,-85.808,-0.14071,0.0026958
5089.8,-47.604,-85.567,-0.14024,0.002698
5096.4,-47.441,-85.325,-0.13976,0.0027004
5103,-47.278,-85.083,-0.13928,0.0027146
5109.6,-47.116,-84.84,-0.1388,0.0027169
5116.2,-46.955,-84.597,-0.13832,0.0027195
5122.8,-46.795,-84.352,-0.13783,0.0027222
5129.4,-46.635,-84.107,-0.13734,0.002725
5136,-46.476,-83.862,-0.13684,0.0027281
5142.6,-46.318,-83.615,-0.13635,0.0027314
5149.2,-46.161,-83.368,-0.13585,0.0027349
5155.8,-46.005,-83.12,-0.13534,0.0027385
5162.4,-45.849,-82.872,-0.13484,0.0027424
5169,-45.694,-82.623,-0.13433,0.0027465
5175.6,-45.54,-82.373,-0.13381,0.0027508
5182.2,-45.387,-82.122,-0.1333,0.0027553
5188.8,-45.235,-81.871,-0.13278,0.00276
5195.4,-45.083,-81.618,-0.13226,0.002765
5202,-44.932,-81.365,-0.13173,0.0027701
5208.6,-44.782,-81.112,-0.1312,0.0027755
5215.2,-44.633,-80.857,-0.13067,0.0027812
5221.8,-44.485,-80.602,-0.13014,0.0028046
5228.4,-44.338,-80.346,-0.1296,0.0028107
5235,-44.191,-80.09,-0.12906,0.002817
5241.7,-44.045,-79.832,-0.12851,0.0028235
5248.3,-43.901,-79.574,-0.12796,0.0028303
5254.9,-43.757,-79.315,-0.12741,0.0028374
5261.5,-43.614,-79.055,-0.12686,0.0028447
5268.1,-43.472,-78.794,-0.1263,0.0028523
5274.7,-43.33,-78.533,-0.12574,0.0028602
5281.3,-43.19,-78.271,-0.12517,0.0028683
5287.9,-43.05,-78.008,-0.1246,0.0028768
5294.5,-42.912,-77.744,-0.12403,0.0028855
5301.1,-42.774,-77.479,-0.12345,0.0028945
5307.7,-42.637,-77.214,-0.12287,0.0029038
5314.3,-42.502,-76.948,-0.12229,0.0029135
5320.9,-42.367,-76.681,-0.1217,0.0029234
5327.5,-42.233,-76.413,-0.12111,0.0029336
5334.1,-42.1,-76.144,-0.12052,0.0029442
5340.7,-41.967,-75.875,-0.11992,0.0029723
5347.3,-41.836,-75.604,-0.11932,0.0029835
5353.9,-41.706,-75.333,-0.11872,0.0029951
5360.5,-41.577,-75.061,-0.11811,0.003007
5367.1,-41.448,-74.788,-0.11749,0.0030192
5373.7,-41.321,-74.514,-0.11688,0.0030318
5380.3,-41.195,-74.24,-0.11626,0.0030448
5386.9,-41.069,-73.964,-0.11564,0.0030581
5393.5,-40.945,-73.688,-0.11501,0.0030718
5400.1,-40.822,-73.411,-0.11438,0.0030858
5406.7,-40.699,-73.132,-0.11374,0.0031003
5413.3,-40.578,-72.853,-0.1131,0.0031151
5419.9,-40.457,-72.574,-0.11246,0.0031302
5426.5,-40.338,-72.293,-0.11181,0.0031458
5433.1,-40.219,-72.011,-0.11116,0.0031618
5439.7,-40.102,-71.729,-0.11051,0.0031782
5446.3,-39.986,-71.445,-0.10985,0.0031949
5452.9,-39.87,-71.161,-0.10919,0.0032121
5459.5,-39.756,-70.876,-0.10852,0.0032297
5466.1,-39.643,-70.589,-0.10785,0.0032665
5472.7,-39.531,-70.302,-0.10718,0.0032851
5479.3,-39.419,-70.014,-0.1065,0.0033041
5485.9,-39.309,-69.725,-0.10581,0.0033235
5492.5,-39.2,-69.435,-0.10513,0.0033433
5499.1,-39.092,-69.145,-0.10444,0.0033636
5505.7,-38.985,-68.853,-0.10374,0.0033844
5512.3,-38.88,-68.56,-0.10304,0.0034056
5518.9,-38.775,-68.267,-0.10234,0.0034272
5525.5,-38.671,-67.972,-0.10163,0.0034493
5532.1,-38.568,-67.676,-0.10092,0.0034719
5538.7,-38.226,-67.378,-0.10049,0.0034748
5545.3,-37.491,-67.076,-0.10057,0.0034463
5551.9,-36.413,-66.773,-0.10117,0.0033934
5558.5,-35.044,-66.469,-0.10227,0.0033233
5565.1,-33.435,-66.166,-0.10389,0.0032431
5571.7,-31.637,-65.866,-0.10602,0.0031592
5578.3,-29.701,-65.571,-0.10865,0.0030769
5584.9,-27.677,-65.281,-0.1118,0.0029889
5591.5,-25.617,-64.999,-0.11547,0.0029231
5598.1,-23.572,-64.726,-0.11964,0.0028677
5604.7,-21.594,-64.464,-0.12433,0.0028231
5611.3,-19.732,-64.213,-0.12953,0.0027891
5617.9,-18.038,-63.976,-0.13524,0.002765
5624.5,-16.563,-63.754,-0.14147,0.0027496
5631.1,-15.358,-63.549,-0.1482,0.0027418
5637.7,-14.436,-63.362,-0.15555,0.0027397
5644.3,-13.666,-63.194,-0.16384,0.0027386
5650.9,-13.019,-63.043,-0.17302,0.0027376
5657.6,-12.483,-62.907,-0.18298,0.002736
5664.2,-12.045,-62.784,-0.19362,0.0027334
5670.8,-11.692,-62.674,-0.20482,0.0027297
5677.4,-11.412,-62.573,-0.21649,0.0027245
5684,-11.192,-62.481,-0.22852,0.0027179
5690.6,-11.019,-62.396,-0.2408,0.0027099
5697.2,-10.88,-62.315,-0.25322,0.0027005
5703.8,-10.764,-62.237,-0.26569,0.0027133
5710.4,-10.656,-62.161,-0.27808,0.0027016
5717,-10.544,-62.085,-0.29031,0.0026892
5723.6,-10.416,-62.006,-0.30225,0.0026767
5730.2,-10.259,-61.923,-0.31381,0.0026643
5736.8,-10.061,-61.835,-0.32488,0.0026526
5743.4,-9.8533,-61.746,-0.33531,0.0026419
5750,-9.6653,-61.66,-0.34511,0.0026318
5756.6,-9.4949,-61.577,-0.35443,0.0026221
5763.2,-9.3402,-61.497,-0.3634,0.0026127
5769.8,-9.1993,-61.418,-0.37216,0.0026032
5776.4,-9.0703,-61.341,-0.38085,0.0025936
5783,-8.9514,-61.266,-0.3896,0.0025834
5789.6,-8.8406,-61.192,-0.39855,0.0025725
5796.2,-8.7362,-61.118,-0.40783,0.0025605
5802.8,-8.6361,-61.046,-0.41757,0.0025472
5809.4,-8.5385,-60.973,-0.42793,0.0025322
5816,-8.4415,-60.9,-0.43902,0.0025153
5822.6,-8.3432,-60.826,-0.45099,0.0025154
5829.2,-8.2418,-60.752,-0.46397,0.0024935
5835.8,-8.1353,-60.676,-0.4781,0.0024689
5842.4,-8.0219,-60.599,-0.49352,0.0024412
5849,-7.9077,-60.521,-0.50869,0.0024142
5855.6,-7.7995,-60.445,-0.52227,0.0023909
5862.2,-7.6963,-60.371,-0.53468,0.0023703
5868.8,-7.5971,-60.297,-0.54634,0.0023516
5875.4,-7.5011,-60.224,-0.55766,0.0023337
5882,-7.407,-60.152,-0.56906,0.0023159
5888.6,-7.3141,-60.079,-0.58095,0.0022971
5895.2,-7.2213,-60.006,-0.59375,0.0022767
5901.8,-7.1276,-59.932,-0.60789,0.0022538
5908.4,-7.0321,-59.857,-0.62377,0.0022278
5915,-6.9337,-59.781,-0.64182,0.0021984
5921.6,-6.8315,-59.703,-0.66244,0.0021652
5928.2,-6.7245,-59.623,-0.68607,0.0021285
5934.8,-6.6117,-59.541,-0.7131,0.0020889
5941.4,-6.4922,-59.457,-0.74397,0.0020638
5948,-6.3649,-59.369,-0.77908,0.0020229
5954.6,-6.2289,-59.278,-0.81886,0.0019855
5961.2,-6.0831,-59.184,-0.86372,0.0019558
5967.8,-5.9293,-59.085,-0.91571,0.0019385
5974.4,-5.7734,-58.98,-0.97872,0.0019427
5981,-5.6146,-58.87,-1.0514,0.0019826
5987.6,-5.4518,-58.755,-1.1323,0.0020702
5994.2,-5.2839,-58.637,-1.2197,0.0022124
6000.8,-5.1097,-58.515,-1.3121,0.0024098
6007.4,-4.9279,-58.391,-1.408,0.0026564
6014,-4.7376,-58.265,-1.5056,0.0029403
6020.6,-4.5374,-58.138,-1.6035,0.0032448
6027.2,-4.3263,-58.012,-1.7001,0.00355
6033.8,-4.1031,-57.885,-1.7938,0.0038358
6040.4,-3.8667,-57.76,-1.883,0.0040846
6047,-3.6158,-57.637,-1.9662,0.0042842
6053.6,-3.3494,-57.517,-2.0417,0.0044302
6060.2,-3.0662,-57.401,-2.108,0.0045677
6066.8,-2.7652,-57.289,-2.1636,0.0046164
6073.4,-2.4516,-57.188,-2.2124,0.004637
6080.1,-2.1289,-57.099,-2.2574,0.0046367
6086.7,-1.797,-57.021,-2.2989,0.0046198
6093.3,-1.4559,-56.95,-2.3369,0.0045904
6099.9,-1.1054,-56.885,-2.3717,0.0045521
6106.5,-0.74542,-56.823,-2.4033,0.0045078
6113.1,-0.37597,-56.762,-2.4321,0.00446
6119.7,0.0030611,-56.699,-2.4582,0.0044106
6126.3,0.39175,-56.631,-2.4817,0.0043609
6132.9,0.79017,-56.557,-2.5028,0.004312
6139.5,1.1984,-56.474,-2.5218,0.0042647
6146.1,1.6165,-56.379,-2.5387,0.0042193
6152.7,2.0446,-56.27,-2.5537,0.0041761
6159.3,2.4827,-56.145,-2.5671,0.004135
6165.9,2.9309,-56,-2.579,0.004096
6172.5,3.3894,-55.835,-2.5896,0.0040588
6179.1,3.858,-55.646,-2.5989,0.0040231
6185.7,4.3371,-55.431,-2.6074,0.0039716
6192.3,4.8117,-55.221,-2.6167,0.0039323
6198.9,5.2696,-55.046,-2.6281,0.0038853
6205.5,5.715,-54.897,-2.6412,0.0038326
6212.1,6.1518,-54.768,-2.6553,0.0037757
6218.7,6.5839,-54.651,-2.6699,0.0037167
6225.3,7.0154,-54.538,-2.6842,0.0036572
6231.9,7.4502,-54.423,-2.6978,0.0035992
6238.5,7.8924,-54.297,-2.7099,0.0035445
6245.1,8.3458,-54.154,-2.7202,0.0034948
6251.7,8.8146,-53.986,-2.7278,0.0034518
6258.3,9.3027,-53.786,-2.7323,0.0034172
6264.9,9.8141,-53.545,-2.733,0.0033926
6271.5,10.353,-53.258,-2.7294,0.0033796
6278.1,10.923,-52.916,-2.7209,0.0033801
6284.7,11.528,-52.512,-2.7068,0.0033959
6291.3,12.172,-52.039,-2.6866,0.0034287
6297.9,12.86,-51.489,-2.6596,0.0034804
6304.5,13.595,-50.855,-2.6253,0.0035321
6311.1,14.381,-50.13,-2.5831,0.0036272
6317.7,15.223,-49.305,-2.5324,0.0037442
6324.3,16.123,-48.375,-2.4725,0.0038811
6330.9,17.126,-47.206,-2.391,0.0040652
6337.5,18.267,-45.683,-2.2765,0.0043018
6344.1,19.53,-43.863,-2.1344,0.0045393
6350.7,20.896,-41.801,-1.97,0.0047463
6357.3,22.348,-39.555,-1.7888,0.0049395
6363.9,23.868,-37.181,-1.596,0.005173
6370.5,25.439,-34.736,-1.397,0.0054943
6377.1,27.043,-32.275,-1.1972,0.0059265
6383.7,28.662,-29.856,-1.0019,0.0064978
6390.3,30.28,-27.535,-0.81648,0.0072382
6396.9,31.877,-25.369,-0.64627,0.0081039
6403.5,33.437,-23.414,-0.49664,0.0089386
6410.1,34.941,-21.727,-0.37294,0.0095664
6416.7,36.373,-20.364,-0.28052,0.0099186
6423.3,37.714,-19.382,-0.22474,0.010026
6429.9,38.949,-18.832,-0.21045,0.010042
6436.5,40.141,-18.455,-0.21272,0.010024
6443.1,41.336,-18.08,-0.21526,0.010001
6449.7,42.533,-17.708,-0.21807,0.009973
6456.3,43.731,-17.338,-0.22114,0.0099392
6462.9,44.932,-16.971,-0.22448,0.0098995
6469.5,46.134,-16.607,-0.22807,0.0098536
6476.1,47.339,-16.245,-0.23193,0.0098012
6482.7,48.545,-15.885,-0.23603,0.009742
6489.3,49.752,-15.528,-0.24039,0.0096759
6496,50.962,-15.173,-0.245,0.0096025
6502.6,52.173,-14.821,-0.24986,0.0095217
6509.2,53.386,-14.471,-0.25496,0.0094334
6515.8,54.6,-14.123,-0.2603,0.0093374
6522.4,55.817,-13.778,-0.26589,0.0092337
6529,57.034,-13.435,-0.27171,0.0091223
6535.6,58.254,-13.094,-0.27777,0.0090033
6542.2,59.475,-12.755,-0.28406,0.0088318
6548.8,60.697,-12.419,-0.29058,0.0086969
6555.4,61.921,-12.085,-0.29733,0.0085549
6562,63.147,-11.753,-0.30431,0.0084062
6568.6,64.373,-11.423,-0.3115,0.008251
6575.2,65.602,-11.096,-0.31892,0.0080898
6581.8,66.831,-10.77,-0.32656,0.0079231
6588.4,68.062,-10.447,-0.33442,0.0077513
6595,69.294,-10.125,-0.34248,0.007575
6601.6,70.528,-9.8061,-0.35076,0.0073947
6608.2,71.763,-9.4889,-0.35925,0.0072112
6614.8,72.999,-9.1737,-0.36795,0.0070249
6621.4,74.236,-8.8604,-0.37684,0.0068366
6628,75.475,-8.5491,-0.38594,0.0066468
6634.6,76.714,-8.2397,-0.39524,0.0064563
6641.2,77.955,-7.9323,-0.40474,0.0062657
6647.8,79.197,-7.6268,-0.41443,0.0060755
6654.4,80.44,-7.3231,-0.42431,0.0058865
6661,81.683,-7.0212,-0.43438,0.0056465
6667.6,82.928,-6.7212,-0.44464,0.0054619
6674.2,84.174,-6.423,-0.45508,0.00528
6680.8,85.421,-6.1266,-0.46571,0.0051015
6687.4,86.669,-5.8319,-0.47651,0.0049267
6694,87.918,-5.539,-0.48749,0.0047561
6700.6,89.167,-5.2477,-0.49865,0.00459
6707.2,90.418,-4.9582,-0.50998,0.0044287
6713.8,91.669,-4.6703,-0.52148,0.0042725
6720.4,92.921,-4.3841,-0.53315,0.0041216
6727,94.174,-4.0995,-0.54498,0.0039761
6733.6,95.427,-3.8165,-0.55698,0.0038361
6740.2,96.681,-3.5351,-0.56913,0.0037018
6746.8,97.936,-3.2552,-0.58145,0.0035732
6753.4,99.191,-2.9768,-0.59392,0.0034502
6760,100.45,-2.7,-0.60654,0.0033329
6766.6,101.7,-2.4246,-0.61931,0.0032211
6773.2,102.96,-2.1508,-0.63223,0.0031147
6779.8,104.22,-1.8783,-0.6453,0.0030136
6786.4,105.48,-1.6073,-0.65851,0.0028834
6793,106.74,-1.3376,-0.67187,0.0027936
6799.6,108,-1.0694,-0.68536,0.0027085
6806.2,109.26,-0.80247,-0.69898,0.0026278
6812.8,110.52,-0.53688,-0.71274,0.0025514
6819.4,111.78,-0.27261,-0.72664,0.0024789
6826,113.04,-0.0096096,-0.74066,0.0024101
6832.6,114.3,0.25213,-0.75481,0.0023446
6839.2,115.56,0.51263,-0.76908,0.0022822
6845.8,116.82,0.77191,-0.78347,0.0022226
6852.4,118.08,1.03,-0.79799,0.0021656
6859,119.34,1.2869,-0.81262,0.0021109
6865.6,120.61,1.5427,-0.82736,0.0020583
6872.2,121.87,1.7973,-0.84222,0.0020075
6878.8,123.13,2.0509,-0.85718,0.0019583
6885.4,124.39,2.3034,-0.87226,0.0019105
6892,125.65,2.5548,-0.88743,0.001864
6898.6,126.92,2.8052,-0.90271,0.0018187
6905.2,128.18,3.0545,-0.91809,0.0017645
6911.8,129.44,3.3029,-0.93357,0.0017222
6918.5,130.7,3.5503,-0.94915,0.0016807
6925.1,131.97,3.7968,-0.96481,0.0016401
6931.7,133.23,4.0423,-0.98057,0.0016002
6938.3,134.49,4.287,-0.99641,0.0015612
6944.9,135.75,4.5307,-1.0123,0.0015231
6951.5,137.01,4.7736,-1.0284,0.0014858
6958.1,138.28,5.0157,-1.0444,0.0014495
6964.7,139.54,5.257,-1.0606,0.0014143
6971.3,140.8,5.4975,-1.0769,0.0013801
6977.9,142.06,5.7372,-1.0932,0.0013471
6984.5,143.32,5.9762,-1.1096,0.0013154
6991.1,144.58,6.2145,-1.126,0.0012851
6997.7,145.84,6.452,-1.1426,0.0012561
7004.3,147.1,6.6889,-1.1591,0.0012286
7010.9,148.36,6.9252,-1.1758,0.0012025
7017.5,149.61,7.1608,-1.1925,0.001178
7024.1,150.87,7.3958,-1.2093,0.0011587
7030.7,152.13,7.6303,-1.2261,0.0011374
7037.3,153.38,7.8641,-1.243,0.0011175
7043.9,154.64,8.0975,-1.2599,0.0010989
7050.5,155.89,8.3303,-1.2769,0.0010816
7057.1,157.15,8.5626,-1.2939,0.0010653
7063.7,158.4,8.7945,-1.3109,0.0010501
7070.3,159.66,9.0259,-1.328,0.0010357
7076.9,160.91,9.2569,-1.3451,0.001022
7083.5,162.16,9.4874,-1.3623,0.0010089
7090.1,163.41,9.7176,-1.3795,0.00099611
7096.7,164.66,9.9475,-1.3967,0.00098355
7103.3,165.91,10.177,-1.414,0.00097103
7109.9,167.16,10.406,-1.4313,0.00095839
7116.5,168.41,10.635,-1.4486,0.00094546
7123.1,169.65,10.864,-1.4659,0.0009321
7129.7,170.9,11.092,-1.4832,0.00091818
7136.3,172.14,11.32,-1.5006,0.00090356
7142.9,173.39,11.548,-1.5179,0.00088769
7149.5,174.63,11.776,-1.5353,0.00087076
7156.1,175.87,12.004,-1.5527,0.00085288
7162.7,177.11,12.231,-1.5701,0.00083402
7169.3,178.35,12.459,-1.5875,0.00081417
7175.9,179.59,12.686,-1.6049,0.00079332
7182.5,180.82,12.913,-1.6223,0.00077151
7189.1,182.06,13.14,-1.6397,0.00074878
7195.7,183.29,13.368,-1.6571,0.00072518
7202.3,184.53,13.595,-1.6744,0.00070079
7208.9,185.76,13.822,-1.6918,0.00067571
7215.5,186.99,14.049,-1.7091,0.00065003
7222.1,188.22,14.277,-1.7265,0.00062385
7228.7,189.44,14.504,-1.7438,0.00059731
7235.3,190.67,14.732,-1.7611,0.00057051
7241.9,191.89,14.959,-1.7784,0.00054357
7248.5,193.12,15.187,-1.7956,0.00051664
7255.1,194.34,15.415,-1.8128,0.00048981
7261.7,195.56,15.644,-1.83,0.00045475
7268.3,196.78,15.872,-1.8471,0.00042858
7274.9,198,16.101,-1.8643,0.00040291
7281.5,199.21,16.33,-1.8813,0.00037782
7288.1,200.42,16.559,-1.8984,0.00035342
7294.7,201.64,16.789,-1.9154,0.00032976
7301.3,202.85,17.019,-1.9323,0.00030692
7307.9,204.06,17.249,-1.9492,0.00028496
7314.5,205.26,17.48,-1.9661,0.00026391
7321.1,206.47,17.711,-1.9829,0.00024381
7327.7,207.67,17.943,-1.9996,0.00022469
7334.4,208.87,18.175,-2.0163,0.00020657
7341,210.07,18.407,-2.0329,0.00018945
7347.6,211.27,18.64,-2.0495,0.00017333
7354.2,212.46,18.874,-2.066,0.0001582
7360.8,213.66,19.108,-2.0824,0.00014404
7367.4,214.85,19.342,-2.0988,0.00013085
7374,216.04,19.578,-2.1151,0.00011858
7380.6,217.23,19.813,-2.1313,0.00010403
7387.2,218.41,20.05,-2.1475,9.3824e-05
7393.8,219.6,20.287,-2.1635,8.4426e-05
7400.4,220.78,20.525,-2.1795,7.58e-05
7407,221.96,20.763,-2.1954,6.7903e-05
7413.6,223.14,21.003,-2.2112,6.0695e-05
7420.2,224.31,21.243,-2.2269,5.4132e-05
7426.8,225.48,21.483,-2.2426,4.8174e-05
7433.4,226.65,21.725,-2.2581,4.2779e-05
7440,227.82,21.967,-2.2736,3.7906e-05
7446.6,228.99,22.211,-2.2889,3.3516e-05
7453.2,230.15,22.455,-2.3041,2.9572e-05
7459.8,231.31,22.7,-2.3193,2.6036e-05
7466.4,232.47,22.946,-2.3343,2.2875e-05
7473,233.63,23.192,-2.3492,2.0056e-05
7479.6,234.78,23.44,-2.3641,1.7548e-05
7486.2,235.93,23.689,-2.3788,1.5322e-05
7492.8,237.08,23.939,-2.3933,1.335e-05
7499.4,238.23,24.189,-2.4078,1.1609e-05
7506,239.37,24.441,-2.4222,9.8479e-06
7512.6,240.51,24.694,-2.4364,8.5337e-06
7519.2,241.65,24.948,-2.4505,7.3802e-06
7525.8,242.79,25.203,-2.4645,6.3699e-06
7532.4,243.92,25.459,-2.4783,5.4871e-06
7539,245.05,25.717,-2.492,4.7174e-06
7545.6,246.18,25.975,-2.5056,4.0478e-06
7552.2,247.3,26.235,-2.519,3.4666e-06
7558.8,248.42,26.496,-2.5323,2.9631e-06
7565.4,249.54,26.758,-2.5455,2.5279e-06
7572,250.66,27.022,-2.5585,2.1526e-06
7578.6,251.77,27.286,-2.5714,1.8296e-06
7585.2,252.88,27.552,-2.5841,1.5521e-06
7591.8,253.99,27.82,-2.5967,1.3144e-06
7598.4,255.09,28.089,-2.6091,1.111e-06
7605,256.2,28.359,-2.6213,9.374e-07
7611.6,257.29,28.63,-2.6334,7.8953e-07
7618.2,258.39,28.903,-2.6454,6.6382e-07
7624.8,259.48,29.178,-2.6571,5.5296e-07
7631.4,260.57,29.454,-2.6687,4.6354e-07
7638,261.66,29.731,-2.6802,3.8792e-07
7644.6,262.74,30.01,-2.6914,3.241e-07
7651.2,263.82,30.29,-2.7025,2.7033e-07
7657.8,264.9,30.572,-2.7134,2.2512e-07
7664.4,265.97,30.856,-2.7242,1.8718e-07
7671,267.04,31.141,-2.7347,1.5539e-07
7677.6,268.11,31.428,-2.7451,1.288e-07
7684.2,269.17,31.716,-2.7553,1.0661e-07
7690.8,270.23,32.007,-2.7653,8.8113e-08
7697.4,271.29,32.298,-2.7751,7.2725e-08
7704,272.34,32.592,-2.7847,5.9944e-08
7710.6,273.39,32.887,-2.7942,4.9345e-08
7717.2,274.44,33.184,-2.8034,4.0571e-08
7723.8,275.48,33.483,-2.8124,3.3317e-08
7730.4,276.52,33.784,-2.8212,2.7329e-08
7737,277.55,34.086,-2.8298,2.2395e-08
7743.6,278.59,34.391,-2.8383,1.8397e-08
7750.2,279.61,34.697,-2.8465,1.5057e-08
7756.9,280.64,35.005,-2.8544,1.2314e-08
7763.5,281.66,35.315,-2.8622,1.0066e-08
7770.1,282.68,35.627,-2.8698,8.2245e-09
7776.7,283.69,35.941,-2.8771,6.7187e-09
7783.3,284.7,36.257,-2.8842,5.4885e-09
7789.9,285.71,36.575,-2.8911,4.4846e-09
7796.5,286.71,36.895,-2.8978,3.6662e-09
7803.1,287.71,37.217,-2.9042,2.9998e-09
7809.7,288.7,37.542,-2.9104,2.4576e-09
7816.3,289.69,37.868,-2.9164,2.0168e-09
7822.9,290.68,38.196,-2.9221,1.6588e-09
7829.5,291.66,38.527,-2.9276,1.3683e-09
7836.1,292.64,38.859,-2.9329,1.1327e-09
7842.7,293.62,39.194,-2.9379,9.4187e-10
7849.3,294.59,39.532,-2.9427,7.8739e-10
7855.9,295.55,39.871,-2.9472,6.6247e-10
7862.5,296.52,40.213,-2.9514,5.8962e-10
7869.1,297.48,40.556,-2.9555,5.0669e-10
7875.7,298.43,40.903,-2.9592,4.3959e-10
7882.3,299.38,41.251,-2.9627,3.8536e-10
7888.9,300.33,41.602,-2.9659,3.4159e-10
7895.5,301.27,41.955,-2.9689,3.0634e-10
7902.1,302.2,42.311,-2.9716,2.7805e-10
7908.7,303.14,42.669,-2.9741,2.5546e-10
7915.3,304.07,43.03,-2.9762,2.3756e-10
7921.9,304.99,43.393,-2.9781,2.2354e-10
7928.5,305.91,43.758,-2.9798,2.1276e-10
7935.1,306.83,44.126,-2.9811,2.0469e-10
7941.7,307.74,44.497,-2.9823,1.9882e-10
7948.3,308.66,44.87,-2.9834,1.9472e-10
7954.9,309.58,45.245,-2.9844,1.9217e-10
7961.5,310.5,45.623,-2.9853,1.9098e-10
7968.1,311.42,46.003,-2.9862,1.9101e-10
7974.7,312.35,46.386,-2.987,1.9214e-10
7981.3,313.28,46.771,-2.9877,1.9726e-10
7987.9,314.21,47.158,-2.9883,1.9774e-10
7994.5,315.14,47.548,-2.9889,1.9898e-10
8001.1,316.08,47.94,-2.9894,2.0094e-10
8007.7,317.01,48.335,-2.9898,2.036e-10
8014.3,317.95,48.732,-2.9901,2.0696e-10
8020.9,318.89,49.131,-2.9904,2.11e-10
8027.5,319.84,49.532,-2.9905,2.1575e-10
8034.1,320.78,49.936,-2.9906,2.212e-10
8040.7,321.73,50.341,-2.9907,2.2736e-10
8047.3,322.68,50.75,-2.9906,2.3426e-10
8053.9,323.63,51.16,-2.9905,2.419e-10
8060.5,324.58,51.572,-2.9903,2.5031e-10
8067.1,325.54,51.987,-2.9901,2.595e-10
8073.7,326.49,52.404,-2.9897,2.6948e-10
8080.3,327.45,52.823,-2.9893,2.8027e-10
8086.9,328.41,53.244,-2.9889,2.9189e-10
8093.5,329.37,53.667,-2.9883,3.0435e-10
8100.1,330.34,54.093,-2.9877,2.7375e-10
8106.7,331.3,54.52,-2.987,2.8378e-10
8113.3,332.27,54.949,-2.9862,2.9465e-10
8119.9,333.24,55.381,-2.9854,3.0636e-10
8126.5,334.21,55.815,-2.9845,3.1894e-10
8133.1,335.19,56.25,-2.9836,3.3241e-10
8139.7,336.16,56.688,-2.9825,3.4676e-10
8146.3,337.14,57.127,-2.9814,3.6202e-10
8152.9,338.11,57.569,-2.9803,3.7819e-10
8159.5,339.09,58.012,-2.979,3.9525e-10
8166.1,340.07,58.458,-2.9777,4.1321e-10
8172.8,341.06,58.905,-2.9764,4.3207e-10
8179.4,342.04,59.354,-2.9749,4.5179e-10
8186,343.03,59.806,-2.9734,4.7237e-10
8192.6,344.01,60.259,-2.9718,4.9378e-10
8199.2,345,60.714,-2.9702,5.1599e-10
8205.8,345.99,61.17,-2.9685,5.3897e-10
8212.4,346.98,61.629,-2.9668,5.6267e-10
8219,347.98,62.089,-2.9649,5.8704e-10
8225.6,348.97,62.551,-2.963,5.2983e-10
8232.2,349.97,63.015,-2.9611,5.5336e-10
8238.8,350.97,63.481,-2.9591,5.7769e-10
8245.4,351.96,63.949,-2.957,6.0278e-10
8252,352.96,64.418,-2.9549,6.2857e-10
8258.6,353.96,64.889,-2.9527,6.5501e-10
8265.2,354.97,65.361,-2.9504,6.8202e-10
8271.8,355.97,65.836,-2.9481,7.0955e-10
8278.4,356.97,66.311,-2.9457,7.375e-10
8285,357.98,66.789,-2.9432,7.658e-10
8291.6,358.99,67.268,-2.9407,7.9436e-10
8298.2,360,67.749,-2.9382,8.2309e-10
8304.8,361.01,68.232,-2.9356,8.5188e-10
8311.4,362.02,68.716,-2.9329,8.8063e-10
8318,363.03,69.201,-2.9301,9.0923e-10
8324.6,364.04,69.688,-2.9273,9.3758e-10
8331.2,365.05,70.177,-2.9245,9.6556e-10
8337.8,366.07,70.667,-2.9216,9.9306e-10
8344.4,367.09,71.159,-2.9186,9.6813e-10
8351,368.1,71.652,-2.9156,9.9824e-10
8357.6,369.12,72.147,-2.9125,1.028e-09
8364.2,370.14,72.643,-2.9093,1.0572e-09
8370.8,371.16,73.141,-2.9061,1.0857e-09
8377.4,372.18,73.64,-2.9029,1.1135e-09
8384,373.2,74.14,-2.8996,1.1404e-09
8390.6,374.22,74.642,-2.8962,1.1662e-09
8397.2,375.25,75.145,-2.8928,1.1909e-09
8403.8,376.27,75.65,-2.8893,1.2144e-09
8410.4,377.3,76.156,-2.8858,1.2364e-09
8417,378.32,76.663,-2.8822,1.2569e-09
8423.6,379.35,77.171,-2.8786,1.2757e-09
8430.2,380.37,77.681,-2.8749,1.2928e-09
8436.8,381.4,78.192,-2.8712,1.3081e-09
8443.4,382.43,78.705,-2.8674,1.3215e-09
8450,383.46,79.218,-2.8636,1.3329e-09
8456.6,384.49,79.733,-2.8597,1.3422e-09
8463.2,385.52,80.249,-2.8557,1.3751e-09
8469.8,386.55,80.767,-2.8518,1.388e-09
8476.4,387.58,81.285,-2.8477,1.3988e-09
8483,388.61,81.805,-2.8436,1.4074e-09
8489.6,389.65,82.325,-2.8395,1.4137e-09
8496.2,390.68,82.847,-2.8353,1.4178e-09
8502.8,391.71,83.37,-2.8311,1.4194e-09
8509.4,392.75,83.894,-2.8268,1.4187e-09
8516,393.78,84.42,-2.8225,1.4156e-09
8522.6,394.82,84.946,-2.8181,1.4102e-09
8529.2,395.85,85.473,-2.8137,1.4024e-09
8535.8,396.89,86.002,-2.8092,1.3922e-09
8542.4,397.92,86.531,-2.8047,1.3798e-09
8549,398.96,87.062,-2.8001,1.3652e-09
8555.6,400,87.593,-2.7955,1.3484e-09
8562.2,401.04,88.125,-2.7909,1.3295e-09
8568.8,402.07,88.659,-2.7862,1.3086e-09
8575.4,403.11,89.193,-2.7815,1.2859e-09
8582,404.15,89.728,-2.7767,1.375e-09
8588.6,405.19,90.264,-2.7718,1.3538e-09
8595.3,406.23,90.801,-2.767,1.3306e-09
8601.9,407.26,91.339,-2.7621,1.3056e-09
8608.5,408.3,91.878,-2.7571,1.2788e-09
8615.1,409.34,92.418,-2.7521,1.2504e-09
8621.7,410.38,92.958,-2.7471,1.2205e-09
8628.3,411.42,93.499,-2.742,1.1893e-09
8634.9,412.46,94.041,-2.7369,1.1569e-09
8641.5,413.5,94.584,-2.7317,1.1233e-09
8648.1,414.54,95.128,-2.7265,1.0889e-09
8654.7,415.58,95.672,-2.7213,1.0537e-09
8661.3,416.61,96.217,-2.716,1.0179e-09
8667.9,417.65,96.763,-2.7107,9.8164e-10
8674.5,418.69,97.309,-2.7053,9.4502e-10
8681.1,419.73,97.857,-2.6999,9.082e-10
8687.7,420.77,98.404,-2.6945,8.7133e-10
8694.3,421.81,98.953,-2.689,8.3453e-10
8700.9,422.85,99.502,-2.6835,9.2053e-10
8707.5,423.89,100.05,-2.6779,8.8353e-10
8714.1,424.92,100.6,-2.6723,8.4659e-10
8720.7,425.96,101.15,-2.6667,8.0984e-10
8727.3,427,101.7,-2.6611,7.734e-10
8733.9,428.04,102.26,-2.6554,7.3738e-10
8740.5,429.07,102.81,-2.6496,7.0189e-10
8747.1,430.11,103.36,-2.6439,6.6701e-10
8753.7,431.15,103.92,-2.6381,6.3284e-10
8760.3,432.18,104.47,-2.6322,5.9945e-10
8766.9,433.22,105.03,-2.6264,5.6691e-10
8773.5,434.26,105.58,-2.6205,5.3529e-10
8780.1,435.29,106.14,-2.6145,5.0464e-10
8786.7,436.33,106.69,-2.6086,4.75e-10
8793.3,437.36,107.25,-2.6026,4.4641e-10
8799.9,438.39,107.8,-2.5966,4.1889e-10
8806.5,439.43,108.36,-2.5905,3.9247e-10
8813.1,440.46,108.92,-2.5844,3.6716e-10
8819.7,441.49,109.48,-2.5783,3.4297e-10
8826.3,442.52,110.04,-2.5721,3.9622e-10
8832.9,443.55,110.59,-2.5659,3.7123e-10
8839.5,444.58,111.15,-2.5597,3.4732e-10
8846.1,445.61,111.71,-2.5535,3.2449e-10
8852.7,446.64,112.27,-2.5472,3.0274e-10
8859.3,447.67,112.83,-2.5409,2.8205e-10
8865.9,448.7,113.39,-2.5346,2.6241e-10
8872.5,449.73,113.95,-2.5282,2.4381e-10
8879.1,450.75,114.51,-2.5219,2.2622e-10
8885.7,451.78,115.07,-2.5154,2.0962e-10
8892.3,452.8,115.63,-2.509,1.9399e-10
8898.9,453.83,116.19,-2.5025,1.7928e-10
8905.5,454.85,116.75,-2.4961,1.6548e-10
8912.1,455.87,117.32,-2.4895,1.5254e-10
8918.7,456.9,117.88,-2.483,1.4044e-10
8925.3,457.92,118.44,-2.4764,1.2913e-10
8931.9,458.94,119,-2.4698,1.1859e-10
8938.5,459.95,119.56,-2.4632,1.0877e-10
8945.1,460.97,120.12,-2.4566,1.3825e-10
8951.7,461.99,120.68,-2.4499,1.2723e-10
8958.3,463.01,121.24,-2.4432,1.1693e-10
8964.9,464.02,121.81,-2.4365,1.0733e-10
8971.5,465.03,122.37,-2.4298,9.8399e-11
8978.1,466.05,122.93,-2.423,9.0095e-11
8984.7,467.06,123.49,-2.4163,8.2388e-11
8991.3,468.07,124.05,-2.4095,7.5246e-11
8997.9,469.08,124.61,-2.4027,6.8637e-11
9004.5,470.09,125.17,-2.3958,6.2531e-11
9011.2,471.09,125.73,-2.389,5.6897e-11
9017.8,472.1,126.3,-2.3821,5.1707e-11
9024.4,473.11,126.86,-2.3752,4.6931e-11
9031,474.11,127.42,-2.3683,4.2544e-11
9037.6,475.11,127.98,-2.3613,3.8518e-11
9044.2,476.11,128.54,-2.3544,3.483e-11
9050.8,477.11,129.1,-2.3474,3.1455e-11
9057.4,478.11,129.66,-2.3404,2.8372e-11
9064,479.11,130.22,-2.3334,4.4496e-11
9070.6,480.1,130.78,-2.3264,4.0089e-11
9077.2,481.1,131.33,-2.3194,3.6067e-11
9083.8,482.09,131.89,-2.3123,3.2403e-11
9090.4,483.08,132.45,-2.3052,2.907e-11
9097,484.07,133.01,-2.2982,2.6044e-11
9103.6,485.06,133.57,-2.291,2.33e-11
9110.2,486.05,134.12,-2.2839,2.0816e-11
9116.8,487.04,134.68,-2.2768,1.8571e-11
9123.4,488.02,135.24,-2.2697,1.6545e-11
9130,489,135.79,-2.2625,1.472e-11
9136.6,489.98,136.35,-2.2553,1.3079e-11
9143.2,490.96,136.9,-2.2481,1.1605e-11
9149.8,491.94,137.46,-2.2409,1.0282e-11
9156.4,492.92,138.01,-2.2337,9.0984e-12
9163,493.89,138.57,-2.2265,8.0399e-12
9169.6,494.87,139.12,-2.2193,7.0948e-12
9176.2,495.84,139.67,-2.212,6.2525e-12
9182.8,496.81,140.23,-2.2048,1.3244e-11
9189.4,497.77,140.78,-2.1975,1.1582e-11
9196,498.74,141.33,-2.1902,1.0113e-11
9202.6,499.7,141.88,-2.183,8.8173e-12
9209.2,500.67,142.43,-2.1757,7.6764e-12
9215.8,501.63,142.98,-2.1684,6.6734e-12
9222.4,502.59,143.53,-2.161,5.7932e-12
9229,503.54,144.08,-2.1537,5.022e-12
9235.6,504.5,144.62,-2.1464,4.3474e-12
9242.2,505.45,145.17,-2.1391,3.7583e-12
9248.8,506.4,145.72,-2.1317,3.2446e-12
9255.4,507.35,146.26,-2.1244,2.7974e-12
9262,508.3,146.81,-2.117,2.4086e-12
9268.6,509.24,147.35,-2.1097,2.0712e-12
9275.2,510.19,147.89,-2.1023,1.7787e-12
9281.8,511.13,148.43,-2.0949,1.5256e-12
9288.4,512.07,148.98,-2.0875,1.3069e-12
9295,513.01,149.52,-2.0802,1.1181e-12
9301.6,513.94,150.06,-2.0728,3.0389e-12
9308.2,514.87,150.6,-2.0654,2.5794e-12
9314.8,515.8,151.13,-2.058,2.1861e-12
9321.4,516.73,151.67,-2.0506,1.8502e-12
9328,517.66,152.21,-2.0432,1.5636e-12
9334.6,518.58,152.74,-2.0358,1.3196e-12
9341.2,519.5,153.28,-2.0284,1.1122e-12
9347.8,520.42,153.81,-2.021,9.3608e-13
9354.4,521.34,154.34,-2.0136,7.8683e-13
9361,522.26,154.88,-2.0062,6.6053e-13
9367.6,523.17,155.41,-1.9988,5.538e-13
9374.2,524.08,155.94,-1.9913,4.6374e-13
9380.8,524.99,156.47,-1.9839,3.8785e-13
9387.4,525.89,156.99,-1.9765,3.24e-13
9394,526.8,157.52,-1.9691,2.7034e-13
9400.6,527.7,158.05,-1.9617,2.2531e-13
9407.2,528.6,158.57,-1.9543,1.8758e-13
9413.8,529.49,159.09,-1.9469,1.5599e-13
9420.4,530.39,159.62,-1.9395,4.9308e-13
9427,531.28,160.14,-1.9321,4.0875e-13
9433.7,532.16,160.66,-1.9247,3.3839e-13
9440.3,533.05,161.18,-1.9173,2.7978e-13
9446.9,533.93,161.69,-1.91,2.3103e-13
9453.5,534.81,162.21,-1.9026,1.9053e-13
9460.1,535.69,162.72,-1.8952,1.5694e-13
9466.7,536.57,163.24,-1.8878,1.2912e-13
9473.3,537.44,163.75,-1.8805,1.061e-13
9479.9,538.31,164.26,-1.8731,8.7088e-14
9486.5,539.18,164.77,-1.8657,7.1402e-14
9493.1,540.04,165.28,-1.8584,5.8478e-14
9499.7,540.9,165.79,-1.851,4.7842e-14
9506.3,541.76,166.3,-1.8437,3.9099e-14
9512.9,542.62,166.8,-1.8364,3.1922e-14
9519.5,543.47,167.3,-1.8291,2.6037e-14
9526.1,544.32,167.81,-1.8218,2.1216e-14
9532.7,545.17,168.31,-1.8145,1.7272e-14
9539.3,546.02,168.81,-1.8072,1.4048e-14
9545.9,546.86,169.31,-1.7999,4.8334e-14
9552.5,547.7,169.8,-1.7926,3.9387e-14
9559.1,548.53,170.3,-1.7853,3.2063e-14
9565.7,549.37,170.79,-1.7781,2.6074e-14
9572.3,550.2,171.28,-1.7708,2.1182e-14
9578.9,551.02,171.77,-1.7636,1.7192e-14
9585.5,551.85,172.26,-1.7564,1.394e-14
9592.1,552.67,172.75,-1.7492,1.1293e-14
9598.7,553.49,173.24,-1.742,9.1402e-15
9605.3,554.3,173.72,-1.7348,7.3915e-15
9611.9,555.11,174.2,-1.7276,5.9723e-15
9618.5,555.92,174.69,-1.7205,4.8217e-15
9625.1,556.73,175.17,-1.7133,3.8897e-15
9631.7,557.53,175.64,-1.7062,3.1354e-15
9638.3,558.33,176.12,-1.6991,2.5256e-15
9644.9,559.12,176.6,-1.692,2.0329e-15
9651.5,559.92,177.07,-1.6849,1.6352e-15
9658.1,560.71,177.54,-1.6778,1.3145e-15
9664.7,561.49,178.01,-1.6708,4.7131e-15
9671.3,562.27,178.48,-1.6637,3.8099e-15
9677.9,563.05,178.94,-1.6567,3.0776e-15
9684.5,563.83,179.41,-1.6497,2.4844e-15
9691.1,564.6,179.87,-1.6427,2.0043e-15
9697.7,565.37,180.33,-1.6357,1.6159e-15
9704.3,566.14,180.79,-1.6288,1.3021e-15
9710.9,566.9,181.25,-1.6219,1.0486e-15
9717.5,567.66,181.7,-1.6149,8.4398e-16
9724.1,568.42,182.16,-1.6081,6.7896e-16
9730.7,569.17,182.61,-1.6012,5.4593e-16
9737.3,569.92,183.06,-1.5943,4.3877e-16
9743.9,570.66,183.51,-1.5875,3.525e-16
9750.5,571.4,183.95,-1.5807,2.8307e-16
9757.1,572.14,184.4,-1.5739,2.2723e-16
9763.7,572.87,184.84,-1.5671,1.8234e-16
9770.3,573.6,185.28,-1.5604,1.4627e-16
9776.9,574.33,185.72,-1.5536,1.1731e-16
9783.5,575.05,186.15,-1.5469,4.2844e-16
9790.1,575.77,186.59,-1.5402,3.4615e-16
9796.7,576.49,187.02,-1.5336,2.796e-16
9803.3,577.2,187.45,-1.5269,2.2578e-16
9809.9,577.91,187.88,-1.5203,1.8228e-16
9816.5,578.61,188.31,-1.5137,1.4713e-16
9823.1,579.32,188.73,-1.5072,1.1874e-16
9829.7,580.01,189.15,-1.5006,9.5814e-17
9836.3,580.71,189.57,-1.4941,7.7305e-17
9842.9,581.39,189.99,-1.4876,6.2366e-17
9849.6,582.08,190.4,-1.4812,5.0311e-17
9856.2,582.76,190.82,-1.4747,4.0584e-17
9862.8,583.44,191.23,-1.4683,3.2738e-17
9869.4,584.11,191.64,-1.4619,2.6409e-17
9876,584.78,192.04,-1.4556,2.1305e-17
9882.6,585.45,192.45,-1.4493,1.7188e-17
9889.2,586.11,192.85,-1.443,1.3869e-17
9895.8,586.77,193.25,-1.4367,1.1191e-17
9902.4,587.42,193.65,-1.4305,4.1304e-17
9909,588.07,194.04,-1.4243,3.36e-17
9915.6,588.71,194.43,-1.4181,2.7338e-17
9922.2,589.36,194.83,-1.4119,2.2247e-17
9928.8,589.99,195.21,-1.4058,1.8108e-17
9935.4,590.62,195.6,-1.3997,1.4743e-17
9942,591.25,195.98,-1.3937,1.2006e-17
9948.6,591.88,196.36,-1.3876,9.7804e-18
9955.2,592.5,196.74,-1.3816,7.97e-18
9961.8,593.11,197.12,-1.3757,6.497e-18
9968.4,593.73,197.49,-1.3697,5.2983e-18
9975,594.33,197.86,-1.3638,4.3225e-18
9981.6,594.94,198.23,-1.358,3.528e-18
9988.2,595.53,198.6,-1.3522,2.8809e-18
9994.8,596.13,198.96,-1.3464,2.3536e-18
10001,596.72,199.32,-1.3406,1.9239e-18
10008,597.3,199.68,-1.3349,1.5735e-18
10015,597.89,200.04,-1.3292,1.2876e-18
10021,598.46,200.39,-1.3235,4.8113e-18
10028,599.03,200.74,-1.3179,3.969e-18
10034,599.6,201.09,-1.3123,3.2762e-18
10041,600.16,201.44,-1.3068,2.706e-18
10048,600.72,201.78,-1.3013,2.2366e-18
10054,601.28,202.12,-1.2958,1.8499e-18
10061,601.83,202.46,-1.2904,1.5312e-18
10067,602.37,202.79,-1.285,1.2683e-18
10074,602.91,203.13,-1.2796,1.0514e-18
10081,603.45,203.46,-1.2743,8.7228e-19
10087,603.98,203.78,-1.269,7.2428e-19
10094,604.5,204.11,-1.2638,6.0192e-19
10100,605.03,204.43,-1.2586,5.0067e-19
10107,605.54,204.75,-1.2534,4.1683e-19
10114,606.06,205.06,-1.2483,3.4736e-19
10120,606.56,205.38,-1.2432,2.8975e-19
10127,607.07,205.69,-1.2382,2.4194e-19
10133,607.56,205.99,-1.2332,2.0222e-19
10140,608.06,206.3,-1.2282,7.7052e-19
10147,608.54,206.6,-1.2233,6.4905e-19
10153,609.03,206.9,-1.2185,5.4731e-19
10160,609.51,207.19,-1.2136,4.6201e-19
10166,609.98,207.49,-1.2089,3.9045e-19
10173,610.45,207.78,-1.2041,3.3034e-19
10180,610.91,208.06,-1.1994,2.7981e-19
10186,611.37,208.35,-1.1948,2.3729e-19
10193,611.82,208.63,-1.1902,2.0148e-19
10199,612.27,208.91,-1.1856,1.7128e-19
10206,612.71,209.18,-1.1811,1.4579e-19
10213,613.15,209.45,-1.1766,1.2426e-19
10219,613.59,209.72,-1.1722,1.0605e-19
10226,614.01,209.99,-1.1679,9.0627e-20
10232,614.44,210.25,-1.1635,7.7554e-20
10239,614.85,210.51,-1.1593,6.646e-20
10246,615.27,210.77,-1.155,5.7034e-20
10252,615.67,211.02,-1.1509,4.9016e-20
10259,616.08,211.27,-1.1467,4.2187e-20
10265,616.47,211.52,-1.1426,1.6622e-19
10272,616.86,211.76,-1.1386,1.4412e-19
10279,617.25,212,-1.1346,1.2514e-19
10285,617.63,212.24,-1.1307,1.0883e-19
10292,618.01,212.47,-1.1268,9.4796e-20
10298,618.38,212.7,-1.123,8.2698e-20
10305,618.74,212.93,-1.1192,7.2259e-20
10312,619.1,213.16,-1.1155,6.324e-20
10318,619.46,213.38,-1.1118,5.5437e-20
10325,619.81,213.59,-1.1082,4.8679e-20
10331,620.15,213.81,-1.1046,4.2816e-20
10338,620.49,214.02,-1.1011,3.7724e-20
10345,620.82,214.23,-1.0976,3.3296e-20
10351,621.15,214.43,-1.0942,2.9439e-20
10358,621.47,214.63,-1.0908,2.6075e-20
10364,621.78,214.83,-1.0875,2.3138e-20
10371,622.09,215.02,-1.0843,2.0569e-20
10378,622.4,215.22,-1.0811,1.8319e-20
10384,622.7,215.4,-1.078,7.4581e-20
10391,622.99,215.59,-1.0749,6.6882e-20
10397,623.28,215.77,-1.0719,6.0089e-20
10404,623.56,215.94,-1.0689,5.4089e-20
10411,623.84,216.12,-1.066,4.878e-20
10417,624.11,216.29,-1.0631,4.4078e-20
10424,624.37,216.45,-1.0603,3.9906e-20
10430,624.63,216.61,-1.0576,3.62e-20
10437,624.88,216.77,-1.0549,3.2904e-20
10444,625.13,216.93,-1.0523,2.9969e-20
10450,625.37,217.08,-1.0497,2.735e-20
10457,625.61,217.23,-1.0472,2.5012e-20
10463,625.84,217.37,-1.0448,2.2921e-20
10470,626.06,217.51,-1.0424,2.1049e-20
10477,626.28,217.65,-1.0401,1.9371e-20
10483,626.49,217.78,-1.0378,1.7865e-20
10490,626.7,217.91,-1.0356,1.6511e-20
10497,626.9,218.04,-1.0335,1.5293e-20
10503,627.09,218.16,-1.0314,6.4522e-20
10510,627.28,218.28,-1.0294,6.014e-20
10516,627.46,218.39,-1.0275,5.6176e-20
10523,627.63,218.5,-1.0256,5.2589e-20
10530,627.8,218.61,-1.0238,4.9339e-20
10536,627.97,218.71,-1.022,4.6393e-20
10543,628.12,218.81,-1.0203,4.372e-20
10549,628.28,218.91,-1.0187,4.1294e-20
10556,628.42,219,-1.0171,3.9092e-20
10563,628.56,219.09,-1.0156,3.7091e-20
10569,628.69,219.17,-1.0142,3.5275e-20
10576,628.82,219.25,-1.0129,3.3624e-20
10582,628.94,219.33,-1.0116,3.2126e-20
10589,629.05,219.4,-1.0103,3.0767e-20
10596,629.16,219.47,-1.0092,2.9535e-20
10602,629.26,219.53,-1.0081,2.842e-20
10609,629.35,219.59,-1.007,2.7413e-20
10615,629.44,219.65,-1.0061,2.6505e-20
10622,629.52,219.7,-1.0052,1.1524e-19
10629,629.6,219.75,-1.0044,1.1204e-19
10635,629.67,219.79,-1.0036,1.0919e-19
10642,629.73,219.83,-1.0029,1.0667e-19
10648,629.79,219.87,-1.0023,1.0446e-19
10655,629.84,219.9,-1.0018,1.0254e-19
10662,629.88,219.92,-1.0013,1.0091e-19
10668,629.92,219.95,-1.0009,9.9539e-20
10675,629.95,219.97,-1.0006,9.8432e-20
10681,629.97,219.98,-1.0003,9.7578e-20
10688,629.99,219.99,-1.0001,9.6972e-20
10695,630,220,-1,9.6609e-20
10701,630,220,-1,9.6488e-20
